employee_id,week_start,regular_hours,overtime_hours
E0001,2025-10-06,40.00,0.00
E0002,2025-10-06,40.00,0.00
E0003,2025-10-06,40.00,0.00
E0004,2025-10-06,40.00,0.00
E0005,2025-10-06,40.00,0.00
E0006,2025-10-06,40.00,0.00
E0007,2025-10-06,40.00,0.00
E0008,2025-10-06,40.00,0.00
E0009,2025-10-06,32.00,0.00
E0010,2025-10-06,40.00,4.50
E0011,2025-10-06,40.00,0.00
E0012,2025-10-06,40.00,4.00
E0013,2025-10-06,40.00,0.00
E0014,2025-10-06,40.00,0.00
E0015,2025-10-06,40.00,0.00
E0016,2025-10-06,40.00,0.00
E0017,2025-10-06,24.00,0.00
E0018,2025-10-06,40.00,0.00
E0019,2025-10-06,40.00,0.00
E0020,2025-10-06,40.00,0.00
E0021,2025-10-06,24.00,0.00
E0022,2025-10-06,40.00,0.00
E0023,2025-10-06,40.00,0.00
E0024,2025-10-06,40.00,0.00
E0025,2025-10-06,40.00,0.00
E0026,2025-10-06,40.00,0.00
E0027,2025-10-06,40.00,0.00
E0028,2025-10-06,40.00,0.00
E0029,2025-10-06,24.00,0.00
E0030,2025-10-06,32.00,0.00
E0031,2025-10-06,40.00,0.00
E0032,2025-10-06,40.00,0.00
E0033,2025-10-06,40.00,0.00
E0034,2025-10-06,40.00,0.00
E0035,2025-10-06,40.00,0.00
E0036,2025-10-06,40.00,0.00
E0037,2025-10-06,40.00,0.00
E0038,2025-10-06,40.00,0.00
E0039,2025-10-06,40.00,0.00
E0040,2025-10-06,40.00,0.00
E0041,2025-10-06,32.00,0.00
E0042,2025-10-06,40.00,0.00
E0043,2025-10-06,24.00,0.00
E0044,2025-10-06,40.00,0.00
E0045,2025-10-06,32.00,0.00
E0046,2025-10-06,40.00,0.00
E0047,2025-10-06,40.00,0.00
E0048,2025-10-06,40.00,0.00
E0049,2025-10-06,40.00,0.00
E0050,2025-10-06,40.00,0.50
E0051,2025-10-06,40.00,0.00
E0052,2025-10-06,40.00,0.00
E0053,2025-10-06,40.00,0.00
E0054,2025-10-06,40.00,0.00
E0055,2025-10-06,40.00,0.00
E0056,2025-10-06,40.00,0.00
E0057,2025-10-06,40.00,0.00
E0058,2025-10-06,40.00,0.00
E0059,2025-10-06,40.00,0.00
E0060,2025-10-06,40.00,0.00
E0061,2025-10-06,40.00,2.75
E0062,2025-10-06,40.00,0.00
E0063,2025-10-06,40.00,0.00
E0064,2025-10-06,32.00,0.00
E0065,2025-10-06,40.00,0.00
E0066,2025-10-06,40.00,0.00
E0067,2025-10-06,40.00,0.00
E0068,2025-10-06,40.00,0.00
E0069,2025-10-06,32.00,0.00
E0070,2025-10-06,40.00,0.00
E0071,2025-10-06,40.00,0.00
E0072,2025-10-06,40.00,0.00
E0073,2025-10-06,40.00,0.00
E0074,2025-10-06,40.00,0.00
E0075,2025-10-06,40.00,0.00
E0076,2025-10-06,32.00,0.00
E0077,2025-10-06,40.00,0.00
E0078,2025-10-06,40.00,0.00
E0079,2025-10-06,40.00,1.75
E0080,2025-10-06,40.00,0.00
E0081,2025-10-06,32.00,0.00
E0082,2025-10-06,24.00,0.00
E0083,2025-10-06,40.00,0.00
E0084,2025-10-06,40.00,0.00
E0085,2025-10-06,40.00,1.25
E0086,2025-10-06,32.00,0.00
E0087,2025-10-06,24.00,0.00
E0088,2025-10-06,40.00,0.00
E0089,2025-10-06,40.00,0.00
E0090,2025-10-06,40.00,0.00
E0091,2025-10-06,40.00,0.00
E0092,2025-10-06,40.00,0.00
E0093,2025-10-06,24.00,0.00
E0094,2025-10-06,40.00,0.00
E0095,2025-10-06,40.00,0.00
E0096,2025-10-06,32.00,0.00
E0097,2025-10-06,40.00,0.00
E0098,2025-10-06,40.00,0.00
E0099,2025-10-06,40.00,0.00
E0100,2025-10-06,40.00,0.00
E0101,2025-10-06,40.00,0.00
E0102,2025-10-06,40.00,0.00
E0103,2025-10-06,40.00,0.00
E0104,2025-10-06,40.00,0.00
E0105,2025-10-06,40.00,0.00
E0106,2025-10-06,32.00,0.00
E0107,2025-10-06,40.00,1.50
E0108,2025-10-06,40.00,0.00
E0109,2025-10-06,40.00,0.00
E0110,2025-10-06,32.00,0.00
E0111,2025-10-06,40.00,3.75
E0112,2025-10-06,40.00,1.50
E0113,2025-10-06,40.00,2.50
E0114,2025-10-06,32.00,0.00
E0115,2025-10-06,24.00,6.00
E0116,2025-10-06,24.00,7.25
E0117,2025-10-06,32.00,0.00
E0118,2025-10-06,24.00,0.00
E0119,2025-10-06,40.00,4.25
E0120,2025-10-06,40.00,0.00
E0121,2025-10-06,40.00,3.50
E0122,2025-10-06,40.00,3.75
E0123,2025-10-06,40.00,8.25
E0124,2025-10-06,40.00,0.00
E0125,2025-10-06,40.00,2.75
E0126,2025-10-06,32.00,0.00
E0127,2025-10-06,40.00,0.00
E0128,2025-10-06,40.00,0.00
E0129,2025-10-06,40.00,5.50
E0130,2025-10-06,40.00,4.25
E0131,2025-10-06,40.00,2.75
E0132,2025-10-06,40.00,0.00
E0133,2025-10-06,32.00,0.00
E0134,2025-10-06,40.00,4.00
E0135,2025-10-06,40.00,2.00
E0136,2025-10-06,40.00,0.00
E0137,2025-10-06,32.00,0.00
E0138,2025-10-06,40.00,0.00
E0139,2025-10-06,32.00,0.00
E0140,2025-10-06,40.00,0.00
E0141,2025-10-06,24.00,0.00
E0142,2025-10-06,40.00,0.00
E0143,2025-10-06,40.00,0.00
E0144,2025-10-06,40.00,0.00
E0145,2025-10-06,40.00,0.00
E0146,2025-10-06,40.00,0.00
E0147,2025-10-06,32.00,0.00
E0148,2025-10-06,40.00,0.00
E0149,2025-10-06,40.00,0.00
E0150,2025-10-06,24.00,4.75
E0151,2025-10-06,40.00,2.25
E0152,2025-10-06,40.00,4.00
E0153,2025-10-06,40.00,0.00
E0154,2025-10-06,40.00,0.00
E0155,2025-10-06,40.00,0.00
E0156,2025-10-06,40.00,0.00
E0157,2025-10-06,40.00,0.00
E0158,2025-10-06,40.00,0.00
E0159,2025-10-06,40.00,7.50
E0160,2025-10-06,24.00,0.00
E0161,2025-10-06,40.00,1.25
E0162,2025-10-06,40.00,3.25
E0163,2025-10-06,40.00,1.25
E0164,2025-10-06,32.00,0.00
E0165,2025-10-06,40.00,1.50
E0166,2025-10-06,40.00,0.00
E0167,2025-10-06,32.00,0.00
E0168,2025-10-06,40.00,0.00
E0169,2025-10-06,40.00,6.50
E0170,2025-10-06,40.00,0.00
E0171,2025-10-06,40.00,7.75
E0172,2025-10-06,32.00,0.00
E0173,2025-10-06,40.00,2.25
E0174,2025-10-06,40.00,0.00
E0175,2025-10-06,40.00,9.50
E0176,2025-10-06,24.00,0.00
E0177,2025-10-06,24.00,0.00
E0178,2025-10-06,40.00,0.00
E0179,2025-10-06,40.00,2.75
E0180,2025-10-06,40.00,0.00
E0181,2025-10-06,40.00,0.00
E0182,2025-10-06,24.00,5.50
E0183,2025-10-06,40.00,6.00
E0184,2025-10-06,40.00,8.00
E0185,2025-10-06,40.00,9.50
E0186,2025-10-06,8.00,0.00
E0187,2025-10-06,40.00,0.00
E0188,2025-10-06,40.00,6.50
E0189,2025-10-06,40.00,0.00
E0190,2025-10-06,40.00,4.25
E0191,2025-10-06,40.00,0.00
E0192,2025-10-06,40.00,10.50
E0193,2025-10-06,40.00,0.00
E0194,2025-10-06,40.00,8.00
E0195,2025-10-06,40.00,0.00
E0196,2025-10-06,40.00,0.00
E0197,2025-10-06,32.00,0.00
E0198,2025-10-06,40.00,7.50
E0199,2025-10-06,40.00,4.50
E0200,2025-10-06,40.00,0.00
E0201,2025-10-06,40.00,7.75
E0202,2025-10-06,40.00,12.50
E0203,2025-10-06,40.00,7.25
E0204,2025-10-06,24.00,0.00
E0205,2025-10-06,40.00,2.50
E0206,2025-10-06,40.00,0.00
E0207,2025-10-06,40.00,7.25
E0208,2025-10-06,40.00,0.00
E0209,2025-10-06,40.00,7.00
E0210,2025-10-06,40.00,9.50
E0211,2025-10-06,40.00,0.00
E0212,2025-10-06,40.00,4.75
E0213,2025-10-06,40.00,5.50
E0214,2025-10-06,40.00,0.00
E0215,2025-10-06,40.00,6.50
E0216,2025-10-06,40.00,9.75
E0217,2025-10-06,40.00,5.50
E0218,2025-10-06,40.00,7.50
E0219,2025-10-06,24.00,0.00
E0220,2025-10-06,16.00,0.00
E0221,2025-10-06,40.00,7.25
E0222,2025-10-06,40.00,6.75
E0223,2025-10-06,40.00,9.00
E0224,2025-10-06,40.00,9.75
E0225,2025-10-06,40.00,0.00
E0226,2025-10-06,24.00,7.00
E0227,2025-10-06,16.00,0.00
E0228,2025-10-06,40.00,9.00
E0229,2025-10-06,40.00,0.00
E0230,2025-10-06,40.00,6.75
E0231,2025-10-06,40.00,6.25
E0232,2025-10-06,40.00,0.00
E0233,2025-10-06,40.00,4.50
E0234,2025-10-06,40.00,0.00
E0001,2025-10-13,40.00,2.50
E0002,2025-10-13,40.00,0.00
E0003,2025-10-13,40.00,0.00
E0004,2025-10-13,40.00,0.00
E0005,2025-10-13,24.00,0.00
E0006,2025-10-13,40.00,0.00
E0007,2025-10-13,40.00,0.00
E0008,2025-10-13,40.00,0.00
E0009,2025-10-13,24.00,0.00
E0010,2025-10-13,40.00,4.25
E0011,2025-10-13,40.00,4.50
E0012,2025-10-13,40.00,0.00
E0013,2025-10-13,40.00,0.00
E0014,2025-10-13,40.00,0.00
E0015,2025-10-13,40.00,1.75
E0016,2025-10-13,40.00,0.00
E0017,2025-10-13,40.00,0.00
E0018,2025-10-13,40.00,0.00
E0019,2025-10-13,40.00,0.00
E0020,2025-10-13,40.00,0.00
E0021,2025-10-13,40.00,0.00
E0022,2025-10-13,40.00,0.00
E0023,2025-10-13,40.00,0.00
E0024,2025-10-13,40.00,0.00
E0025,2025-10-13,40.00,0.00
E0026,2025-10-13,40.00,0.00
E0027,2025-10-13,40.00,0.00
E0028,2025-10-13,40.00,0.00
E0029,2025-10-13,40.00,2.75
E0030,2025-10-13,32.00,0.00
E0031,2025-10-13,40.00,0.00
E0032,2025-10-13,40.00,0.00
E0033,2025-10-13,40.00,0.00
E0034,2025-10-13,40.00,0.00
E0035,2025-10-13,40.00,0.00
E0036,2025-10-13,40.00,0.00
E0037,2025-10-13,40.00,0.00
E0038,2025-10-13,40.00,0.00
E0039,2025-10-13,40.00,0.00
E0040,2025-10-13,40.00,0.00
E0041,2025-10-13,40.00,0.00
E0042,2025-10-13,40.00,0.00
E0043,2025-10-13,40.00,0.00
E0044,2025-10-13,40.00,0.00
E0045,2025-10-13,40.00,0.00
E0046,2025-10-13,40.00,0.00
E0047,2025-10-13,40.00,0.00
E0048,2025-10-13,32.00,0.00
E0049,2025-10-13,40.00,0.00
E0050,2025-10-13,32.00,0.00
E0051,2025-10-13,32.00,0.00
E0052,2025-10-13,40.00,0.00
E0053,2025-10-13,40.00,0.00
E0054,2025-10-13,40.00,0.00
E0055,2025-10-13,40.00,0.00
E0056,2025-10-13,32.00,0.00
E0057,2025-10-13,40.00,0.00
E0058,2025-10-13,40.00,1.75
E0059,2025-10-13,40.00,0.00
E0060,2025-10-13,40.00,0.00
E0061,2025-10-13,40.00,0.00
E0062,2025-10-13,40.00,0.00
E0063,2025-10-13,40.00,0.00
E0064,2025-10-13,32.00,0.00
E0065,2025-10-13,40.00,0.00
E0066,2025-10-13,40.00,0.00
E0067,2025-10-13,40.00,0.00
E0068,2025-10-13,40.00,0.00
E0069,2025-10-13,40.00,0.00
E0070,2025-10-13,40.00,0.00
E0071,2025-10-13,40.00,0.00
E0072,2025-10-13,40.00,0.00
E0073,2025-10-13,40.00,0.00
E0074,2025-10-13,40.00,0.00
E0075,2025-10-13,40.00,0.00
E0076,2025-10-13,40.00,0.00
E0077,2025-10-13,40.00,0.00
E0078,2025-10-13,40.00,0.00
E0079,2025-10-13,40.00,2.00
E0080,2025-10-13,40.00,0.00
E0081,2025-10-13,40.00,0.00
E0082,2025-10-13,40.00,0.00
E0083,2025-10-13,40.00,0.00
E0084,2025-10-13,40.00,0.00
E0085,2025-10-13,40.00,1.25
E0086,2025-10-13,40.00,0.00
E0087,2025-10-13,40.00,0.00
E0088,2025-10-13,40.00,1.00
E0089,2025-10-13,24.00,0.00
E0090,2025-10-13,40.00,0.00
E0091,2025-10-13,40.00,0.00
E0092,2025-10-13,40.00,0.00
E0093,2025-10-13,32.00,0.00
E0094,2025-10-13,40.00,0.00
E0095,2025-10-13,40.00,0.00
E0096,2025-10-13,40.00,0.00
E0097,2025-10-13,40.00,0.00
E0098,2025-10-13,40.00,0.00
E0099,2025-10-13,40.00,0.00
E0100,2025-10-13,40.00,0.00
E0101,2025-10-13,40.00,0.75
E0102,2025-10-13,40.00,0.00
E0103,2025-10-13,40.00,0.00
E0104,2025-10-13,40.00,0.00
E0105,2025-10-13,24.00,0.00
E0106,2025-10-13,40.00,0.00
E0107,2025-10-13,40.00,5.00
E0108,2025-10-13,40.00,0.00
E0109,2025-10-13,40.00,4.75
E0110,2025-10-13,32.00,0.00
E0111,2025-10-13,40.00,4.00
E0112,2025-10-13,32.00,0.00
E0113,2025-10-13,40.00,4.50
E0114,2025-10-13,40.00,0.00
E0115,2025-10-13,24.00,4.00
E0116,2025-10-13,24.00,0.00
E0117,2025-10-13,40.00,0.00
E0118,2025-10-13,24.00,1.75
E0119,2025-10-13,40.00,3.50
E0120,2025-10-13,40.00,3.00
E0121,2025-10-13,32.00,0.00
E0122,2025-10-13,40.00,0.00
E0123,2025-10-13,40.00,5.25
E0124,2025-10-13,40.00,0.00
E0125,2025-10-13,40.00,9.00
E0126,2025-10-13,40.00,6.00
E0127,2025-10-13,40.00,0.00
E0128,2025-10-13,40.00,4.75
E0129,2025-10-13,40.00,8.75
E0130,2025-10-13,40.00,0.00
E0131,2025-10-13,40.00,3.50
E0132,2025-10-13,24.00,0.00
E0133,2025-10-13,40.00,0.00
E0134,2025-10-13,40.00,3.50
E0135,2025-10-13,40.00,2.75
E0136,2025-10-13,40.00,0.00
E0137,2025-10-13,40.00,0.00
E0138,2025-10-13,40.00,0.00
E0139,2025-10-13,40.00,0.00
E0140,2025-10-13,40.00,0.00
E0141,2025-10-13,40.00,3.25
E0142,2025-10-13,40.00,4.00
E0143,2025-10-13,40.00,4.25
E0144,2025-10-13,32.00,0.00
E0145,2025-10-13,40.00,0.00
E0146,2025-10-13,32.00,0.00
E0147,2025-10-13,40.00,1.50
E0148,2025-10-13,40.00,0.00
E0149,2025-10-13,40.00,0.00
E0150,2025-10-13,24.00,3.00
E0151,2025-10-13,40.00,4.00
E0152,2025-10-13,40.00,0.00
E0153,2025-10-13,40.00,0.00
E0154,2025-10-13,40.00,0.00
E0155,2025-10-13,40.00,0.00
E0156,2025-10-13,40.00,0.00
E0157,2025-10-13,24.00,0.00
E0158,2025-10-13,40.00,5.75
E0159,2025-10-13,40.00,7.25
E0160,2025-10-13,40.00,8.25
E0161,2025-10-13,40.00,0.00
E0162,2025-10-13,40.00,7.50
E0163,2025-10-13,40.00,3.50
E0164,2025-10-13,40.00,7.75
E0165,2025-10-13,40.00,0.00
E0166,2025-10-13,40.00,0.00
E0167,2025-10-13,40.00,0.00
E0168,2025-10-13,40.00,0.00
E0169,2025-10-13,40.00,9.25
E0170,2025-10-13,40.00,8.25
E0171,2025-10-13,40.00,1.50
E0172,2025-10-13,40.00,0.00
E0173,2025-10-13,40.00,2.75
E0174,2025-10-13,40.00,13.00
E0175,2025-10-13,40.00,0.00
E0176,2025-10-13,24.00,0.00
E0177,2025-10-13,24.00,2.75
E0178,2025-10-13,40.00,0.00
E0179,2025-10-13,40.00,1.25
E0180,2025-10-13,40.00,3.25
E0181,2025-10-13,40.00,2.75
E0182,2025-10-13,24.00,11.00
E0183,2025-10-13,40.00,4.50
E0184,2025-10-13,40.00,6.25
E0185,2025-10-13,40.00,10.50
E0186,2025-10-13,24.00,0.00
E0187,2025-10-13,40.00,7.50
E0188,2025-10-13,40.00,3.00
E0189,2025-10-13,40.00,12.50
E0190,2025-10-13,40.00,3.75
E0191,2025-10-13,40.00,9.25
E0192,2025-10-13,40.00,0.00
E0193,2025-10-13,40.00,0.00
E0194,2025-10-13,40.00,10.75
E0195,2025-10-13,40.00,10.25
E0196,2025-10-13,40.00,9.00
E0197,2025-10-13,40.00,1.00
E0198,2025-10-13,40.00,0.00
E0199,2025-10-13,40.00,12.75
E0200,2025-10-13,40.00,0.00
E0201,2025-10-13,40.00,6.75
E0202,2025-10-13,40.00,0.00
E0203,2025-10-13,40.00,10.00
E0204,2025-10-13,24.00,5.50
E0205,2025-10-13,40.00,6.00
E0206,2025-10-13,40.00,0.00
E0207,2025-10-13,40.00,4.25
E0208,2025-10-13,40.00,0.00
E0209,2025-10-13,40.00,0.00
E0210,2025-10-13,40.00,6.25
E0211,2025-10-13,40.00,0.00
E0212,2025-10-13,40.00,7.25
E0213,2025-10-13,40.00,5.75
E0214,2025-10-13,40.00,0.00
E0215,2025-10-13,24.00,0.00
E0216,2025-10-13,40.00,5.25
E0218,2025-10-13,40.00,10.75
E0219,2025-10-13,24.00,0.00
E0220,2025-10-13,24.00,5.50
E0221,2025-10-13,24.00,0.00
E0222,2025-10-13,24.00,0.00
E0223,2025-10-13,40.00,0.00
E0224,2025-10-13,40.00,4.25
E0225,2025-10-13,40.00,0.00
E0226,2025-10-13,24.00,7.00
E0227,2025-10-13,24.00,0.00
E0228,2025-10-13,40.00,9.50
E0229,2025-10-13,24.00,0.00
E0230,2025-10-13,32.00,0.00
E0231,2025-10-13,40.00,0.00
E0232,2025-10-13,32.00,0.00
E0233,2025-10-13,40.00,0.00
E0234,2025-10-13,40.00,6.00
E0235,2025-10-13,40.00,9.25
E0236,2025-10-13,24.00,8.50
E0237,2025-10-13,40.00,8.75
E0238,2025-10-13,40.00,8.00
E0239,2025-10-13,40.00,8.75
E0240,2025-10-13,40.00,5.75
E0001,2025-10-20,40.00,0.00
E0002,2025-10-20,40.00,0.00
E0003,2025-10-20,24.00,0.00
E0004,2025-10-20,40.00,0.00
E0005,2025-10-20,40.00,0.00
E0006,2025-10-20,40.00,0.00
E0007,2025-10-20,40.00,0.00
E0008,2025-10-20,40.00,0.00
E0009,2025-10-20,32.00,0.00
E0010,2025-10-20,40.00,0.00
E0011,2025-10-20,24.00,0.00
E0012,2025-10-20,40.00,0.00
E0013,2025-10-20,40.00,0.00
E0014,2025-10-20,24.00,0.00
E0015,2025-10-20,40.00,1.50
E0016,2025-10-20,40.00,0.00
E0017,2025-10-20,32.00,0.00
E0018,2025-10-20,40.00,0.00
E0019,2025-10-20,40.00,0.00
E0020,2025-10-20,40.00,0.00
E0021,2025-10-20,40.00,0.00
E0022,2025-10-20,40.00,0.00
E0023,2025-10-20,40.00,0.00
E0024,2025-10-20,40.00,0.00
E0025,2025-10-20,24.00,0.00
E0026,2025-10-20,40.00,0.00
E0027,2025-10-20,40.00,0.00
E0028,2025-10-20,40.00,0.00
E0029,2025-10-20,32.00,0.00
E0030,2025-10-20,40.00,0.00
E0031,2025-10-20,40.00,0.00
E0032,2025-10-20,40.00,0.00
E0033,2025-10-20,40.00,0.00
E0034,2025-10-20,40.00,0.00
E0035,2025-10-20,40.00,0.00
E0036,2025-10-20,40.00,0.00
E0037,2025-10-20,40.00,0.00
E0038,2025-10-20,32.00,0.00
E0039,2025-10-20,40.00,0.00
E0040,2025-10-20,40.00,0.00
E0041,2025-10-20,40.00,0.00
E0042,2025-10-20,40.00,0.00
E0043,2025-10-20,40.00,0.00
E0044,2025-10-20,40.00,0.00
E0045,2025-10-20,40.00,0.00
E0046,2025-10-20,40.00,0.00
E0047,2025-10-20,40.00,0.00
E0048,2025-10-20,40.00,0.00
E0049,2025-10-20,24.00,0.00
E0050,2025-10-20,40.00,1.75
E0051,2025-10-20,24.00,0.00
E0052,2025-10-20,40.00,0.00
E0053,2025-10-20,32.00,0.00
E0054,2025-10-20,40.00,0.00
E0055,2025-10-20,40.00,0.00
E0056,2025-10-20,40.00,0.00
E0057,2025-10-20,40.00,0.00
E0058,2025-10-20,40.00,4.00
E0059,2025-10-20,40.00,0.00
E0060,2025-10-20,32.00,0.00
E0061,2025-10-20,40.00,0.00
E0062,2025-10-20,32.00,0.00
E0063,2025-10-20,40.00,0.00
E0064,2025-10-20,40.00,0.00
E0065,2025-10-20,32.00,0.00
E0066,2025-10-20,40.00,0.00
E0067,2025-10-20,40.00,0.00
E0068,2025-10-20,40.00,0.00
E0069,2025-10-20,40.00,0.00
E0070,2025-10-20,40.00,0.00
E0071,2025-10-20,40.00,0.00
E0072,2025-10-20,40.00,0.00
E0073,2025-10-20,40.00,0.00
E0074,2025-10-20,40.00,0.00
E0075,2025-10-20,40.00,0.00
E0076,2025-10-20,40.00,0.00
E0077,2025-10-20,40.00,0.00
E0078,2025-10-20,40.00,0.00
E0079,2025-10-20,40.00,0.00
E0080,2025-10-20,40.00,0.00
E0081,2025-10-20,40.00,0.00
E0082,2025-10-20,40.00,0.00
E0083,2025-10-20,40.00,0.00
E0084,2025-10-20,40.00,0.00
E0085,2025-10-20,40.00,1.75
E0086,2025-10-20,40.00,0.25
E0087,2025-10-20,40.00,0.50
E0088,2025-10-20,40.00,1.75
E0089,2025-10-20,40.00,1.25
E0090,2025-10-20,40.00,0.00
E0091,2025-10-20,40.00,0.00
E0092,2025-10-20,40.00,0.00
E0093,2025-10-20,40.00,0.00
E0094,2025-10-20,40.00,0.00
E0095,2025-10-20,40.00,0.00
E0096,2025-10-20,40.00,0.00
E0097,2025-10-20,40.00,0.00
E0098,2025-10-20,40.00,0.00
E0099,2025-10-20,40.00,0.00
E0100,2025-10-20,40.00,0.00
E0101,2025-10-20,32.00,0.00
E0102,2025-10-20,32.00,0.00
E0103,2025-10-20,40.00,0.00
E0104,2025-10-20,40.00,0.00
E0105,2025-10-20,40.00,0.00
E0106,2025-10-20,40.00,2.50
E0107,2025-10-20,40.00,2.75
E0108,2025-10-20,40.00,5.25
E0109,2025-10-20,40.00,3.75
E0110,2025-10-20,40.00,0.00
E0111,2025-10-20,40.00,3.75
E0112,2025-10-20,40.00,3.00
E0113,2025-10-20,40.00,0.00
E0114,2025-10-20,40.00,3.25
E0115,2025-10-20,24.00,4.00
E0116,2025-10-20,24.00,0.00
E0117,2025-10-20,40.00,0.00
E0118,2025-10-20,24.00,7.75
E0119,2025-10-20,32.00,0.00
E0120,2025-10-20,40.00,5.00
E0121,2025-10-20,40.00,7.00
E0122,2025-10-20,24.00,0.00
E0123,2025-10-20,40.00,0.00
E0124,2025-10-20,40.00,0.00
E0125,2025-10-20,40.00,0.00
E0126,2025-10-20,24.00,0.00
E0127,2025-10-20,40.00,0.00
E0128,2025-10-20,40.00,0.00
E0129,2025-10-20,40.00,5.00
E0130,2025-10-20,32.00,0.00
E0131,2025-10-20,40.00,0.00
E0132,2025-10-20,40.00,6.25
E0133,2025-10-20,40.00,2.25
E0134,2025-10-20,40.00,0.00
E0135,2025-10-20,40.00,2.75
E0136,2025-10-20,40.00,0.00
E0137,2025-10-20,40.00,0.00
E0138,2025-10-20,40.00,0.00
E0139,2025-10-20,32.00,0.00
E0140,2025-10-20,40.00,0.00
E0141,2025-10-20,40.00,4.00
E0142,2025-10-20,40.00,3.75
E0143,2025-10-20,40.00,3.50
E0144,2025-10-20,40.00,0.00
E0145,2025-10-20,40.00,0.00
E0146,2025-10-20,40.00,0.00
E0147,2025-10-20,40.00,3.00
E0148,2025-10-20,40.00,0.00
E0149,2025-10-20,32.00,0.00
E0150,2025-10-20,24.00,4.50
E0151,2025-10-20,40.00,2.75
E0152,2025-10-20,40.00,0.75
E0153,2025-10-20,40.00,0.00
E0154,2025-10-20,40.00,0.00
E0155,2025-10-20,40.00,0.00
E0156,2025-10-20,40.00,4.75
E0157,2025-10-20,40.00,0.00
E0158,2025-10-20,40.00,8.25
E0159,2025-10-20,40.00,6.00
E0160,2025-10-20,40.00,0.00
E0161,2025-10-20,40.00,4.25
E0162,2025-10-20,40.00,5.75
E0163,2025-10-20,40.00,0.00
E0164,2025-10-20,40.00,5.50
E0165,2025-10-20,40.00,0.00
E0166,2025-10-20,40.00,0.00
E0167,2025-10-20,40.00,0.00
E0168,2025-10-20,40.00,0.00
E0169,2025-10-20,40.00,0.00
E0170,2025-10-20,40.00,6.00
E0171,2025-10-20,40.00,0.00
E0172,2025-10-20,40.00,10.25
E0173,2025-10-20,40.00,0.00
E0174,2025-10-20,40.00,7.25
E0175,2025-10-20,40.00,0.00
E0176,2025-10-20,32.00,0.00
E0177,2025-10-20,24.00,7.00
E0178,2025-10-20,40.00,0.00
E0179,2025-10-20,40.00,0.00
E0180,2025-10-20,40.00,8.75
E0181,2025-10-20,32.00,0.00
E0182,2025-10-20,24.00,10.00
E0183,2025-10-20,32.00,0.00
E0184,2025-10-20,40.00,11.75
E0185,2025-10-20,40.00,9.75
E0186,2025-10-20,24.00,0.00
E0187,2025-10-20,40.00,2.50
E0188,2025-10-20,40.00,0.00
E0189,2025-10-20,40.00,9.50
E0190,2025-10-20,40.00,0.00
E0191,2025-10-20,40.00,6.25
E0192,2025-10-20,40.00,1.25
E0193,2025-10-20,40.00,0.00
E0194,2025-10-20,40.00,6.50
E0195,2025-10-20,32.00,0.00
E0196,2025-10-20,40.00,0.00
E0197,2025-10-20,24.00,0.00
E0198,2025-10-20,40.00,0.00
E0199,2025-10-20,40.00,3.50
E0200,2025-10-20,40.00,0.00
E0201,2025-10-20,40.00,11.25
E0202,2025-10-20,40.00,0.00
E0203,2025-10-20,40.00,11.25
E0204,2025-10-20,24.00,8.25
E0205,2025-10-20,40.00,0.00
E0206,2025-10-20,40.00,4.75
E0207,2025-10-20,40.00,9.25
E0208,2025-10-20,40.00,0.00
E0209,2025-10-20,40.00,6.25
E0210,2025-10-20,24.00,0.00
E0211,2025-10-20,40.00,8.00
E0212,2025-10-20,32.00,0.00
E0213,2025-10-20,40.00,1.75
E0214,2025-10-20,40.00,4.25
E0215,2025-10-20,40.00,6.75
E0216,2025-10-20,40.00,0.00
E0218,2025-10-20,40.00,0.00
E0219,2025-10-20,24.00,5.75
E0220,2025-10-20,24.00,0.00
E0221,2025-10-20,40.00,0.00
E0222,2025-10-20,40.00,0.00
E0223,2025-10-20,24.00,0.00
E0224,2025-10-20,40.00,6.25
E0225,2025-10-20,40.00,0.00
E0226,2025-10-20,24.00,8.00
E0227,2025-10-20,24.00,0.00
E0228,2025-10-20,40.00,4.50
E0229,2025-10-20,40.00,0.00
E0230,2025-10-20,40.00,11.50
E0231,2025-10-20,40.00,7.50
E0232,2025-10-20,40.00,0.00
E0233,2025-10-20,40.00,0.00
E0234,2025-10-20,32.00,0.00
E0235,2025-10-20,40.00,7.75
E0236,2025-10-20,24.00,0.00
E0237,2025-10-20,40.00,11.50
E0238,2025-10-20,40.00,6.50
E0239,2025-10-20,40.00,0.00
E0240,2025-10-20,40.00,8.25
E0249,2025-10-20,40.00,0.00
E0001,2025-10-27,40.00,3.50
E0002,2025-10-27,40.00,0.00
E0003,2025-10-27,40.00,0.00
E0004,2025-10-27,40.00,0.00
E0005,2025-10-27,40.00,0.00
E0006,2025-10-27,40.00,0.00
E0007,2025-10-27,40.00,0.00
E0008,2025-10-27,40.00,0.00
E0009,2025-10-27,40.00,0.00
E0010,2025-10-27,40.00,2.50
E0011,2025-10-27,40.00,3.50
E0012,2025-10-27,40.00,2.75
E0013,2025-10-27,40.00,0.00
E0014,2025-10-27,32.00,0.00
E0015,2025-10-27,40.00,3.50
E0016,2025-10-27,40.00,0.00
E0017,2025-10-27,32.00,0.00
E0018,2025-10-27,40.00,0.00
E0019,2025-10-27,24.00,0.00
E0020,2025-10-27,40.00,0.00
E0021,2025-10-27,32.00,0.00
E0022,2025-10-27,40.00,0.00
E0023,2025-10-27,32.00,0.00
E0024,2025-10-27,40.00,0.00
E0025,2025-10-27,40.00,0.00
E0026,2025-10-27,40.00,0.00
E0027,2025-10-27,40.00,0.00
E0028,2025-10-27,40.00,0.00
E0029,2025-10-27,40.00,0.00
E0030,2025-10-27,40.00,0.00
E0031,2025-10-27,40.00,0.00
E0032,2025-10-27,40.00,0.00
E0033,2025-10-27,40.00,0.00
E0034,2025-10-27,40.00,0.00
E0035,2025-10-27,40.00,0.00
E0036,2025-10-27,40.00,0.00
E0037,2025-10-27,40.00,0.00
E0038,2025-10-27,40.00,0.00
E0039,2025-10-27,40.00,0.00
E0040,2025-10-27,40.00,0.00
E0041,2025-10-27,40.00,0.00
E0042,2025-10-27,40.00,0.00
E0043,2025-10-27,32.00,0.00
E0044,2025-10-27,40.00,0.00
E0045,2025-10-27,40.00,0.00
E0046,2025-10-27,40.00,0.00
E0047,2025-10-27,40.00,0.00
E0048,2025-10-27,40.00,0.00
E0049,2025-10-27,40.00,0.00
E0050,2025-10-27,24.00,0.00
E0051,2025-10-27,40.00,0.00
E0052,2025-10-27,40.00,0.00
E0053,2025-10-27,40.00,0.00
E0054,2025-10-27,40.00,0.00
E0055,2025-10-27,40.00,0.00
E0056,2025-10-27,40.00,0.00
E0057,2025-10-27,40.00,0.00
E0058,2025-10-27,40.00,1.75
E0059,2025-10-27,40.00,0.00
E0060,2025-10-27,40.00,0.00
E0061,2025-10-27,40.00,0.00
E0062,2025-10-27,40.00,0.00
E0063,2025-10-27,40.00,0.00
E0064,2025-10-27,40.00,0.00
E0065,2025-10-27,40.00,0.00
E0066,2025-10-27,40.00,0.00
E0067,2025-10-27,40.00,0.00
E0068,2025-10-27,40.00,0.00
E0069,2025-10-27,40.00,0.00
E0070,2025-10-27,40.00,0.00
E0071,2025-10-27,32.00,0.00
E0072,2025-10-27,40.00,0.00
E0073,2025-10-27,40.00,0.00
E0074,2025-10-27,40.00,0.00
E0075,2025-10-27,40.00,0.00
E0076,2025-10-27,32.00,0.00
E0077,2025-10-27,40.00,0.00
E0078,2025-10-27,32.00,0.00
E0079,2025-10-27,40.00,2.00
E0080,2025-10-27,40.00,0.00
E0081,2025-10-27,40.00,0.00
E0082,2025-10-27,40.00,0.00
E0083,2025-10-27,40.00,0.00
E0084,2025-10-27,24.00,0.00
E0085,2025-10-27,40.00,0.00
E0086,2025-10-27,40.00,0.00
E0087,2025-10-27,40.00,1.25
E0088,2025-10-27,40.00,1.50
E0089,2025-10-27,40.00,2.00
E0090,2025-10-27,40.00,0.00
E0091,2025-10-27,32.00,0.00
E0092,2025-10-27,40.00,0.00
E0093,2025-10-27,40.00,0.00
E0094,2025-10-27,40.00,0.00
E0095,2025-10-27,32.00,0.00
E0096,2025-10-27,40.00,0.00
E0097,2025-10-27,40.00,0.00
E0098,2025-10-27,24.00,0.00
E0099,2025-10-27,40.00,0.00
E0100,2025-10-27,40.00,0.00
E0101,2025-10-27,40.00,2.25
E0102,2025-10-27,40.00,0.00
E0103,2025-10-27,40.00,0.00
E0104,2025-10-27,40.00,0.00
E0105,2025-10-27,40.00,0.00
E0106,2025-10-27,40.00,0.00
E0107,2025-10-27,40.00,4.75
E0108,2025-10-27,40.00,0.00
E0109,2025-10-27,40.00,5.00
E0110,2025-10-27,40.00,0.00
E0111,2025-10-27,40.00,5.00
E0112,2025-10-27,40.00,4.75
E0113,2025-10-27,40.00,0.00
E0114,2025-10-27,40.00,0.00
E0115,2025-10-27,24.00,0.00
E0116,2025-10-27,24.00,4.25
E0117,2025-10-27,40.00,8.50
E0118,2025-10-27,8.00,0.00
E0119,2025-10-27,40.00,1.75
E0120,2025-10-27,32.00,0.00
E0121,2025-10-27,40.00,0.00
E0122,2025-10-27,40.00,0.75
E0123,2025-10-27,40.00,3.25
E0124,2025-10-27,40.00,1.50
E0125,2025-10-27,40.00,0.00
E0126,2025-10-27,32.00,0.00
E0127,2025-10-27,40.00,0.00
E0128,2025-10-27,32.00,0.00
E0129,2025-10-27,40.00,6.00
E0130,2025-10-27,40.00,0.00
E0131,2025-10-27,40.00,0.00
E0132,2025-10-27,40.00,5.50
E0133,2025-10-27,40.00,0.00
E0134,2025-10-27,40.00,6.75
E0135,2025-10-27,40.00,4.00
E0136,2025-10-27,24.00,0.00
E0137,2025-10-27,40.00,0.00
E0138,2025-10-27,24.00,0.00
E0139,2025-10-27,40.00,0.00
E0140,2025-10-27,40.00,0.00
E0141,2025-10-27,40.00,2.25
E0142,2025-10-27,40.00,0.75
E0143,2025-10-27,40.00,0.00
E0144,2025-10-27,40.00,0.00
E0145,2025-10-27,40.00,0.00
E0146,2025-10-27,40.00,0.00
E0147,2025-10-27,40.00,1.00
E0148,2025-10-27,40.00,0.00
E0149,2025-10-27,40.00,0.00
E0150,2025-10-27,16.00,0.00
E0151,2025-10-27,40.00,2.25
E0152,2025-10-27,40.00,4.75
E0153,2025-10-27,40.00,0.00
E0154,2025-10-27,40.00,8.75
E0155,2025-10-27,40.00,0.00
E0156,2025-10-27,40.00,3.50
E0157,2025-10-27,40.00,0.00
E0158,2025-10-27,40.00,7.25
E0159,2025-10-27,40.00,4.00
E0160,2025-10-27,40.00,0.00
E0161,2025-10-27,40.00,0.00
E0162,2025-10-27,40.00,0.00
E0163,2025-10-27,40.00,1.50
E0164,2025-10-27,40.00,3.00
E0165,2025-10-27,40.00,8.00
E0166,2025-10-27,40.00,0.00
E0167,2025-10-27,40.00,0.00
E0168,2025-10-27,40.00,0.00
E0169,2025-10-27,40.00,0.00
E0170,2025-10-27,40.00,4.25
E0171,2025-10-27,40.00,0.00
E0172,2025-10-27,40.00,7.50
E0173,2025-10-27,40.00,0.00
E0174,2025-10-27,40.00,6.50
E0175,2025-10-27,40.00,10.50
E0176,2025-10-27,40.00,4.75
E0177,2025-10-27,24.00,13.75
E0178,2025-10-27,40.00,0.00
E0179,2025-10-27,40.00,4.75
E0180,2025-10-27,40.00,0.00
E0181,2025-10-27,40.00,0.00
E0182,2025-10-27,24.00,15.00
E0183,2025-10-27,32.00,0.00
E0184,2025-10-27,40.00,9.00
E0185,2025-10-27,24.00,0.00
E0186,2025-10-27,24.00,10.75
E0187,2025-10-27,24.00,0.00
E0188,2025-10-27,40.00,0.00
E0189,2025-10-27,40.00,1.75
E0190,2025-10-27,40.00,0.00
E0191,2025-10-27,40.00,0.00
E0192,2025-10-27,40.00,16.25
E0193,2025-10-27,40.00,5.25
E0194,2025-10-27,40.00,9.75
E0195,2025-10-27,40.00,10.75
E0196,2025-10-27,40.00,11.50
E0197,2025-10-27,40.00,0.00
E0198,2025-10-27,40.00,4.50
E0199,2025-10-27,40.00,0.00
E0200,2025-10-27,40.00,0.00
E0201,2025-10-27,40.00,0.00
E0202,2025-10-27,40.00,2.00
E0203,2025-10-27,40.00,0.00
E0204,2025-10-27,16.00,0.00
E0205,2025-10-27,40.00,0.00
E0206,2025-10-27,40.00,1.00
E0207,2025-10-27,40.00,0.00
E0209,2025-10-27,40.00,0.00
E0210,2025-10-27,40.00,6.25
E0211,2025-10-27,24.00,0.00
E0212,2025-10-27,24.00,0.00
E0213,2025-10-27,40.00,1.50
E0214,2025-10-27,40.00,0.00
E0215,2025-10-27,40.00,5.00
E0216,2025-10-27,40.00,8.75
E0218,2025-10-27,40.00,5.50
E0219,2025-10-27,8.00,0.00
E0220,2025-10-27,24.00,4.50
E0221,2025-10-27,40.00,7.50
E0222,2025-10-27,40.00,6.00
E0223,2025-10-27,40.00,1.75
E0224,2025-10-27,40.00,0.00
E0225,2025-10-27,40.00,7.25
E0226,2025-10-27,24.00,5.50
E0227,2025-10-27,24.00,0.75
E0228,2025-10-27,40.00,7.50
E0229,2025-10-27,40.00,4.75
E0230,2025-10-27,32.00,0.00
E0231,2025-10-27,40.00,0.00
E0232,2025-10-27,40.00,0.00
E0233,2025-10-27,40.00,0.00
E0234,2025-10-27,40.00,3.50
E0235,2025-10-27,40.00,0.00
E0236,2025-10-27,24.00,3.00
E0237,2025-10-27,40.00,11.25
E0238,2025-10-27,40.00,6.75
E0239,2025-10-27,40.00,0.00
E0240,2025-10-27,40.00,2.25
E0249,2025-10-27,40.00,0.00
E0001,2025-11-03,40.00,1.50
E0002,2025-11-03,40.00,0.00
E0003,2025-11-03,40.00,0.00
E0004,2025-11-03,40.00,0.00
E0005,2025-11-03,40.00,0.00
E0006,2025-11-03,40.00,0.00
E0007,2025-11-03,24.00,0.00
E0008,2025-11-03,40.00,0.00
E0009,2025-11-03,24.00,0.00
E0010,2025-11-03,40.00,2.75
E0011,2025-11-03,40.00,1.00
E0012,2025-11-03,40.00,4.50
E0013,2025-11-03,40.00,0.00
E0014,2025-11-03,40.00,0.00
E0015,2025-11-03,40.00,2.00
E0016,2025-11-03,40.00,0.00
E0017,2025-11-03,40.00,0.00
E0018,2025-11-03,40.00,0.00
E0019,2025-11-03,40.00,0.00
E0020,2025-11-03,40.00,0.00
E0021,2025-11-03,40.00,0.00
E0022,2025-11-03,40.00,0.00
E0023,2025-11-03,32.00,0.00
E0024,2025-11-03,40.00,0.00
E0025,2025-11-03,40.00,0.00
E0026,2025-11-03,40.00,0.00
E0027,2025-11-03,40.00,0.00
E0028,2025-11-03,32.00,0.00
E0029,2025-11-03,40.00,3.75
E0030,2025-11-03,40.00,0.00
E0031,2025-11-03,40.00,0.00
E0032,2025-11-03,40.00,0.00
E0033,2025-11-03,24.00,0.00
E0034,2025-11-03,40.00,0.00
E0035,2025-11-03,40.00,0.00
E0036,2025-11-03,40.00,0.00
E0037,2025-11-03,40.00,0.00
E0038,2025-11-03,40.00,0.00
E0039,2025-11-03,32.00,0.00
E0041,2025-11-03,40.00,0.00
E0042,2025-11-03,40.00,0.00
E0043,2025-11-03,40.00,0.00
E0044,2025-11-03,40.00,0.00
E0045,2025-11-03,40.00,0.00
E0046,2025-11-03,40.00,0.00
E0047,2025-11-03,40.00,0.00
E0048,2025-11-03,40.00,0.00
E0049,2025-11-03,40.00,0.00
E0050,2025-11-03,40.00,0.25
E0051,2025-11-03,40.00,0.00
E0052,2025-11-03,40.00,0.00
E0053,2025-11-03,40.00,0.00
E0054,2025-11-03,32.00,0.00
E0055,2025-11-03,40.00,0.00
E0056,2025-11-03,40.00,0.00
E0057,2025-11-03,40.00,0.00
E0058,2025-11-03,40.00,4.00
E0059,2025-11-03,40.00,0.00
E0060,2025-11-03,40.00,0.00
E0061,2025-11-03,32.00,0.00
E0062,2025-11-03,40.00,0.00
E0063,2025-11-03,40.00,0.00
E0064,2025-11-03,40.00,0.00
E0065,2025-11-03,40.00,0.00
E0066,2025-11-03,40.00,0.00
E0067,2025-11-03,40.00,0.00
E0068,2025-11-03,40.00,0.00
E0069,2025-11-03,40.00,0.00
E0070,2025-11-03,32.00,0.00
E0071,2025-11-03,40.00,0.00
E0072,2025-11-03,40.00,0.00
E0073,2025-11-03,40.00,0.00
E0074,2025-11-03,40.00,0.00
E0075,2025-11-03,40.00,0.00
E0076,2025-11-03,32.00,0.00
E0077,2025-11-03,40.00,0.00
E0078,2025-11-03,32.00,0.00
E0079,2025-11-03,40.00,1.50
E0080,2025-11-03,32.00,0.00
E0081,2025-11-03,40.00,0.00
E0082,2025-11-03,24.00,0.00
E0083,2025-11-03,40.00,0.00
E0084,2025-11-03,40.00,0.00
E0085,2025-11-03,40.00,0.00
E0086,2025-11-03,40.00,1.25
E0087,2025-11-03,24.00,0.00
E0088,2025-11-03,40.00,0.50
E0089,2025-11-03,40.00,2.50
E0090,2025-11-03,40.00,0.00
E0091,2025-11-03,32.00,0.00
E0092,2025-11-03,32.00,0.00
E0093,2025-11-03,40.00,0.00
E0094,2025-11-03,40.00,0.00
E0095,2025-11-03,40.00,0.00
E0096,2025-11-03,40.00,0.00
E0097,2025-11-03,40.00,0.00
E0098,2025-11-03,40.00,0.00
E0099,2025-11-03,40.00,0.00
E0100,2025-11-03,40.00,0.00
E0101,2025-11-03,40.00,1.25
E0102,2025-11-03,24.00,0.00
E0103,2025-11-03,40.00,0.00
E0104,2025-11-03,40.00,0.00
E0105,2025-11-03,40.00,0.00
E0106,2025-11-03,40.00,0.00
E0107,2025-11-03,40.00,0.00
E0108,2025-11-03,40.00,8.25
E0109,2025-11-03,40.00,4.50
E0110,2025-11-03,32.00,0.00
E0111,2025-11-03,24.00,0.00
E0112,2025-11-03,32.00,0.00
E0113,2025-11-03,40.00,0.00
E0114,2025-11-03,40.00,3.00
E0115,2025-11-03,24.00,6.50
E0116,2025-11-03,8.00,0.00
E0117,2025-11-03,24.00,0.00
E0118,2025-11-03,24.00,5.50
E0119,2025-11-03,40.00,5.00
E0120,2025-11-03,40.00,5.25
E0121,2025-11-03,40.00,0.00
E0122,2025-11-03,40.00,6.25
E0123,2025-11-03,40.00,2.50
E0124,2025-11-03,40.00,4.75
E0125,2025-11-03,40.00,1.75
E0126,2025-11-03,40.00,3.50
E0127,2025-11-03,40.00,0.00
E0128,2025-11-03,40.00,6.50
E0129,2025-11-03,40.00,1.50
E0130,2025-11-03,40.00,0.00
E0131,2025-11-03,40.00,6.75
E0132,2025-11-03,40.00,4.75
E0133,2025-11-03,40.00,5.25
E0134,2025-11-03,40.00,2.25
E0135,2025-11-03,40.00,0.00
E0136,2025-11-03,40.00,0.00
E0137,2025-11-03,40.00,0.00
E0138,2025-11-03,40.00,0.00
E0139,2025-11-03,40.00,0.00
E0140,2025-11-03,40.00,0.00
E0141,2025-11-03,40.00,3.50
E0142,2025-11-03,40.00,4.00
E0143,2025-11-03,24.00,0.00
E0144,2025-11-03,40.00,0.00
E0145,2025-11-03,24.00,0.00
E0146,2025-11-03,40.00,0.00
E0147,2025-11-03,40.00,2.25
E0148,2025-11-03,40.00,0.00
E0149,2025-11-03,40.00,0.00
E0150,2025-11-03,24.00,6.25
E0151,2025-11-03,32.00,0.00
E0152,2025-11-03,40.00,3.25
E0153,2025-11-03,40.00,0.00
E0154,2025-11-03,40.00,3.75
E0155,2025-11-03,40.00,0.00
E0156,2025-11-03,24.00,0.00
E0157,2025-11-03,40.00,0.00
E0158,2025-11-03,40.00,4.00
E0159,2025-11-03,40.00,4.00
E0160,2025-11-03,40.00,0.00
E0161,2025-11-03,40.00,0.00
E0162,2025-11-03,40.00,0.00
E0163,2025-11-03,40.00,5.75
E0164,2025-11-03,40.00,5.25
E0165,2025-11-03,40.00,0.00
E0166,2025-11-03,40.00,0.00
E0167,2025-11-03,40.00,0.00
E0168,2025-11-03,40.00,0.00
E0169,2025-11-03,40.00,15.25
E0170,2025-11-03,40.00,7.25
E0171,2025-11-03,32.00,0.00
E0172,2025-11-03,40.00,4.75
E0173,2025-11-03,40.00,13.25
E0174,2025-11-03,40.00,9.50
E0175,2025-11-03,40.00,14.25
E0176,2025-11-03,40.00,9.25
E0177,2025-11-03,24.00,13.00
E0178,2025-11-03,40.00,0.00
E0179,2025-11-03,40.00,0.00
E0180,2025-11-03,40.00,16.25
E0181,2025-11-03,40.00,6.00
E0182,2025-11-03,24.00,7.50
E0183,2025-11-03,40.00,10.00
E0184,2025-11-03,40.00,6.75
E0185,2025-11-03,40.00,17.00
E0186,2025-11-03,24.00,8.75
E0187,2025-11-03,40.00,0.00
E0188,2025-11-03,40.00,0.00
E0189,2025-11-03,40.00,0.00
E0190,2025-11-03,40.00,0.00
E0191,2025-11-03,40.00,6.25
E0192,2025-11-03,40.00,10.00
E0193,2025-11-03,40.00,7.00
E0194,2025-11-03,40.00,17.25
E0195,2025-11-03,40.00,13.25
E0196,2025-11-03,40.00,22.25
E0197,2025-11-03,40.00,10.00
E0198,2025-11-03,40.00,7.25
E0199,2025-11-03,40.00,0.00
E0200,2025-11-03,24.00,0.00
E0201,2025-11-03,40.00,0.00
E0202,2025-11-03,40.00,11.00
E0203,2025-11-03,32.00,0.00
E0204,2025-11-03,24.00,0.00
E0205,2025-11-03,24.00,0.00
E0206,2025-11-03,40.00,0.00
E0207,2025-11-03,40.00,0.00
E0209,2025-11-03,40.00,15.75
E0210,2025-11-03,40.00,0.00
E0211,2025-11-03,40.00,2.50
E0212,2025-11-03,40.00,6.50
E0213,2025-11-03,40.00,0.00
E0214,2025-11-03,40.00,6.25
E0215,2025-11-03,40.00,6.75
E0216,2025-11-03,40.00,11.25
E0218,2025-11-03,40.00,11.50
E0219,2025-11-03,24.00,11.00
E0220,2025-11-03,24.00,0.00
E0221,2025-11-03,40.00,12.50
E0222,2025-11-03,40.00,13.25
E0223,2025-11-03,40.00,0.00
E0224,2025-11-03,24.00,0.00
E0225,2025-11-03,40.00,0.00
E0226,2025-11-03,24.00,0.00
E0227,2025-11-03,24.00,7.50
E0228,2025-11-03,40.00,4.25
E0229,2025-11-03,40.00,8.00
E0230,2025-11-03,40.00,9.50
E0231,2025-11-03,40.00,0.00
E0232,2025-11-03,40.00,0.00
E0233,2025-11-03,40.00,4.50
E0234,2025-11-03,40.00,7.50
E0235,2025-11-03,40.00,0.00
E0236,2025-11-03,24.00,10.75
E0237,2025-11-03,40.00,11.00
E0238,2025-11-03,40.00,2.25
E0239,2025-11-03,40.00,10.75
E0240,2025-11-03,40.00,13.50
E0241,2025-11-03,40.00,15.75
E0242,2025-11-03,40.00,0.00
E0243,2025-11-03,40.00,0.00
E0244,2025-11-03,32.00,0.00
E0245,2025-11-03,40.00,14.00
E0246,2025-11-03,40.00,15.00
E0247,2025-11-03,40.00,0.00
E0248,2025-11-03,24.00,11.50
E0249,2025-11-03,40.00,0.00
E0001,2025-11-10,40.00,4.75
E0002,2025-11-10,40.00,0.00
E0003,2025-11-10,40.00,0.00
E0004,2025-11-10,40.00,0.00
E0005,2025-11-10,40.00,0.00
E0006,2025-11-10,40.00,0.00
E0007,2025-11-10,40.00,0.00
E0008,2025-11-10,40.00,0.00
E0009,2025-11-10,32.00,0.00
E0010,2025-11-10,40.00,0.00
E0011,2025-11-10,40.00,4.00
E0012,2025-11-10,40.00,1.75
E0013,2025-11-10,40.00,0.00
E0014,2025-11-10,40.00,0.00
E0015,2025-11-10,32.00,0.00
E0016,2025-11-10,40.00,0.00
E0017,2025-11-10,40.00,0.00
E0018,2025-11-10,40.00,0.00
E0019,2025-11-10,40.00,0.00
E0020,2025-11-10,40.00,0.00
E0021,2025-11-10,40.00,0.00
E0022,2025-11-10,40.00,0.00
E0023,2025-11-10,40.00,0.00
E0024,2025-11-10,40.00,0.00
E0025,2025-11-10,40.00,0.00
E0026,2025-11-10,40.00,0.00
E0027,2025-11-10,40.00,0.00
E0028,2025-11-10,40.00,0.00
E0029,2025-11-10,40.00,2.75
E0030,2025-11-10,40.00,0.00
E0031,2025-11-10,40.00,0.00
E0032,2025-11-10,40.00,0.00
E0033,2025-11-10,40.00,0.00
E0034,2025-11-10,40.00,0.00
E0035,2025-11-10,40.00,0.00
E0036,2025-11-10,32.00,0.00
E0037,2025-11-10,40.00,0.00
E0038,2025-11-10,40.00,0.00
E0039,2025-11-10,40.00,0.00
E0041,2025-11-10,40.00,0.00
E0042,2025-11-10,40.00,0.00
E0043,2025-11-10,40.00,0.00
E0044,2025-11-10,40.00,0.00
E0045,2025-11-10,40.00,0.00
E0046,2025-11-10,40.00,0.00
E0047,2025-11-10,40.00,0.00
E0048,2025-11-10,40.00,0.00
E0049,2025-11-10,40.00,0.00
E0050,2025-11-10,40.00,2.00
E0051,2025-11-10,40.00,0.00
E0052,2025-11-10,40.00,0.00
E0053,2025-11-10,40.00,0.00
E0054,2025-11-10,40.00,0.00
E0055,2025-11-10,40.00,0.00
E0056,2025-11-10,40.00,0.00
E0057,2025-11-10,40.00,0.00
E0058,2025-11-10,40.00,2.50
E0059,2025-11-10,40.00,0.00
E0060,2025-11-10,32.00,0.00
E0061,2025-11-10,40.00,1.50
E0062,2025-11-10,40.00,0.00
E0063,2025-11-10,40.00,0.00
E0065,2025-11-10,40.00,0.00
E0066,2025-11-10,40.00,0.00
E0067,2025-11-10,40.00,0.00
E0068,2025-11-10,40.00,0.00
E0069,2025-11-10,40.00,0.00
E0070,2025-11-10,24.00,0.00
E0071,2025-11-10,40.00,0.00
E0072,2025-11-10,40.00,0.00
E0073,2025-11-10,40.00,0.00
E0074,2025-11-10,40.00,0.00
E0075,2025-11-10,40.00,0.00
E0076,2025-11-10,40.00,0.00
E0077,2025-11-10,40.00,0.00
E0078,2025-11-10,40.00,0.00
E0079,2025-11-10,40.00,1.25
E0080,2025-11-10,40.00,0.00
E0081,2025-11-10,24.00,0.00
E0082,2025-11-10,40.00,0.00
E0083,2025-11-10,40.00,0.00
E0084,2025-11-10,40.00,0.00
E0085,2025-11-10,40.00,0.00
E0086,2025-11-10,40.00,1.75
E0087,2025-11-10,40.00,0.00
E0088,2025-11-10,32.00,0.00
E0089,2025-11-10,40.00,0.75
E0091,2025-11-10,24.00,0.00
E0092,2025-11-10,40.00,0.00
E0093,2025-11-10,40.00,0.00
E0094,2025-11-10,40.00,0.00
E0095,2025-11-10,40.00,0.00
E0096,2025-11-10,40.00,0.00
E0097,2025-11-10,40.00,0.00
E0098,2025-11-10,40.00,0.00
E0099,2025-11-10,40.00,0.00
E0100,2025-11-10,40.00,0.00
E0101,2025-11-10,40.00,0.75
E0102,2025-11-10,40.00,0.00
E0103,2025-11-10,40.00,0.00
E0104,2025-11-10,40.00,0.00
E0105,2025-11-10,40.00,0.00
E0106,2025-11-10,40.00,0.00
E0107,2025-11-10,40.00,2.75
E0108,2025-11-10,40.00,0.00
E0109,2025-11-10,40.00,3.75
E0110,2025-11-10,40.00,0.00
E0111,2025-11-10,24.00,0.00
E0112,2025-11-10,40.00,3.75
E0113,2025-11-10,40.00,0.00
E0114,2025-11-10,40.00,0.00
E0115,2025-11-10,24.00,0.00
E0116,2025-11-10,16.00,0.00
E0117,2025-11-10,40.00,0.00
E0118,2025-11-10,24.00,0.00
E0119,2025-11-10,40.00,0.00
E0120,2025-11-10,40.00,1.75
E0121,2025-11-10,40.00,3.25
E0122,2025-11-10,40.00,5.25
E0123,2025-11-10,40.00,5.50
E0124,2025-11-10,40.00,0.00
E0125,2025-11-10,40.00,0.00
E0126,2025-11-10,40.00,0.75
E0127,2025-11-10,40.00,2.00
E0128,2025-11-10,32.00,0.00
E0129,2025-11-10,40.00,4.50
E0130,2025-11-10,40.00,2.00
E0131,2025-11-10,40.00,0.00
E0132,2025-11-10,40.00,0.00
E0133,2025-11-10,40.00,1.25
E0134,2025-11-10,32.00,0.00
E0135,2025-11-10,32.00,0.00
E0136,2025-11-10,40.00,0.00
E0137,2025-11-10,40.00,0.00
E0138,2025-11-10,40.00,0.00
E0139,2025-11-10,40.00,0.00
E0140,2025-11-10,40.00,0.00
E0141,2025-11-10,40.00,0.00
E0142,2025-11-10,40.00,2.75
E0143,2025-11-10,40.00,3.25
E0144,2025-11-10,40.00,0.00
E0145,2025-11-10,40.00,0.00
E0146,2025-11-10,40.00,0.00
E0147,2025-11-10,40.00,3.50
E0148,2025-11-10,40.00,0.00
E0149,2025-11-10,40.00,0.00
E0150,2025-11-10,24.00,3.00
E0151,2025-11-10,40.00,3.50
E0152,2025-11-10,40.00,5.00
E0153,2025-11-10,40.00,0.00
E0154,2025-11-10,32.00,0.00
E0155,2025-11-10,40.00,0.00
E0156,2025-11-10,40.00,0.00
E0157,2025-11-10,40.00,0.00
E0159,2025-11-10,40.00,4.25
E0160,2025-11-10,40.00,5.25
E0161,2025-11-10,40.00,3.50
E0162,2025-11-10,40.00,3.25
E0163,2025-11-10,40.00,5.75
E0164,2025-11-10,40.00,0.00
E0165,2025-11-10,32.00,0.00
E0166,2025-11-10,40.00,0.00
E0167,2025-11-10,40.00,7.00
E0168,2025-11-10,40.00,0.00
E0169,2025-11-10,40.00,19.25
E0170,2025-11-10,40.00,0.00
E0171,2025-11-10,40.00,16.25
E0172,2025-11-10,32.00,0.00
E0173,2025-11-10,40.00,0.00
E0174,2025-11-10,40.00,0.00
E0175,2025-11-10,32.00,0.00
E0176,2025-11-10,40.00,0.00
E0177,2025-11-10,24.00,0.00
E0178,2025-11-10,40.00,0.00
E0179,2025-11-10,40.00,14.75
E0180,2025-11-10,32.00,0.00
E0181,2025-11-10,40.00,17.00
E0182,2025-11-10,24.00,16.00
E0183,2025-11-10,40.00,14.25
E0184,2025-11-10,40.00,19.00
E0185,2025-11-10,40.00,0.00
E0186,2025-11-10,24.00,0.00
E0187,2025-11-10,40.00,10.75
E0188,2025-11-10,40.00,0.00
E0189,2025-11-10,40.00,9.25
E0190,2025-11-10,40.00,13.00
E0191,2025-11-10,40.00,0.00
E0192,2025-11-10,32.00,0.00
E0193,2025-11-10,40.00,13.25
E0194,2025-11-10,40.00,0.50
E0195,2025-11-10,40.00,12.00
E0196,2025-11-10,40.00,0.00
E0197,2025-11-10,40.00,6.25
E0198,2025-11-10,40.00,9.50
E0199,2025-11-10,24.00,0.00
E0200,2025-11-10,40.00,0.00
E0201,2025-11-10,40.00,0.00
E0202,2025-11-10,24.00,0.00
E0203,2025-11-10,40.00,0.25
E0204,2025-11-10,24.00,0.00
E0205,2025-11-10,40.00,0.00
E0206,2025-11-10,32.00,0.00
E0207,2025-11-10,40.00,0.00
E0209,2025-11-10,40.00,0.00
E0210,2025-11-10,32.00,0.00
E0211,2025-11-10,40.00,13.00
E0212,2025-11-10,40.00,0.00
E0213,2025-11-10,40.00,0.00
E0214,2025-11-10,40.00,0.00
E0215,2025-11-10,40.00,7.25
E0216,2025-11-10,40.00,18.25
E0218,2025-11-10,24.00,0.00
E0219,2025-11-10,24.00,10.75
E0220,2025-11-10,24.00,0.00
E0221,2025-11-10,40.00,4.00
E0222,2025-11-10,40.00,0.00
E0223,2025-11-10,40.00,8.50
E0224,2025-11-10,40.00,10.50
E0225,2025-11-10,24.00,0.00
E0226,2025-11-10,24.00,0.00
E0227,2025-11-10,24.00,6.25
E0228,2025-11-10,40.00,10.25
E0229,2025-11-10,40.00,6.75
E0230,2025-11-10,40.00,11.50
E0231,2025-11-10,40.00,9.50
E0232,2025-11-10,40.00,8.75
E0233,2025-11-10,40.00,0.00
E0234,2025-11-10,40.00,14.00
E0235,2025-11-10,40.00,14.75
E0236,2025-11-10,24.00,13.00
E0237,2025-11-10,40.00,19.50
E0238,2025-11-10,40.00,0.00
E0239,2025-11-10,40.00,8.00
E0240,2025-11-10,40.00,0.00
E0241,2025-11-10,40.00,0.00
E0242,2025-11-10,32.00,0.00
E0243,2025-11-10,24.00,0.00
E0244,2025-11-10,40.00,2.25
E0245,2025-11-10,40.00,20.50
E0246,2025-11-10,40.00,0.00
E0247,2025-11-10,40.00,12.00
E0248,2025-11-10,24.00,7.75
E0249,2025-11-10,40.00,0.00
E0252,2025-11-10,40.00,0.00
E0257,2025-11-10,40.00,0.00
E0001,2025-11-17,40.00,0.00
E0002,2025-11-17,40.00,0.00
E0003,2025-11-17,32.00,0.00
E0004,2025-11-17,40.00,0.00
E0005,2025-11-17,40.00,0.00
E0006,2025-11-17,40.00,0.00
E0007,2025-11-17,24.00,0.00
E0008,2025-11-17,40.00,0.00
E0009,2025-11-17,40.00,0.00
E0010,2025-11-17,40.00,1.75
E0011,2025-11-17,40.00,0.00
E0012,2025-11-17,40.00,3.00
E0013,2025-11-17,40.00,0.00
E0014,2025-11-17,40.00,0.00
E0015,2025-11-17,40.00,2.50
E0016,2025-11-17,40.00,0.00
E0017,2025-11-17,40.00,0.00
E0018,2025-11-17,40.00,0.00
E0019,2025-11-17,40.00,0.00
E0020,2025-11-17,40.00,0.00
E0021,2025-11-17,40.00,0.00
E0022,2025-11-17,40.00,0.00
E0023,2025-11-17,40.00,0.00
E0024,2025-11-17,40.00,0.00
E0025,2025-11-17,40.00,0.00
E0026,2025-11-17,40.00,0.00
E0027,2025-11-17,40.00,0.00
E0028,2025-11-17,40.00,0.00
E0029,2025-11-17,40.00,0.00
E0030,2025-11-17,24.00,0.00
E0031,2025-11-17,40.00,0.00
E0032,2025-11-17,40.00,0.00
E0033,2025-11-17,40.00,0.00
E0034,2025-11-17,40.00,0.00
E0035,2025-11-17,40.00,0.00
E0036,2025-11-17,40.00,0.00
E0037,2025-11-17,40.00,0.00
E0038,2025-11-17,40.00,0.00
E0039,2025-11-17,40.00,0.00
E0041,2025-11-17,40.00,0.00
E0042,2025-11-17,40.00,0.00
E0043,2025-11-17,40.00,0.00
E0044,2025-11-17,40.00,0.00
E0045,2025-11-17,40.00,0.00
E0046,2025-11-17,40.00,0.00
E0047,2025-11-17,40.00,0.00
E0048,2025-11-17,40.00,0.00
E0049,2025-11-17,40.00,0.00
E0050,2025-11-17,40.00,1.25
E0051,2025-11-17,40.00,0.00
E0052,2025-11-17,40.00,0.00
E0053,2025-11-17,40.00,0.00
E0054,2025-11-17,40.00,0.00
E0055,2025-11-17,40.00,0.00
E0056,2025-11-17,40.00,0.00
E0057,2025-11-17,32.00,0.00
E0058,2025-11-17,40.00,2.75
E0059,2025-11-17,40.00,0.00
E0060,2025-11-17,40.00,0.00
E0061,2025-11-17,40.00,3.50
E0062,2025-11-17,32.00,0.00
E0063,2025-11-17,40.00,0.00
E0065,2025-11-17,40.00,0.00
E0066,2025-11-17,40.00,0.00
E0067,2025-11-17,40.00,0.00
E0068,2025-11-17,40.00,0.00
E0069,2025-11-17,40.00,0.00
E0070,2025-11-17,40.00,0.00
E0071,2025-11-17,40.00,0.00
E0072,2025-11-17,40.00,0.00
E0073,2025-11-17,24.00,0.00
E0074,2025-11-17,40.00,0.00
E0075,2025-11-17,40.00,0.00
E0076,2025-11-17,40.00,0.00
E0077,2025-11-17,40.00,0.00
E0078,2025-11-17,40.00,0.00
E0079,2025-11-17,32.00,0.00
E0080,2025-11-17,40.00,0.00
E0081,2025-11-17,40.00,0.00
E0082,2025-11-17,40.00,0.00
E0083,2025-11-17,40.00,0.00
E0084,2025-11-17,40.00,0.00
E0085,2025-11-17,40.00,0.00
E0086,2025-11-17,40.00,0.00
E0087,2025-11-17,40.00,0.00
E0088,2025-11-17,40.00,1.75
E0089,2025-11-17,40.00,0.75
E0091,2025-11-17,32.00,0.00
E0092,2025-11-17,40.00,0.00
E0093,2025-11-17,40.00,0.00
E0094,2025-11-17,40.00,0.00
E0095,2025-11-17,40.00,0.00
E0096,2025-11-17,32.00,0.00
E0097,2025-11-17,40.00,0.00
E0098,2025-11-17,40.00,0.00
E0099,2025-11-17,40.00,0.00
E0100,2025-11-17,40.00,0.00
E0101,2025-11-17,32.00,0.00
E0102,2025-11-17,40.00,0.00
E0103,2025-11-17,40.00,0.00
E0104,2025-11-17,32.00,0.00
E0105,2025-11-17,40.00,0.00
E0106,2025-11-17,40.00,2.25
E0107,2025-11-17,40.00,0.00
E0108,2025-11-17,40.00,3.00
E0109,2025-11-17,40.00,4.00
E0110,2025-11-17,40.00,0.00
E0111,2025-11-17,40.00,4.25
E0112,2025-11-17,40.00,2.75
E0113,2025-11-17,40.00,1.75
E0114,2025-11-17,40.00,1.50
E0115,2025-11-17,24.00,3.00
E0116,2025-11-17,24.00,5.25
E0117,2025-11-17,40.00,1.50
E0118,2025-11-17,24.00,0.00
E0119,2025-11-17,40.00,4.00
E0120,2025-11-17,40.00,4.00
E0121,2025-11-17,40.00,4.25
E0122,2025-11-17,40.00,4.75
E0123,2025-11-17,40.00,0.00
E0124,2025-11-17,40.00,0.00
E0125,2025-11-17,40.00,0.00
E0126,2025-11-17,40.00,0.00
E0127,2025-11-17,24.00,0.00
E0128,2025-11-17,40.00,3.00
E0129,2025-11-17,40.00,0.00
E0130,2025-11-17,40.00,3.50
E0131,2025-11-17,40.00,0.00
E0132,2025-11-17,40.00,0.00
E0133,2025-11-17,40.00,3.25
E0134,2025-11-17,40.00,4.75
E0135,2025-11-17,24.00,0.00
E0136,2025-11-17,40.00,0.00
E0137,2025-11-17,40.00,0.00
E0138,2025-11-17,40.00,0.00
E0139,2025-11-17,24.00,0.00
E0140,2025-11-17,40.00,0.00
E0141,2025-11-17,40.00,0.00
E0142,2025-11-17,40.00,2.00
E0143,2025-11-17,40.00,0.00
E0144,2025-11-17,40.00,0.00
E0145,2025-11-17,40.00,0.00
E0146,2025-11-17,40.00,0.00
E0147,2025-11-17,40.00,4.25
E0148,2025-11-17,40.00,0.00
E0149,2025-11-17,40.00,0.00
E0150,2025-11-17,24.00,0.00
E0151,2025-11-17,40.00,4.75
E0152,2025-11-17,40.00,3.50
E0153,2025-11-17,40.00,0.00
E0154,2025-11-17,40.00,0.00
E0155,2025-11-17,40.00,0.00
E0156,2025-11-17,40.00,0.00
E0157,2025-11-17,32.00,0.00
E0159,2025-11-17,40.00,0.00
E0160,2025-11-17,40.00,0.00
E0161,2025-11-17,40.00,0.00
E0162,2025-11-17,40.00,0.00
E0163,2025-11-17,40.00,0.00
E0164,2025-11-17,40.00,2.00
E0165,2025-11-17,40.00,10.25
E0166,2025-11-17,40.00,0.00
E0167,2025-11-17,40.00,0.00
E0169,2025-11-17,24.00,0.00
E0170,2025-11-17,40.00,17.75
E0171,2025-11-17,40.00,11.75
E0172,2025-11-17,32.00,0.00
E0173,2025-11-17,40.00,0.00
E0174,2025-11-17,40.00,12.75
E0175,2025-11-17,40.00,0.00
E0176,2025-11-17,40.00,16.75
E0177,2025-11-17,24.00,0.00
E0178,2025-11-17,40.00,0.00
E0179,2025-11-17,40.00,0.00
E0180,2025-11-17,40.00,11.50
E0181,2025-11-17,40.00,0.00
E0182,2025-11-17,24.00,1.25
E0183,2025-11-17,40.00,12.00
E0184,2025-11-17,40.00,10.75
E0185,2025-11-17,40.00,21.00
E0186,2025-11-17,24.00,0.00
E0187,2025-11-17,24.00,0.00
E0188,2025-11-17,40.00,0.00
E0189,2025-11-17,40.00,9.25
E0190,2025-11-17,24.00,0.00
E0191,2025-11-17,40.00,0.00
E0192,2025-11-17,40.00,14.25
E0193,2025-11-17,40.00,15.00
E0194,2025-11-17,40.00,10.00
E0195,2025-11-17,40.00,8.50
E0196,2025-11-17,40.00,0.00
E0197,2025-11-17,40.00,12.50
E0198,2025-11-17,24.00,0.00
E0199,2025-11-17,24.00,0.00
E0200,2025-11-17,40.00,0.00
E0201,2025-11-17,32.00,0.00
E0202,2025-11-17,40.00,12.00
E0203,2025-11-17,40.00,25.25
E0204,2025-11-17,24.00,14.50
E0205,2025-11-17,40.00,0.00
E0206,2025-11-17,40.00,0.00
E0207,2025-11-17,40.00,14.75
E0209,2025-11-17,32.00,0.00
E0210,2025-11-17,40.00,17.75
E0211,2025-11-17,40.00,0.00
E0212,2025-11-17,40.00,11.50
E0213,2025-11-17,40.00,10.00
E0214,2025-11-17,40.00,0.00
E0215,2025-11-17,24.00,0.00
E0216,2025-11-17,24.00,0.00
E0218,2025-11-17,40.00,14.50
E0219,2025-11-17,24.00,0.00
E0220,2025-11-17,24.00,3.75
E0221,2025-11-17,32.00,0.00
E0222,2025-11-17,40.00,10.00
E0223,2025-11-17,40.00,0.00
E0224,2025-11-17,40.00,5.50
E0225,2025-11-17,40.00,0.00
E0226,2025-11-17,24.00,0.00
E0227,2025-11-17,16.00,0.00
E0228,2025-11-17,40.00,8.00
E0229,2025-11-17,40.00,0.00
E0230,2025-11-17,40.00,0.00
E0231,2025-11-17,40.00,0.00
E0232,2025-11-17,40.00,9.75
E0233,2025-11-17,40.00,8.00
E0234,2025-11-17,40.00,0.00
E0235,2025-11-17,40.00,10.25
E0236,2025-11-17,24.00,0.00
E0237,2025-11-17,40.00,10.25
E0238,2025-11-17,40.00,0.00
E0239,2025-11-17,40.00,15.25
E0240,2025-11-17,32.00,0.00
E0241,2025-11-17,40.00,0.00
E0242,2025-11-17,40.00,9.75
E0243,2025-11-17,40.00,11.75
E0244,2025-11-17,40.00,20.50
E0245,2025-11-17,24.00,0.00
E0246,2025-11-17,40.00,0.00
E0247,2025-11-17,40.00,6.25
E0248,2025-11-17,24.00,0.00
E0249,2025-11-17,40.00,0.00
E0250,2025-11-17,40.00,6.50
E0251,2025-11-17,40.00,0.00
E0252,2025-11-17,40.00,0.00
E0253,2025-11-17,40.00,0.00
E0255,2025-11-17,40.00,5.75
E0257,2025-11-17,40.00,0.00
E0001,2025-11-24,40.00,2.75
E0002,2025-11-24,40.00,0.00
E0003,2025-11-24,40.00,0.00
E0004,2025-11-24,40.00,0.00
E0005,2025-11-24,40.00,0.00
E0006,2025-11-24,32.00,0.00
E0007,2025-11-24,40.00,0.00
E0008,2025-11-24,40.00,0.00
E0009,2025-11-24,32.00,0.00
E0010,2025-11-24,40.00,0.00
E0011,2025-11-24,40.00,3.75
E0012,2025-11-24,40.00,1.50
E0013,2025-11-24,40.00,0.00
E0014,2025-11-24,32.00,0.00
E0015,2025-11-24,40.00,3.25
E0016,2025-11-24,40.00,0.00
E0017,2025-11-24,40.00,0.00
E0018,2025-11-24,40.00,0.00
E0019,2025-11-24,40.00,0.00
E0020,2025-11-24,40.00,0.00
E0021,2025-11-24,40.00,0.00
E0022,2025-11-24,40.00,0.00
E0023,2025-11-24,40.00,0.00
E0024,2025-11-24,40.00,0.00
E0025,2025-11-24,40.00,0.00
E0026,2025-11-24,40.00,0.00
E0027,2025-11-24,40.00,0.00
E0028,2025-11-24,40.00,0.00
E0029,2025-11-24,40.00,0.00
E0030,2025-11-24,40.00,0.00
E0031,2025-11-24,24.00,0.00
E0032,2025-11-24,40.00,0.00
E0033,2025-11-24,40.00,0.00
E0034,2025-11-24,40.00,0.00
E0035,2025-11-24,40.00,0.00
E0036,2025-11-24,40.00,0.00
E0037,2025-11-24,40.00,0.00
E0038,2025-11-24,40.00,0.00
E0039,2025-11-24,40.00,0.00
E0041,2025-11-24,40.00,0.00
E0042,2025-11-24,40.00,0.00
E0043,2025-11-24,40.00,0.00
E0044,2025-11-24,40.00,0.00
E0045,2025-11-24,40.00,0.00
E0046,2025-11-24,40.00,0.00
E0047,2025-11-24,40.00,0.00
E0048,2025-11-24,40.00,0.00
E0049,2025-11-24,40.00,0.00
E0050,2025-11-24,32.00,0.00
E0051,2025-11-24,40.00,0.00
E0052,2025-11-24,40.00,0.00
E0053,2025-11-24,32.00,0.00
E0054,2025-11-24,40.00,0.00
E0055,2025-11-24,40.00,0.00
E0056,2025-11-24,40.00,0.00
E0057,2025-11-24,40.00,0.75
E0058,2025-11-24,24.00,0.00
E0059,2025-11-24,40.00,0.00
E0060,2025-11-24,40.00,0.00
E0061,2025-11-24,40.00,0.25
E0062,2025-11-24,40.00,0.00
E0063,2025-11-24,40.00,0.00
E0065,2025-11-24,40.00,0.00
E0066,2025-11-24,32.00,0.00
E0067,2025-11-24,40.00,0.00
E0068,2025-11-24,40.00,0.00
E0069,2025-11-24,40.00,0.00
E0070,2025-11-24,24.00,0.00
E0071,2025-11-24,40.00,0.00
E0072,2025-11-24,32.00,0.00
E0073,2025-11-24,40.00,0.00
E0074,2025-11-24,40.00,0.00
E0075,2025-11-24,40.00,0.00
E0076,2025-11-24,32.00,0.00
E0077,2025-11-24,40.00,0.00
E0078,2025-11-24,40.00,0.00
E0079,2025-11-24,40.00,1.25
E0080,2025-11-24,40.00,0.00
E0081,2025-11-24,40.00,0.00
E0082,2025-11-24,40.00,0.00
E0083,2025-11-24,40.00,0.00
E0084,2025-11-24,40.00,0.00
E0085,2025-11-24,40.00,2.00
E0086,2025-11-24,40.00,1.50
E0087,2025-11-24,40.00,1.50
E0088,2025-11-24,40.00,0.00
E0089,2025-11-24,32.00,0.00
E0091,2025-11-24,40.00,0.00
E0092,2025-11-24,40.00,0.00
E0093,2025-11-24,40.00,0.00
E0094,2025-11-24,40.00,0.00
E0095,2025-11-24,40.00,0.00
E0096,2025-11-24,40.00,0.00
E0097,2025-11-24,24.00,0.00
E0098,2025-11-24,40.00,0.00
E0099,2025-11-24,40.00,0.00
E0100,2025-11-24,40.00,0.00
E0101,2025-11-24,40.00,1.00
E0102,2025-11-24,40.00,0.00
E0103,2025-11-24,40.00,0.00
E0104,2025-11-24,40.00,0.00
E0105,2025-11-24,40.00,0.00
E0106,2025-11-24,40.00,1.00
E0107,2025-11-24,40.00,0.00
E0108,2025-11-24,40.00,2.50
E0109,2025-11-24,40.00,0.00
E0110,2025-11-24,32.00,0.00
E0111,2025-11-24,40.00,0.00
E0112,2025-11-24,40.00,5.50
E0113,2025-11-24,24.00,0.00
E0114,2025-11-24,24.00,0.00
E0115,2025-11-24,16.00,0.00
E0116,2025-11-24,16.00,0.00
E0117,2025-11-24,24.00,0.00
E0118,2025-11-24,24.00,0.00
E0119,2025-11-24,40.00,0.00
E0120,2025-11-24,40.00,0.00
E0121,2025-11-24,40.00,0.00
E0122,2025-11-24,40.00,4.25
E0123,2025-11-24,24.00,0.00
E0124,2025-11-24,40.00,3.00
E0125,2025-11-24,40.00,0.00
E0126,2025-11-24,40.00,0.00
E0127,2025-11-24,40.00,0.00
E0128,2025-11-24,40.00,0.00
E0129,2025-11-24,40.00,5.50
E0130,2025-11-24,40.00,5.25
E0132,2025-11-24,40.00,3.50
E0133,2025-11-24,40.00,0.00
E0134,2025-11-24,40.00,3.75
E0135,2025-11-24,40.00,0.00
E0136,2025-11-24,40.00,0.00
E0137,2025-11-24,40.00,0.00
E0138,2025-11-24,40.00,0.00
E0139,2025-11-24,40.00,0.00
E0140,2025-11-24,24.00,0.00
E0141,2025-11-24,40.00,0.00
E0142,2025-11-24,40.00,0.00
E0143,2025-11-24,40.00,3.75
E0144,2025-11-24,40.00,0.00
E0145,2025-11-24,40.00,0.00
E0146,2025-11-24,40.00,0.00
E0147,2025-11-24,40.00,2.50
E0148,2025-11-24,40.00,0.00
E0149,2025-11-24,24.00,0.00
E0150,2025-11-24,24.00,3.25
E0151,2025-11-24,40.00,0.00
E0152,2025-11-24,40.00,0.00
E0153,2025-11-24,40.00,0.00
E0154,2025-11-24,40.00,0.00
E0155,2025-11-24,40.00,0.00
E0156,2025-11-24,40.00,0.00
E0157,2025-11-24,40.00,0.00
E0159,2025-11-24,40.00,1.75
E0160,2025-11-24,40.00,9.00
E0161,2025-11-24,40.00,2.50
E0162,2025-11-24,24.00,0.00
E0163,2025-11-24,40.00,9.25
E0164,2025-11-24,40.00,7.50
E0165,2025-11-24,40.00,0.00
E0166,2025-11-24,40.00,0.00
E0167,2025-11-24,40.00,0.00
E0169,2025-11-24,40.00,0.00
E0170,2025-11-24,40.00,0.00
E0171,2025-11-24,40.00,0.00
E0172,2025-11-24,40.00,5.50
E0173,2025-11-24,40.00,5.25
E0174,2025-11-24,40.00,6.75
E0175,2025-11-24,40.00,10.25
E0176,2025-11-24,40.00,14.75
E0177,2025-11-24,24.00,0.00
E0178,2025-11-24,40.00,0.00
E0179,2025-11-24,40.00,0.00
E0180,2025-11-24,40.00,14.50
E0181,2025-11-24,40.00,15.25
E0182,2025-11-24,24.00,0.00
E0183,2025-11-24,40.00,16.00
E0184,2025-11-24,40.00,5.50
E0185,2025-11-24,40.00,0.00
E0186,2025-11-24,24.00,15.00
E0187,2025-11-24,40.00,14.00
E0188,2025-11-24,40.00,15.75
E0189,2025-11-24,40.00,15.75
E0190,2025-11-24,40.00,0.00
E0191,2025-11-24,40.00,0.00
E0192,2025-11-24,40.00,0.00
E0193,2025-11-24,40.00,13.25
E0194,2025-11-24,32.00,0.00
E0195,2025-11-24,40.00,9.25
E0196,2025-11-24,40.00,10.75
E0197,2025-11-24,40.00,0.00
E0198,2025-11-24,40.00,0.00
E0199,2025-11-24,40.00,3.75
E0200,2025-11-24,40.00,0.00
E0201,2025-11-24,40.00,22.25
E0202,2025-11-24,40.00,15.00
E0203,2025-11-24,40.00,10.50
E0204,2025-11-24,24.00,9.00
E0205,2025-11-24,24.00,0.00
E0206,2025-11-24,24.00,0.00
E0207,2025-11-24,40.00,6.75
E0209,2025-11-24,40.00,14.00
E0210,2025-11-24,32.00,0.00
E0211,2025-11-24,40.00,12.25
E0212,2025-11-24,40.00,0.00
E0213,2025-11-24,40.00,8.50
E0214,2025-11-24,40.00,0.00
E0215,2025-11-24,40.00,12.50
E0216,2025-11-24,40.00,11.00
E0218,2025-11-24,40.00,0.00
E0219,2025-11-24,24.00,7.25
E0220,2025-11-24,8.00,0.00
E0221,2025-11-24,32.00,0.00
E0222,2025-11-24,40.00,9.00
E0223,2025-11-24,40.00,3.75
E0224,2025-11-24,40.00,3.75
E0225,2025-11-24,40.00,5.25
E0226,2025-11-24,24.00,8.25
E0227,2025-11-24,24.00,10.50
E0228,2025-11-24,32.00,0.00
E0229,2025-11-24,40.00,0.00
E0230,2025-11-24,40.00,11.75
E0231,2025-11-24,40.00,0.00
E0232,2025-11-24,40.00,6.25
E0233,2025-11-24,40.00,7.25
E0234,2025-11-24,40.00,4.25
E0235,2025-11-24,32.00,0.00
E0236,2025-11-24,24.00,0.00
E0237,2025-11-24,40.00,16.00
E0238,2025-11-24,40.00,5.25
E0239,2025-11-24,40.00,5.75
E0240,2025-11-24,40.00,1.25
E0241,2025-11-24,40.00,17.00
E0242,2025-11-24,40.00,0.00
E0243,2025-11-24,32.00,0.00
E0244,2025-11-24,40.00,0.00
E0245,2025-11-24,40.00,8.00
E0246,2025-11-24,40.00,0.00
E0247,2025-11-24,40.00,0.00
E0248,2025-11-24,24.00,20.00
E0249,2025-11-24,40.00,0.00
E0250,2025-11-24,40.00,0.00
E0251,2025-11-24,40.00,14.50
E0252,2025-11-24,40.00,0.00
E0253,2025-11-24,40.00,0.00
E0255,2025-11-24,40.00,0.00
E0256,2025-11-24,40.00,2.25
E0257,2025-11-24,40.00,11.25
E0001,2025-12-01,40.00,3.50
E0002,2025-12-01,24.00,0.00
E0003,2025-12-01,40.00,0.00
E0004,2025-12-01,40.00,0.00
E0005,2025-12-01,40.00,0.00
E0006,2025-12-01,40.00,0.00
E0007,2025-12-01,40.00,0.00
E0008,2025-12-01,40.00,0.00
E0009,2025-12-01,40.00,0.00
E0010,2025-12-01,40.00,0.00
E0011,2025-12-01,24.00,0.00
E0012,2025-12-01,40.00,7.25
E0013,2025-12-01,40.00,0.00
E0014,2025-12-01,40.00,0.00
E0015,2025-12-01,24.00,0.00
E0016,2025-12-01,40.00,0.00
E0017,2025-12-01,40.00,0.00
E0018,2025-12-01,40.00,0.00
E0019,2025-12-01,40.00,0.00
E0020,2025-12-01,40.00,0.00
E0021,2025-12-01,40.00,0.00
E0022,2025-12-01,40.00,0.00
E0023,2025-12-01,40.00,0.00
E0024,2025-12-01,40.00,0.00
E0025,2025-12-01,40.00,0.00
E0026,2025-12-01,40.00,0.00
E0027,2025-12-01,40.00,0.00
E0028,2025-12-01,40.00,0.00
E0029,2025-12-01,40.00,3.75
E0030,2025-12-01,40.00,0.00
E0031,2025-12-01,40.00,0.00
E0032,2025-12-01,40.00,0.00
E0033,2025-12-01,40.00,0.00
E0034,2025-12-01,40.00,0.00
E0035,2025-12-01,40.00,0.00
E0036,2025-12-01,40.00,0.00
E0037,2025-12-01,40.00,0.00
E0038,2025-12-01,40.00,0.00
E0039,2025-12-01,32.00,0.00
E0041,2025-12-01,40.00,0.00
E0042,2025-12-01,40.00,0.00
E0043,2025-12-01,24.00,0.00
E0044,2025-12-01,40.00,0.00
E0045,2025-12-01,32.00,0.00
E0046,2025-12-01,24.00,0.00
E0047,2025-12-01,32.00,0.00
E0048,2025-12-01,40.00,0.00
E0049,2025-12-01,40.00,0.00
E0050,2025-12-01,40.00,0.00
E0051,2025-12-01,40.00,0.00
E0052,2025-12-01,24.00,0.00
E0053,2025-12-01,40.00,0.00
E0054,2025-12-01,24.00,0.00
E0055,2025-12-01,40.00,0.00
E0056,2025-12-01,40.00,0.00
E0057,2025-12-01,40.00,1.00
E0058,2025-12-01,40.00,2.25
E0059,2025-12-01,40.00,0.00
E0060,2025-12-01,40.00,0.00
E0061,2025-12-01,40.00,0.25
E0062,2025-12-01,40.00,0.00
E0063,2025-12-01,40.00,0.00
E0065,2025-12-01,40.00,0.00
E0066,2025-12-01,40.00,0.00
E0067,2025-12-01,32.00,0.00
E0068,2025-12-01,40.00,0.00
E0069,2025-12-01,40.00,0.00
E0070,2025-12-01,40.00,0.00
E0071,2025-12-01,40.00,0.00
E0072,2025-12-01,40.00,0.00
E0073,2025-12-01,40.00,0.00
E0074,2025-12-01,40.00,0.00
E0075,2025-12-01,24.00,0.00
E0076,2025-12-01,40.00,0.00
E0077,2025-12-01,40.00,0.00
E0078,2025-12-01,24.00,0.00
E0079,2025-12-01,40.00,0.00
E0080,2025-12-01,40.00,0.00
E0081,2025-12-01,32.00,0.00
E0082,2025-12-01,40.00,0.00
E0083,2025-12-01,40.00,0.00
E0084,2025-12-01,24.00,0.00
E0085,2025-12-01,40.00,2.50
E0086,2025-12-01,40.00,1.75
E0087,2025-12-01,40.00,0.00
E0088,2025-12-01,40.00,2.00
E0089,2025-12-01,40.00,1.00
E0091,2025-12-01,40.00,0.00
E0092,2025-12-01,40.00,0.00
E0093,2025-12-01,40.00,0.00
E0094,2025-12-01,40.00,0.00
E0095,2025-12-01,40.00,0.00
E0096,2025-12-01,24.00,0.00
E0097,2025-12-01,40.00,0.00
E0098,2025-12-01,40.00,0.00
E0099,2025-12-01,40.00,0.00
E0100,2025-12-01,40.00,0.00
E0101,2025-12-01,40.00,0.75
E0102,2025-12-01,40.00,0.00
E0103,2025-12-01,40.00,0.00
E0104,2025-12-01,32.00,0.00
E0105,2025-12-01,40.00,0.00
E0106,2025-12-01,32.00,0.00
E0107,2025-12-01,40.00,4.75
E0108,2025-12-01,40.00,3.25
E0109,2025-12-01,40.00,1.75
E0110,2025-12-01,40.00,0.00
E0111,2025-12-01,40.00,5.25
E0112,2025-12-01,40.00,7.25
E0113,2025-12-01,40.00,0.00
E0114,2025-12-01,40.00,3.50
E0115,2025-12-01,24.00,3.50
E0116,2025-12-01,24.00,0.00
E0117,2025-12-01,40.00,0.00
E0118,2025-12-01,24.00,0.00
E0119,2025-12-01,40.00,8.25
E0120,2025-12-01,40.00,2.50
E0121,2025-12-01,40.00,6.00
E0122,2025-12-01,40.00,0.00
E0123,2025-12-01,24.00,0.00
E0124,2025-12-01,40.00,0.00
E0125,2025-12-01,40.00,3.50
E0126,2025-12-01,40.00,0.00
E0127,2025-12-01,40.00,6.75
E0128,2025-12-01,40.00,0.00
E0129,2025-12-01,40.00,4.75
E0130,2025-12-01,40.00,0.50
E0132,2025-12-01,32.00,0.00
E0133,2025-12-01,40.00,4.50
E0134,2025-12-01,40.00,4.25
E0135,2025-12-01,40.00,1.25
E0136,2025-12-01,40.00,0.00
E0137,2025-12-01,40.00,0.00
E0138,2025-12-01,40.00,0.00
E0139,2025-12-01,40.00,0.00
E0140,2025-12-01,40.00,0.00
E0141,2025-12-01,40.00,3.00
E0142,2025-12-01,40.00,5.75
E0143,2025-12-01,40.00,0.00
E0144,2025-12-01,40.00,0.00
E0145,2025-12-01,40.00,0.00
E0146,2025-12-01,40.00,0.00
E0147,2025-12-01,40.00,7.75
E0148,2025-12-01,40.00,0.00
E0149,2025-12-01,40.00,0.00
E0150,2025-12-01,24.00,5.75
E0151,2025-12-01,40.00,12.25
E0152,2025-12-01,40.00,0.00
E0153,2025-12-01,40.00,0.00
E0154,2025-12-01,40.00,12.50
E0155,2025-12-01,40.00,0.00
E0156,2025-12-01,40.00,0.00
E0157,2025-12-01,40.00,0.00
E0159,2025-12-01,40.00,10.25
E0160,2025-12-01,40.00,6.00
E0161,2025-12-01,40.00,2.50
E0162,2025-12-01,40.00,10.50
E0163,2025-12-01,40.00,0.00
E0164,2025-12-01,40.00,8.50
E0165,2025-12-01,40.00,14.00
E0166,2025-12-01,24.00,0.00
E0167,2025-12-01,40.00,19.25
E0169,2025-12-01,40.00,0.00
E0170,2025-12-01,40.00,11.75
E0171,2025-12-01,40.00,13.25
E0172,2025-12-01,40.00,17.50
E0173,2025-12-01,40.00,0.00
E0174,2025-12-01,40.00,0.00
E0175,2025-12-01,24.00,0.00
E0176,2025-12-01,40.00,16.25
E0177,2025-12-01,8.00,0.00
E0178,2025-12-01,40.00,0.00
E0179,2025-12-01,40.00,0.00
E0180,2025-12-01,40.00,16.50
E0181,2025-12-01,40.00,18.25
E0182,2025-12-01,16.00,0.00
E0183,2025-12-01,40.00,9.75
E0184,2025-12-01,40.00,13.00
E0185,2025-12-01,40.00,8.50
E0186,2025-12-01,24.00,0.00
E0187,2025-12-01,40.00,0.00
E0188,2025-12-01,32.00,0.00
E0189,2025-12-01,24.00,0.00
E0190,2025-12-01,32.00,0.00
E0191,2025-12-01,40.00,16.50
E0192,2025-12-01,40.00,0.00
E0193,2025-12-01,40.00,0.00
E0194,2025-12-01,40.00,16.75
E0195,2025-12-01,40.00,12.50
E0196,2025-12-01,40.00,21.50
E0197,2025-12-01,40.00,4.25
E0198,2025-12-01,40.00,23.00
E0199,2025-12-01,40.00,0.00
E0200,2025-12-01,40.00,0.00
E0201,2025-12-01,40.00,21.50
E0202,2025-12-01,40.00,19.75
E0203,2025-12-01,40.00,8.75
E0204,2025-12-01,24.00,0.50
E0205,2025-12-01,40.00,16.50
E0206,2025-12-01,40.00,13.00
E0207,2025-12-01,24.00,0.00
E0209,2025-12-01,40.00,5.25
E0210,2025-12-01,40.00,15.25
E0211,2025-12-01,40.00,19.50
E0212,2025-12-01,40.00,0.00
E0213,2025-12-01,40.00,0.00
E0214,2025-12-01,32.00,0.00
E0215,2025-12-01,40.00,8.75
E0216,2025-12-01,40.00,0.00
E0218,2025-12-01,40.00,0.00
E0219,2025-12-01,24.00,0.00
E0220,2025-12-01,24.00,4.75
E0221,2025-12-01,40.00,0.00
E0222,2025-12-01,40.00,6.50
E0223,2025-12-01,24.00,0.00
E0224,2025-12-01,40.00,5.25
E0225,2025-12-01,40.00,12.00
E0226,2025-12-01,8.00,0.00
E0227,2025-12-01,24.00,14.00
E0228,2025-12-01,32.00,0.00
E0229,2025-12-01,40.00,9.50
E0230,2025-12-01,32.00,0.00
E0231,2025-12-01,40.00,10.00
E0232,2025-12-01,40.00,14.25
E0233,2025-12-01,40.00,0.00
E0234,2025-12-01,40.00,0.00
E0235,2025-12-01,24.00,0.00
E0236,2025-12-01,24.00,7.00
E0237,2025-12-01,40.00,0.00
E0238,2025-12-01,40.00,13.25
E0239,2025-12-01,40.00,16.75
E0240,2025-12-01,40.00,0.00
E0241,2025-12-01,40.00,0.00
E0242,2025-12-01,40.00,0.00
E0243,2025-12-01,40.00,16.50
E0244,2025-12-01,40.00,14.25
E0245,2025-12-01,40.00,0.50
E0246,2025-12-01,40.00,26.25
E0247,2025-12-01,40.00,0.00
E0248,2025-12-01,24.00,0.00
E0249,2025-12-01,40.00,0.00
E0250,2025-12-01,40.00,11.00
E0251,2025-12-01,32.00,0.00
E0252,2025-12-01,40.00,0.00
E0253,2025-12-01,40.00,0.00
E0254,2025-12-01,40.00,0.00
E0255,2025-12-01,32.00,0.00
E0256,2025-12-01,40.00,8.25
E0257,2025-12-01,40.00,14.00
E0001,2025-12-08,40.00,4.50
E0002,2025-12-08,32.00,0.00
E0003,2025-12-08,40.00,0.00
E0004,2025-12-08,40.00,0.00
E0005,2025-12-08,40.00,0.00
E0006,2025-12-08,40.00,0.00
E0007,2025-12-08,24.00,0.00
E0008,2025-12-08,40.00,0.00
E0009,2025-12-08,40.00,0.00
E0010,2025-12-08,40.00,1.25
E0011,2025-12-08,40.00,0.00
E0012,2025-12-08,40.00,2.00
E0013,2025-12-08,40.00,0.00
E0014,2025-12-08,40.00,0.00
E0015,2025-12-08,40.00,0.00
E0016,2025-12-08,40.00,0.00
E0017,2025-12-08,40.00,0.00
E0018,2025-12-08,40.00,0.00
E0019,2025-12-08,40.00,0.00
E0020,2025-12-08,40.00,0.00
E0021,2025-12-08,40.00,0.00
E0022,2025-12-08,40.00,0.00
E0023,2025-12-08,40.00,0.00
E0024,2025-12-08,32.00,0.00
E0025,2025-12-08,40.00,0.00
E0026,2025-12-08,40.00,0.00
E0027,2025-12-08,40.00,0.00
E0028,2025-12-08,40.00,0.00
E0029,2025-12-08,40.00,0.00
E0030,2025-12-08,40.00,0.00
E0031,2025-12-08,40.00,0.00
E0032,2025-12-08,40.00,0.00
E0033,2025-12-08,40.00,0.00
E0034,2025-12-08,40.00,0.00
E0035,2025-12-08,24.00,0.00
E0036,2025-12-08,40.00,0.00
E0037,2025-12-08,40.00,0.00
E0038,2025-12-08,40.00,0.00
E0039,2025-12-08,40.00,0.00
E0041,2025-12-08,40.00,0.00
E0042,2025-12-08,40.00,0.00
E0043,2025-12-08,40.00,0.00
E0044,2025-12-08,40.00,0.00
E0045,2025-12-08,40.00,0.00
E0046,2025-12-08,40.00,0.00
E0047,2025-12-08,32.00,0.00
E0048,2025-12-08,40.00,0.00
E0049,2025-12-08,40.00,0.00
E0050,2025-12-08,40.00,2.50
E0051,2025-12-08,40.00,0.00
E0052,2025-12-08,40.00,0.00
E0053,2025-12-08,40.00,0.00
E0054,2025-12-08,40.00,0.00
E0055,2025-12-08,32.00,0.00
E0056,2025-12-08,32.00,0.00
E0057,2025-12-08,40.00,2.25
E0058,2025-12-08,40.00,1.75
E0059,2025-12-08,40.00,0.00
E0060,2025-12-08,40.00,0.00
E0061,2025-12-08,40.00,0.00
E0062,2025-12-08,40.00,0.00
E0063,2025-12-08,40.00,0.00
E0065,2025-12-08,40.00,0.00
E0066,2025-12-08,40.00,0.00
E0067,2025-12-08,40.00,0.00
E0068,2025-12-08,24.00,0.00
E0069,2025-12-08,40.00,0.00
E0070,2025-12-08,40.00,0.00
E0071,2025-12-08,40.00,0.00
E0072,2025-12-08,40.00,0.00
E0073,2025-12-08,40.00,0.00
E0074,2025-12-08,40.00,0.00
E0075,2025-12-08,40.00,0.00
E0076,2025-12-08,40.00,0.00
E0077,2025-12-08,40.00,0.00
E0078,2025-12-08,32.00,0.00
E0079,2025-12-08,40.00,1.75
E0080,2025-12-08,40.00,0.00
E0081,2025-12-08,40.00,0.00
E0082,2025-12-08,32.00,0.00
E0083,2025-12-08,40.00,0.00
E0084,2025-12-08,40.00,0.00
E0085,2025-12-08,40.00,2.00
E0086,2025-12-08,40.00,0.00
E0087,2025-12-08,24.00,0.00
E0088,2025-12-08,40.00,1.50
E0089,2025-12-08,40.00,1.50
E0091,2025-12-08,32.00,0.00
E0092,2025-12-08,40.00,0.00
E0093,2025-12-08,40.00,0.00
E0094,2025-12-08,40.00,0.00
E0095,2025-12-08,40.00,0.00
E0096,2025-12-08,24.00,0.00
E0097,2025-12-08,40.00,0.00
E0098,2025-12-08,40.00,0.00
E0099,2025-12-08,40.00,0.00
E0100,2025-12-08,40.00,0.00
E0101,2025-12-08,40.00,0.75
E0102,2025-12-08,40.00,0.00
E0103,2025-12-08,32.00,0.00
E0104,2025-12-08,40.00,0.00
E0105,2025-12-08,40.00,0.00
E0106,2025-12-08,40.00,0.75
E0107,2025-12-08,40.00,2.50
E0108,2025-12-08,40.00,0.00
E0109,2025-12-08,32.00,0.00
E0110,2025-12-08,24.00,0.00
E0111,2025-12-08,40.00,0.00
E0112,2025-12-08,40.00,0.00
E0113,2025-12-08,40.00,0.00
E0114,2025-12-08,40.00,0.00
E0115,2025-12-08,24.00,0.00
E0116,2025-12-08,24.00,1.75
E0118,2025-12-08,24.00,0.00
E0119,2025-12-08,40.00,0.00
E0120,2025-12-08,40.00,0.00
E0121,2025-12-08,40.00,0.00
E0122,2025-12-08,40.00,0.00
E0123,2025-12-08,40.00,4.50
E0124,2025-12-08,40.00,2.50
E0125,2025-12-08,40.00,2.25
E0126,2025-12-08,40.00,0.00
E0127,2025-12-08,40.00,2.75
E0128,2025-12-08,40.00,5.50
E0129,2025-12-08,40.00,2.50
E0130,2025-12-08,40.00,6.75
E0132,2025-12-08,40.00,0.00
E0133,2025-12-08,40.00,2.50
E0134,2025-12-08,40.00,5.25
E0135,2025-12-08,40.00,5.75
E0136,2025-12-08,40.00,0.00
E0137,2025-12-08,40.00,0.00
E0138,2025-12-08,40.00,0.00
E0139,2025-12-08,40.00,0.00
E0140,2025-12-08,40.00,0.00
E0141,2025-12-08,40.00,2.25
E0142,2025-12-08,40.00,3.75
E0143,2025-12-08,24.00,0.00
E0144,2025-12-08,32.00,0.00
E0145,2025-12-08,32.00,0.00
E0146,2025-12-08,24.00,0.00
E0147,2025-12-08,40.00,7.50
E0148,2025-12-08,24.00,0.00
E0149,2025-12-08,40.00,0.00
E0150,2025-12-08,24.00,0.00
E0151,2025-12-08,40.00,0.00
E0152,2025-12-08,40.00,4.25
E0153,2025-12-08,40.00,0.00
E0154,2025-12-08,40.00,0.00
E0155,2025-12-08,32.00,0.00
E0156,2025-12-08,40.00,15.25
E0157,2025-12-08,40.00,0.00
E0159,2025-12-08,40.00,7.25
E0160,2025-12-08,40.00,16.75
E0161,2025-12-08,40.00,10.00
E0162,2025-12-08,40.00,0.00
E0163,2025-12-08,32.00,0.00
E0164,2025-12-08,40.00,0.00
E0165,2025-12-08,40.00,15.25
E0166,2025-12-08,40.00,0.00
E0167,2025-12-08,40.00,23.25
E0169,2025-12-08,24.00,0.00
E0170,2025-12-08,24.00,0.00
E0171,2025-12-08,24.00,0.00
E0172,2025-12-08,40.00,0.00
E0173,2025-12-08,40.00,14.75
E0174,2025-12-08,40.00,17.75
E0175,2025-12-08,40.00,0.00
E0176,2025-12-08,40.00,10.75
E0177,2025-12-08,24.00,0.00
E0178,2025-12-08,40.00,0.00
E0179,2025-12-08,40.00,8.50
E0180,2025-12-08,40.00,0.00
E0181,2025-12-08,24.00,0.00
E0182,2025-12-08,24.00,20.00
E0183,2025-12-08,40.00,0.00
E0184,2025-12-08,40.00,16.75
E0185,2025-12-08,40.00,15.00
E0186,2025-12-08,24.00,10.50
E0187,2025-12-08,40.00,19.25
E0188,2025-12-08,40.00,0.00
E0189,2025-12-08,40.00,6.75
E0190,2025-12-08,40.00,15.00
E0191,2025-12-08,40.00,16.50
E0192,2025-12-08,40.00,0.00
E0193,2025-12-08,40.00,0.00
E0194,2025-12-08,32.00,0.00
E0195,2025-12-08,40.00,0.00
E0196,2025-12-08,40.00,0.00
E0197,2025-12-08,40.00,9.50
E0198,2025-12-08,40.00,0.00
E0199,2025-12-08,24.00,0.00
E0200,2025-12-08,40.00,0.00
E0201,2025-12-08,24.00,0.00
E0202,2025-12-08,40.00,10.00
E0203,2025-12-08,40.00,0.00
E0204,2025-12-08,24.00,11.50
E0205,2025-12-08,40.00,23.00
E0206,2025-12-08,40.00,22.50
E0207,2025-12-08,40.00,11.25
E0209,2025-12-08,40.00,11.25
E0210,2025-12-08,40.00,7.00
E0211,2025-12-08,40.00,24.75
E0212,2025-12-08,40.00,0.00
E0213,2025-12-08,40.00,9.50
E0214,2025-12-08,40.00,12.50
E0215,2025-12-08,40.00,3.00
E0216,2025-12-08,40.00,12.00
E0218,2025-12-08,40.00,8.25
E0219,2025-12-08,24.00,10.00
E0220,2025-12-08,24.00,0.00
E0221,2025-12-08,40.00,8.25
E0222,2025-12-08,40.00,0.00
E0223,2025-12-08,40.00,15.00
E0224,2025-12-08,40.00,7.75
E0225,2025-12-08,40.00,11.50
E0226,2025-12-08,24.00,0.00
E0227,2025-12-08,24.00,9.25
E0228,2025-12-08,40.00,7.75
E0229,2025-12-08,40.00,0.00
E0230,2025-12-08,24.00,0.00
E0231,2025-12-08,40.00,16.75
E0232,2025-12-08,40.00,4.25
E0233,2025-12-08,40.00,0.00
E0234,2025-12-08,40.00,13.25
E0235,2025-12-08,40.00,8.50
E0236,2025-12-08,24.00,19.25
E0237,2025-12-08,32.00,0.00
E0238,2025-12-08,40.00,15.25
E0239,2025-12-08,40.00,18.75
E0240,2025-12-08,40.00,9.75
E0241,2025-12-08,40.00,16.50
E0242,2025-12-08,40.00,9.75
E0243,2025-12-08,40.00,26.50
E0244,2025-12-08,40.00,0.00
E0245,2025-12-08,40.00,17.25
E0246,2025-12-08,40.00,19.00
E0247,2025-12-08,40.00,0.00
E0248,2025-12-08,24.00,0.00
E0249,2025-12-08,32.00,0.00
E0250,2025-12-08,40.00,0.00
E0251,2025-12-08,40.00,8.25
E0252,2025-12-08,40.00,0.00
E0253,2025-12-08,40.00,0.00
E0254,2025-12-08,40.00,0.00
E0255,2025-12-08,40.00,5.50
E0256,2025-12-08,40.00,10.75
E0257,2025-12-08,40.00,12.00
E0001,2025-12-15,40.00,0.00
E0002,2025-12-15,40.00,0.00
E0003,2025-12-15,40.00,0.00
E0004,2025-12-15,40.00,0.00
E0005,2025-12-15,40.00,0.00
E0006,2025-12-15,24.00,0.00
E0007,2025-12-15,40.00,0.00
E0008,2025-12-15,40.00,0.00
E0009,2025-12-15,40.00,0.00
E0010,2025-12-15,40.00,1.75
E0011,2025-12-15,40.00,1.50
E0012,2025-12-15,40.00,0.00
E0013,2025-12-15,40.00,0.00
E0014,2025-12-15,40.00,0.00
E0015,2025-12-15,40.00,1.25
E0016,2025-12-15,40.00,0.00
E0017,2025-12-15,40.00,0.00
E0018,2025-12-15,40.00,0.00
E0019,2025-12-15,40.00,0.00
E0020,2025-12-15,40.00,0.00
E0021,2025-12-15,40.00,0.00
E0022,2025-12-15,40.00,0.00
E0023,2025-12-15,24.00,0.00
E0024,2025-12-15,40.00,0.00
E0025,2025-12-15,40.00,0.00
E0026,2025-12-15,32.00,0.00
E0027,2025-12-15,40.00,0.00
E0028,2025-12-15,40.00,0.00
E0029,2025-12-15,40.00,1.00
E0030,2025-12-15,40.00,0.00
E0031,2025-12-15,40.00,0.00
E0032,2025-12-15,40.00,0.00
E0033,2025-12-15,40.00,0.00
E0034,2025-12-15,40.00,0.00
E0035,2025-12-15,40.00,0.00
E0036,2025-12-15,32.00,0.00
E0037,2025-12-15,24.00,0.00
E0038,2025-12-15,40.00,0.00
E0039,2025-12-15,40.00,0.00
E0041,2025-12-15,40.00,0.00
E0042,2025-12-15,32.00,0.00
E0043,2025-12-15,40.00,0.00
E0044,2025-12-15,40.00,0.00
E0045,2025-12-15,40.00,0.00
E0046,2025-12-15,40.00,0.00
E0047,2025-12-15,40.00,0.00
E0048,2025-12-15,32.00,0.00
E0049,2025-12-15,40.00,0.00
E0050,2025-12-15,40.00,3.25
E0051,2025-12-15,40.00,0.00
E0052,2025-12-15,40.00,0.00
E0053,2025-12-15,40.00,0.00
E0054,2025-12-15,40.00,0.00
E0055,2025-12-15,32.00,0.00
E0056,2025-12-15,40.00,0.00
E0057,2025-12-15,40.00,0.00
E0058,2025-12-15,40.00,2.25
E0059,2025-12-15,40.00,0.00
E0060,2025-12-15,40.00,0.00
E0061,2025-12-15,40.00,2.50
E0062,2025-12-15,40.00,0.00
E0063,2025-12-15,24.00,0.00
E0065,2025-12-15,40.00,0.00
E0066,2025-12-15,24.00,0.00
E0067,2025-12-15,40.00,0.00
E0068,2025-12-15,40.00,0.00
E0069,2025-12-15,40.00,0.00
E0070,2025-12-15,40.00,0.00
E0071,2025-12-15,40.00,0.00
E0072,2025-12-15,40.00,0.00
E0073,2025-12-15,40.00,0.00
E0074,2025-12-15,32.00,0.00
E0075,2025-12-15,40.00,0.00
E0076,2025-12-15,40.00,0.00
E0077,2025-12-15,40.00,0.00
E0078,2025-12-15,32.00,0.00
E0079,2025-12-15,40.00,3.50
E0080,2025-12-15,40.00,0.00
E0081,2025-12-15,40.00,0.00
E0082,2025-12-15,40.00,0.00
E0083,2025-12-15,40.00,0.00
E0084,2025-12-15,40.00,0.00
E0085,2025-12-15,40.00,0.75
E0086,2025-12-15,40.00,2.25
E0087,2025-12-15,40.00,0.00
E0088,2025-12-15,40.00,2.75
E0089,2025-12-15,40.00,0.25
E0091,2025-12-15,40.00,0.00
E0092,2025-12-15,40.00,0.00
E0093,2025-12-15,40.00,0.00
E0094,2025-12-15,40.00,0.00
E0095,2025-12-15,32.00,0.00
E0096,2025-12-15,40.00,0.00
E0097,2025-12-15,40.00,0.00
E0098,2025-12-15,40.00,0.00
E0099,2025-12-15,40.00,0.00
E0100,2025-12-15,40.00,0.00
E0101,2025-12-15,40.00,0.75
E0102,2025-12-15,40.00,0.00
E0103,2025-12-15,40.00,0.00
E0104,2025-12-15,40.00,0.00
E0105,2025-12-15,40.00,0.00
E0106,2025-12-15,40.00,0.00
E0107,2025-12-15,40.00,1.75
E0108,2025-12-15,40.00,5.25
E0109,2025-12-15,40.00,1.25
E0110,2025-12-15,40.00,0.00
E0111,2025-12-15,40.00,5.75
E0112,2025-12-15,40.00,6.00
E0113,2025-12-15,40.00,6.00
E0114,2025-12-15,40.00,0.00
E0115,2025-12-15,8.00,0.00
E0116,2025-12-15,24.00,0.00
E0118,2025-12-15,24.00,3.75
E0119,2025-12-15,40.00,2.75
E0120,2025-12-15,40.00,0.00
E0121,2025-12-15,40.00,0.00
E0122,2025-12-15,40.00,0.00
E0123,2025-12-15,40.00,3.50
E0124,2025-12-15,24.00,0.00
E0125,2025-12-15,40.00,2.00
E0126,2025-12-15,40.00,5.25
E0127,2025-12-15,40.00,0.50
E0128,2025-12-15,40.00,0.00
E0129,2025-12-15,32.00,0.00
E0130,2025-12-15,40.00,4.75
E0132,2025-12-15,40.00,3.75
E0133,2025-12-15,40.00,0.00
E0134,2025-12-15,40.00,5.25
E0135,2025-12-15,40.00,7.00
E0136,2025-12-15,40.00,0.00
E0137,2025-12-15,40.00,0.00
E0138,2025-12-15,40.00,0.00
E0139,2025-12-15,40.00,0.00
E0140,2025-12-15,40.00,0.00
E0141,2025-12-15,40.00,0.00
E0142,2025-12-15,32.00,0.00
E0143,2025-12-15,40.00,0.00
E0144,2025-12-15,40.00,0.00
E0145,2025-12-15,40.00,0.00
E0146,2025-12-15,40.00,0.00
E0147,2025-12-15,40.00,7.00
E0148,2025-12-15,40.00,0.00
E0149,2025-12-15,40.00,0.00
E0150,2025-12-15,24.00,0.00
E0151,2025-12-15,40.00,2.50
E0152,2025-12-15,40.00,7.25
E0153,2025-12-15,40.00,0.00
E0154,2025-12-15,40.00,0.00
E0155,2025-12-15,32.00,0.00
E0156,2025-12-15,40.00,0.00
E0157,2025-12-15,40.00,0.00
E0159,2025-12-15,40.00,9.00
E0160,2025-12-15,40.00,4.00
E0161,2025-12-15,40.00,4.00
E0162,2025-12-15,40.00,0.00
E0163,2025-12-15,40.00,11.00
E0164,2025-12-15,40.00,8.25
E0165,2025-12-15,40.00,2.25
E0166,2025-12-15,40.00,0.00
E0167,2025-12-15,32.00,0.00
E0169,2025-12-15,40.00,17.50
E0170,2025-12-15,40.00,24.50
E0171,2025-12-15,40.00,0.00
E0172,2025-12-15,40.00,0.00
E0173,2025-12-15,40.00,0.00
E0174,2025-12-15,40.00,21.75
E0175,2025-12-15,24.00,0.00
E0176,2025-12-15,24.00,0.00
E0177,2025-12-15,24.00,17.50
E0178,2025-12-15,32.00,0.00
E0179,2025-12-15,24.00,0.00
E0180,2025-12-15,40.00,9.50
E0181,2025-12-15,40.00,10.25
E0182,2025-12-15,16.00,0.00
E0183,2025-12-15,40.00,0.00
E0184,2025-12-15,40.00,0.00
E0185,2025-12-15,40.00,0.00
E0186,2025-12-15,16.00,0.00
E0187,2025-12-15,40.00,18.25
E0188,2025-12-15,40.00,0.00
E0189,2025-12-15,40.00,6.25
E0190,2025-12-15,40.00,6.25
E0191,2025-12-15,40.00,16.00
E0192,2025-12-15,40.00,7.50
E0193,2025-12-15,40.00,12.50
E0194,2025-12-15,40.00,13.50
E0195,2025-12-15,40.00,0.00
E0196,2025-12-15,40.00,11.75
E0197,2025-12-15,40.00,18.75
E0198,2025-12-15,40.00,0.00
E0199,2025-12-15,40.00,6.00
E0200,2025-12-15,40.00,0.00
E0201,2025-12-15,40.00,14.50
E0202,2025-12-15,40.00,0.00
E0203,2025-12-15,32.00,0.00
E0204,2025-12-15,24.00,3.00
E0205,2025-12-15,40.00,18.25
E0206,2025-12-15,40.00,11.50
E0207,2025-12-15,40.00,18.50
E0209,2025-12-15,40.00,0.00
E0210,2025-12-15,40.00,26.25
E0211,2025-12-15,40.00,12.50
E0212,2025-12-15,40.00,0.00
E0213,2025-12-15,40.00,0.00
E0214,2025-12-15,40.00,0.00
E0215,2025-12-15,40.00,12.75
E0216,2025-12-15,40.00,4.00
E0218,2025-12-15,40.00,0.00
E0219,2025-12-15,24.00,10.00
E0220,2025-12-15,24.00,0.00
E0221,2025-12-15,40.00,8.00
E0222,2025-12-15,40.00,0.00
E0223,2025-12-15,40.00,7.75
E0224,2025-12-15,40.00,13.50
E0225,2025-12-15,40.00,0.00
E0226,2025-12-15,24.00,12.00
E0227,2025-12-15,24.00,0.00
E0228,2025-12-15,40.00,10.50
E0229,2025-12-15,32.00,0.00
E0230,2025-12-15,40.00,9.25
E0232,2025-12-15,40.00,12.75
E0233,2025-12-15,40.00,10.00
E0234,2025-12-15,40.00,0.00
E0235,2025-12-15,40.00,0.00
E0236,2025-12-15,24.00,12.75
E0237,2025-12-15,40.00,15.75
E0238,2025-12-15,40.00,0.00
E0239,2025-12-15,40.00,4.75
E0240,2025-12-15,40.00,0.00
E0241,2025-12-15,40.00,14.75
E0242,2025-12-15,40.00,0.00
E0243,2025-12-15,40.00,5.75
E0244,2025-12-15,40.00,21.75
E0245,2025-12-15,40.00,3.00
E0246,2025-12-15,40.00,26.50
E0247,2025-12-15,40.00,24.50
E0248,2025-12-15,24.00,13.50
E0249,2025-12-15,40.00,0.00
E0250,2025-12-15,24.00,0.00
E0251,2025-12-15,40.00,2.25
E0252,2025-12-15,40.00,0.00
E0253,2025-12-15,40.00,0.00
E0254,2025-12-15,40.00,0.00
E0255,2025-12-15,32.00,0.00
E0256,2025-12-15,40.00,6.00
E0257,2025-12-15,40.00,11.00
E0258,2025-12-15,40.00,0.00
E0001,2025-12-22,40.00,1.75
E0002,2025-12-22,40.00,0.00
E0003,2025-12-22,40.00,0.00
E0004,2025-12-22,40.00,0.00
E0005,2025-12-22,40.00,0.00
E0006,2025-12-22,32.00,0.00
E0007,2025-12-22,40.00,0.00
E0008,2025-12-22,40.00,0.00
E0009,2025-12-22,40.00,0.00
E0010,2025-12-22,40.00,0.00
E0011,2025-12-22,40.00,0.50
E0012,2025-12-22,40.00,3.00
E0013,2025-12-22,40.00,0.00
E0014,2025-12-22,40.00,0.00
E0015,2025-12-22,40.00,0.75
E0016,2025-12-22,40.00,0.00
E0017,2025-12-22,40.00,0.00
E0018,2025-12-22,40.00,0.00
E0019,2025-12-22,40.00,0.00
E0020,2025-12-22,32.00,0.00
E0021,2025-12-22,32.00,0.00
E0022,2025-12-22,32.00,0.00
E0023,2025-12-22,40.00,0.00
E0024,2025-12-22,40.00,0.00
E0025,2025-12-22,40.00,0.00
E0026,2025-12-22,40.00,0.00
E0027,2025-12-22,40.00,0.00
E0028,2025-12-22,40.00,0.00
E0029,2025-12-22,40.00,3.75
E0030,2025-12-22,40.00,0.00
E0031,2025-12-22,40.00,0.00
E0032,2025-12-22,40.00,0.00
E0033,2025-12-22,40.00,0.00
E0034,2025-12-22,40.00,0.00
E0035,2025-12-22,40.00,0.00
E0036,2025-12-22,40.00,0.00
E0037,2025-12-22,24.00,0.00
E0038,2025-12-22,40.00,0.00
E0039,2025-12-22,40.00,0.00
E0041,2025-12-22,40.00,0.00
E0042,2025-12-22,40.00,0.00
E0043,2025-12-22,40.00,0.00
E0044,2025-12-22,40.00,0.00
E0045,2025-12-22,40.00,0.00
E0046,2025-12-22,40.00,0.00
E0047,2025-12-22,40.00,0.00
E0048,2025-12-22,40.00,0.00
E0049,2025-12-22,32.00,0.00
E0050,2025-12-22,32.00,0.00
E0051,2025-12-22,40.00,0.00
E0052,2025-12-22,40.00,0.00
E0053,2025-12-22,40.00,0.00
E0054,2025-12-22,40.00,0.00
E0055,2025-12-22,40.00,0.00
E0056,2025-12-22,40.00,0.00
E0057,2025-12-22,40.00,0.00
E0058,2025-12-22,40.00,1.50
E0059,2025-12-22,40.00,0.00
E0060,2025-12-22,40.00,0.00
E0061,2025-12-22,40.00,1.75
E0062,2025-12-22,40.00,0.00
E0063,2025-12-22,40.00,0.00
E0065,2025-12-22,40.00,0.00
E0066,2025-12-22,24.00,0.00
E0067,2025-12-22,40.00,0.00
E0068,2025-12-22,40.00,0.00
E0069,2025-12-22,40.00,0.00
E0070,2025-12-22,40.00,0.00
E0071,2025-12-22,40.00,0.00
E0072,2025-12-22,40.00,0.00
E0073,2025-12-22,40.00,0.00
E0074,2025-12-22,40.00,0.00
E0075,2025-12-22,40.00,0.00
E0076,2025-12-22,40.00,0.00
E0077,2025-12-22,40.00,0.00
E0078,2025-12-22,32.00,0.00
E0079,2025-12-22,40.00,0.00
E0081,2025-12-22,40.00,0.00
E0082,2025-12-22,40.00,0.00
E0083,2025-12-22,24.00,0.00
E0084,2025-12-22,40.00,0.00
E0085,2025-12-22,40.00,0.50
E0086,2025-12-22,40.00,1.25
E0087,2025-12-22,40.00,0.00
E0088,2025-12-22,40.00,0.00
E0089,2025-12-22,32.00,0.00
E0091,2025-12-22,40.00,0.00
E0092,2025-12-22,40.00,0.00
E0093,2025-12-22,40.00,0.00
E0094,2025-12-22,40.00,0.00
E0095,2025-12-22,40.00,0.00
E0096,2025-12-22,40.00,0.00
E0097,2025-12-22,40.00,0.00
E0098,2025-12-22,40.00,0.00
E0099,2025-12-22,40.00,0.00
E0100,2025-12-22,40.00,0.00
E0101,2025-12-22,40.00,0.00
E0102,2025-12-22,40.00,0.00
E0103,2025-12-22,40.00,0.00
E0104,2025-12-22,40.00,0.00
E0105,2025-12-22,40.00,0.00
E0106,2025-12-22,40.00,0.00
E0107,2025-12-22,40.00,0.00
E0108,2025-12-22,40.00,0.00
E0109,2025-12-22,40.00,3.25
E0110,2025-12-22,40.00,0.00
E0111,2025-12-22,40.00,0.00
E0112,2025-12-22,40.00,0.00
E0113,2025-12-22,40.00,0.00
E0114,2025-12-22,40.00,2.75
E0115,2025-12-22,24.00,0.00
E0116,2025-12-22,24.00,2.50
E0118,2025-12-22,24.00,5.50
E0119,2025-12-22,40.00,0.00
E0120,2025-12-22,24.00,0.00
E0121,2025-12-22,40.00,0.00
E0122,2025-12-22,40.00,0.00
E0123,2025-12-22,40.00,0.00
E0124,2025-12-22,40.00,3.50
E0125,2025-12-22,40.00,1.00
E0126,2025-12-22,40.00,5.25
E0127,2025-12-22,40.00,2.50
E0128,2025-12-22,40.00,5.75
E0129,2025-12-22,40.00,4.00
E0130,2025-12-22,40.00,0.00
E0132,2025-12-22,40.00,4.25
E0133,2025-12-22,40.00,6.75
E0134,2025-12-22,40.00,5.50
E0135,2025-12-22,40.00,0.00
E0136,2025-12-22,40.00,0.00
E0137,2025-12-22,40.00,0.00
E0138,2025-12-22,40.00,0.00
E0139,2025-12-22,40.00,0.00
E0140,2025-12-22,40.00,0.00
E0141,2025-12-22,40.00,5.50
E0142,2025-12-22,40.00,0.00
E0143,2025-12-22,40.00,0.00
E0144,2025-12-22,40.00,0.00
E0145,2025-12-22,32.00,0.00
E0146,2025-12-22,40.00,0.00
E0147,2025-12-22,40.00,2.75
E0148,2025-12-22,32.00,0.00
E0149,2025-12-22,40.00,0.00
E0150,2025-12-22,24.00,0.00
E0151,2025-12-22,40.00,6.75
E0152,2025-12-22,40.00,10.00
E0153,2025-12-22,40.00,0.00
E0154,2025-12-22,40.00,0.00
E0155,2025-12-22,32.00,0.00
E0156,2025-12-22,24.00,0.00
E0157,2025-12-22,40.00,0.00
E0159,2025-12-22,40.00,12.75
E0160,2025-12-22,40.00,8.25
E0161,2025-12-22,40.00,0.00
E0162,2025-12-22,32.00,0.00
E0163,2025-12-22,40.00,18.50
E0164,2025-12-22,40.00,0.00
E0165,2025-12-22,40.00,9.75
E0166,2025-12-22,40.00,0.00
E0167,2025-12-22,40.00,23.50
E0169,2025-12-22,40.00,13.25
E0170,2025-12-22,40.00,0.00
E0171,2025-12-22,24.00,0.00
E0172,2025-12-22,32.00,0.00
E0173,2025-12-22,40.00,0.00
E0174,2025-12-22,40.00,14.00
E0175,2025-12-22,40.00,20.25
E0176,2025-12-22,40.00,10.75
E0177,2025-12-22,24.00,13.25
E0178,2025-12-22,40.00,0.00
E0179,2025-12-22,40.00,4.00
E0180,2025-12-22,40.00,7.75
E0181,2025-12-22,40.00,0.00
E0182,2025-12-22,24.00,0.00
E0183,2025-12-22,32.00,0.00
E0184,2025-12-22,40.00,0.00
E0185,2025-12-22,40.00,11.50
E0186,2025-12-22,24.00,0.00
E0187,2025-12-22,40.00,28.00
E0188,2025-12-22,40.00,0.00
E0189,2025-12-22,40.00,0.00
E0190,2025-12-22,24.00,0.00
E0191,2025-12-22,32.00,0.00
E0192,2025-12-22,40.00,0.00
E0193,2025-12-22,24.00,0.00
E0194,2025-12-22,40.00,0.00
E0195,2025-12-22,40.00,12.50
E0196,2025-12-22,32.00,0.00
E0197,2025-12-22,40.00,14.25
E0198,2025-12-22,40.00,0.00
E0199,2025-12-22,40.00,0.00
E0200,2025-12-22,40.00,0.00
E0201,2025-12-22,40.00,0.00
E0202,2025-12-22,40.00,5.25
E0203,2025-12-22,40.00,13.25
E0204,2025-12-22,24.00,14.50
E0205,2025-12-22,32.00,0.00
E0206,2025-12-22,40.00,13.75
E0207,2025-12-22,40.00,11.50
E0209,2025-12-22,40.00,0.00
E0210,2025-12-22,32.00,0.00
E0211,2025-12-22,40.00,14.25
E0212,2025-12-22,24.00,0.00
E0213,2025-12-22,40.00,3.75
E0214,2025-12-22,40.00,5.50
E0215,2025-12-22,32.00,0.00
E0216,2025-12-22,40.00,0.00
E0218,2025-12-22,40.00,8.75
E0219,2025-12-22,24.00,17.00
E0220,2025-12-22,24.00,0.00
E0221,2025-12-22,40.00,12.00
E0222,2025-12-22,32.00,0.00
E0223,2025-12-22,40.00,0.00
E0224,2025-12-22,40.00,7.00
E0225,2025-12-22,40.00,0.00
E0226,2025-12-22,24.00,14.25
E0227,2025-12-22,24.00,15.25
E0228,2025-12-22,40.00,0.00
E0229,2025-12-22,40.00,0.00
E0230,2025-12-22,40.00,9.50
E0232,2025-12-22,40.00,12.50
E0233,2025-12-22,24.00,0.00
E0234,2025-12-22,40.00,3.00
E0235,2025-12-22,40.00,15.25
E0236,2025-12-22,24.00,8.00
E0237,2025-12-22,40.00,0.00
E0238,2025-12-22,40.00,9.75
E0239,2025-12-22,40.00,9.50
E0240,2025-12-22,40.00,15.25
E0241,2025-12-22,40.00,0.00
E0242,2025-12-22,40.00,16.25
E0243,2025-12-22,40.00,0.00
E0244,2025-12-22,40.00,7.00
E0245,2025-12-22,32.00,0.00
E0246,2025-12-22,40.00,15.25
E0247,2025-12-22,40.00,0.00
E0248,2025-12-22,24.00,7.25
E0249,2025-12-22,40.00,0.00
E0250,2025-12-22,32.00,0.00
E0251,2025-12-22,40.00,5.25
E0252,2025-12-22,40.00,0.00
E0253,2025-12-22,40.00,0.00
E0254,2025-12-22,40.00,0.00
E0255,2025-12-22,40.00,0.00
E0256,2025-12-22,40.00,12.00
E0257,2025-12-22,40.00,0.00
E0258,2025-12-22,40.00,0.00
E0259,2025-12-22,24.00,0.00
E0260,2025-12-22,40.00,0.00
E0001,2025-12-29,40.00,3.50
E0002,2025-12-29,40.00,0.00
E0003,2025-12-29,40.00,0.00
E0004,2025-12-29,40.00,0.00
E0005,2025-12-29,40.00,0.00
E0006,2025-12-29,40.00,0.00
E0007,2025-12-29,40.00,0.00
E0008,2025-12-29,40.00,0.00
E0009,2025-12-29,40.00,0.00
E0010,2025-12-29,40.00,0.00
E0011,2025-12-29,40.00,2.50
E0012,2025-12-29,40.00,0.00
E0013,2025-12-29,40.00,0.00
E0014,2025-12-29,40.00,0.00
E0015,2025-12-29,40.00,2.75
E0016,2025-12-29,40.00,0.00
E0017,2025-12-29,40.00,0.00
E0018,2025-12-29,40.00,0.00
E0019,2025-12-29,40.00,0.00
E0020,2025-12-29,40.00,0.00
E0021,2025-12-29,40.00,0.00
E0022,2025-12-29,24.00,0.00
E0023,2025-12-29,40.00,0.00
E0024,2025-12-29,40.00,0.00
E0025,2025-12-29,40.00,0.00
E0026,2025-12-29,40.00,0.00
E0027,2025-12-29,40.00,0.00
E0028,2025-12-29,40.00,0.00
E0029,2025-12-29,40.00,0.00
E0030,2025-12-29,24.00,0.00
E0031,2025-12-29,40.00,0.00
E0032,2025-12-29,40.00,0.00
E0033,2025-12-29,40.00,0.00
E0034,2025-12-29,40.00,0.00
E0035,2025-12-29,40.00,0.00
E0036,2025-12-29,40.00,0.00
E0037,2025-12-29,40.00,0.00
E0038,2025-12-29,40.00,0.00
E0039,2025-12-29,32.00,0.00
E0041,2025-12-29,40.00,0.00
E0042,2025-12-29,40.00,0.00
E0043,2025-12-29,40.00,0.00
E0044,2025-12-29,40.00,0.00
E0045,2025-12-29,40.00,0.00
E0046,2025-12-29,32.00,0.00
E0047,2025-12-29,40.00,0.00
E0048,2025-12-29,40.00,0.00
E0049,2025-12-29,40.00,0.00
E0050,2025-12-29,40.00,3.00
E0051,2025-12-29,40.00,0.00
E0052,2025-12-29,24.00,0.00
E0053,2025-12-29,40.00,0.00
E0054,2025-12-29,40.00,0.00
E0055,2025-12-29,40.00,0.00
E0056,2025-12-29,40.00,0.00
E0057,2025-12-29,40.00,0.00
E0058,2025-12-29,40.00,0.00
E0059,2025-12-29,40.00,0.00
E0060,2025-12-29,40.00,0.00
E0061,2025-12-29,24.00,0.00
E0062,2025-12-29,40.00,0.00
E0063,2025-12-29,32.00,0.00
E0065,2025-12-29,40.00,0.00
E0066,2025-12-29,40.00,0.00
E0067,2025-12-29,40.00,0.00
E0068,2025-12-29,40.00,0.00
E0069,2025-12-29,40.00,0.00
E0070,2025-12-29,40.00,0.00
E0071,2025-12-29,40.00,0.00
E0072,2025-12-29,24.00,0.00
E0073,2025-12-29,40.00,0.00
E0074,2025-12-29,32.00,0.00
E0075,2025-12-29,40.00,0.00
E0076,2025-12-29,40.00,0.00
E0077,2025-12-29,40.00,0.00
E0078,2025-12-29,24.00,0.00
E0079,2025-12-29,24.00,0.00
E0081,2025-12-29,40.00,0.00
E0082,2025-12-29,40.00,0.00
E0083,2025-12-29,40.00,0.00
E0084,2025-12-29,40.00,0.00
E0085,2025-12-29,40.00,0.75
E0086,2025-12-29,40.00,1.25
E0087,2025-12-29,40.00,1.75
E0088,2025-12-29,40.00,2.00
E0089,2025-12-29,40.00,2.50
E0091,2025-12-29,32.00,0.00
E0092,2025-12-29,40.00,0.00
E0093,2025-12-29,40.00,0.00
E0094,2025-12-29,40.00,0.00
E0095,2025-12-29,40.00,0.00
E0096,2025-12-29,40.00,0.00
E0097,2025-12-29,40.00,0.00
E0098,2025-12-29,40.00,0.00
E0099,2025-12-29,40.00,0.00
E0100,2025-12-29,40.00,0.00
E0101,2025-12-29,40.00,2.25
E0102,2025-12-29,40.00,0.00
E0103,2025-12-29,40.00,0.00
E0104,2025-12-29,40.00,0.00
E0105,2025-12-29,40.00,0.00
E0106,2025-12-29,40.00,1.75
E0107,2025-12-29,24.00,0.00
E0108,2025-12-29,40.00,4.75
E0109,2025-12-29,40.00,3.50
E0110,2025-12-29,40.00,0.00
E0111,2025-12-29,40.00,2.50
E0112,2025-12-29,40.00,3.25
E0113,2025-12-29,40.00,4.00
E0114,2025-12-29,40.00,0.00
E0115,2025-12-29,24.00,1.75
E0116,2025-12-29,24.00,1.25
E0118,2025-12-29,24.00,5.25
E0119,2025-12-29,40.00,0.00
E0120,2025-12-29,40.00,5.50
E0121,2025-12-29,40.00,1.50
E0122,2025-12-29,24.00,0.00
E0123,2025-12-29,40.00,8.00
E0124,2025-12-29,40.00,4.50
E0125,2025-12-29,40.00,4.50
E0126,2025-12-29,40.00,5.25
E0127,2025-12-29,32.00,0.00
E0128,2025-12-29,40.00,0.00
E0129,2025-12-29,40.00,0.00
E0130,2025-12-29,40.00,0.00
E0132,2025-12-29,40.00,4.00
E0133,2025-12-29,40.00,4.25
E0134,2025-12-29,40.00,0.00
E0135,2025-12-29,40.00,3.75
E0136,2025-12-29,40.00,0.00
E0137,2025-12-29,40.00,0.00
E0138,2025-12-29,40.00,0.00
E0139,2025-12-29,40.00,0.00
E0140,2025-12-29,40.00,0.00
E0141,2025-12-29,40.00,0.00
E0142,2025-12-29,40.00,4.25
E0143,2025-12-29,40.00,5.00
E0144,2025-12-29,40.00,0.00
E0145,2025-12-29,40.00,0.00
E0146,2025-12-29,40.00,0.00
E0147,2025-12-29,40.00,6.75
E0148,2025-12-29,40.00,0.00
E0149,2025-12-29,40.00,0.00
E0150,2025-12-29,24.00,2.50
E0151,2025-12-29,40.00,0.00
E0152,2025-12-29,40.00,9.50
E0153,2025-12-29,40.00,0.00
E0154,2025-12-29,40.00,12.00
E0155,2025-12-29,40.00,0.00
E0156,2025-12-29,40.00,13.00
E0157,2025-12-29,40.00,0.00
E0159,2025-12-29,40.00,18.75
E0160,2025-12-29,40.00,9.00
E0161,2025-12-29,24.00,0.00
E0162,2025-12-29,40.00,0.00
E0163,2025-12-29,24.00,0.00
E0164,2025-12-29,40.00,3.75
E0165,2025-12-29,40.00,15.75
E0166,2025-12-29,40.00,0.00
E0167,2025-12-29,32.00,0.00
E0169,2025-12-29,32.00,0.00
E0170,2025-12-29,40.00,13.50
E0171,2025-12-29,40.00,0.00
E0172,2025-12-29,40.00,16.25
E0173,2025-12-29,32.00,0.00
E0174,2025-12-29,32.00,0.00
E0175,2025-12-29,40.00,11.50
E0176,2025-12-29,40.00,0.00
E0177,2025-12-29,24.00,0.00
E0178,2025-12-29,40.00,0.00
E0179,2025-12-29,40.00,23.75
E0180,2025-12-29,40.00,0.00
E0181,2025-12-29,40.00,0.00
E0182,2025-12-29,24.00,0.00
E0183,2025-12-29,40.00,17.00
E0184,2025-12-29,40.00,0.00
E0185,2025-12-29,40.00,18.50
E0186,2025-12-29,24.00,0.00
E0187,2025-12-29,40.00,2.50
E0188,2025-12-29,40.00,0.00
E0189,2025-12-29,40.00,18.75
E0190,2025-12-29,40.00,0.00
E0191,2025-12-29,40.00,14.25
E0192,2025-12-29,40.00,19.75
E0193,2025-12-29,40.00,18.00
E0194,2025-12-29,40.00,8.50
E0195,2025-12-29,40.00,5.75
E0196,2025-12-29,40.00,0.00
E0197,2025-12-29,40.00,0.00
E0198,2025-12-29,40.00,13.75
E0199,2025-12-29,40.00,12.50
E0200,2025-12-29,40.00,0.00
E0201,2025-12-29,40.00,7.00
E0202,2025-12-29,40.00,25.25
E0203,2025-12-29,40.00,21.00
E0204,2025-12-29,24.00,9.25
E0205,2025-12-29,40.00,0.00
E0206,2025-12-29,40.00,0.00
E0207,2025-12-29,40.00,11.25
E0209,2025-12-29,40.00,6.50
E0210,2025-12-29,40.00,18.25
E0211,2025-12-29,40.00,10.50
E0212,2025-12-29,40.00,14.75
E0213,2025-12-29,40.00,0.00
E0214,2025-12-29,32.00,0.00
E0215,2025-12-29,40.00,9.25
E0216,2025-12-29,40.00,10.50
E0218,2025-12-29,40.00,0.00
E0219,2025-12-29,24.00,7.50
E0220,2025-12-29,24.00,7.75
E0221,2025-12-29,40.00,12.75
E0222,2025-12-29,40.00,7.00
E0223,2025-12-29,40.00,11.50
E0224,2025-12-29,40.00,0.00
E0225,2025-12-29,40.00,3.25
E0226,2025-12-29,24.00,11.00
E0227,2025-12-29,24.00,7.25
E0228,2025-12-29,40.00,11.75
E0229,2025-12-29,40.00,8.75
E0230,2025-12-29,40.00,1.25
E0232,2025-12-29,40.00,0.00
E0233,2025-12-29,40.00,11.75
E0234,2025-12-29,40.00,3.75
E0235,2025-12-29,40.00,8.75
E0236,2025-12-29,24.00,0.00
E0237,2025-12-29,40.00,16.25
E0238,2025-12-29,40.00,16.75
E0239,2025-12-29,40.00,18.00
E0240,2025-12-29,40.00,0.00
E0241,2025-12-29,40.00,0.00
E0242,2025-12-29,40.00,0.00
E0243,2025-12-29,40.00,7.00
E0244,2025-12-29,40.00,3.75
E0245,2025-12-29,40.00,16.75
E0246,2025-12-29,40.00,8.75
E0247,2025-12-29,40.00,9.50
E0248,2025-12-29,16.00,0.00
E0249,2025-12-29,32.00,0.00
E0250,2025-12-29,40.00,8.75
E0251,2025-12-29,40.00,14.50
E0252,2025-12-29,40.00,0.00
E0253,2025-12-29,40.00,0.00
E0254,2025-12-29,32.00,0.00
E0255,2025-12-29,40.00,0.00
E0256,2025-12-29,40.00,7.00
E0257,2025-12-29,40.00,10.25
E0258,2025-12-29,40.00,0.00
E0259,2025-12-29,40.00,0.00
E0260,2025-12-29,40.00,0.00
E0001,2026-01-05,32.00,0.00
E0002,2026-01-05,40.00,0.00
E0003,2026-01-05,40.00,0.00
E0004,2026-01-05,40.00,0.00
E0005,2026-01-05,40.00,0.00
E0006,2026-01-05,40.00,0.00
E0007,2026-01-05,40.00,0.00
E0008,2026-01-05,40.00,0.00
E0009,2026-01-05,40.00,0.00
E0010,2026-01-05,40.00,0.00
E0011,2026-01-05,40.00,0.00
E0012,2026-01-05,24.00,0.00
E0013,2026-01-05,24.00,0.00
E0014,2026-01-05,40.00,0.00
E0015,2026-01-05,40.00,0.00
E0016,2026-01-05,32.00,0.00
E0017,2026-01-05,40.00,0.00
E0018,2026-01-05,40.00,0.00
E0019,2026-01-05,40.00,0.00
E0020,2026-01-05,40.00,0.00
E0021,2026-01-05,40.00,0.00
E0022,2026-01-05,40.00,0.00
E0023,2026-01-05,40.00,0.00
E0024,2026-01-05,40.00,0.00
E0025,2026-01-05,40.00,0.00
E0026,2026-01-05,40.00,0.00
E0027,2026-01-05,40.00,0.00
E0028,2026-01-05,40.00,0.00
E0029,2026-01-05,40.00,0.00
E0030,2026-01-05,32.00,0.00
E0031,2026-01-05,40.00,0.00
E0032,2026-01-05,40.00,0.00
E0033,2026-01-05,40.00,0.00
E0034,2026-01-05,40.00,0.00
E0035,2026-01-05,40.00,0.00
E0036,2026-01-05,40.00,0.00
E0037,2026-01-05,40.00,0.00
E0038,2026-01-05,40.00,0.00
E0039,2026-01-05,40.00,0.00
E0041,2026-01-05,40.00,0.00
E0042,2026-01-05,40.00,0.00
E0043,2026-01-05,32.00,0.00
E0044,2026-01-05,40.00,0.00
E0045,2026-01-05,40.00,0.00
E0046,2026-01-05,24.00,0.00
E0047,2026-01-05,40.00,0.00
E0048,2026-01-05,24.00,0.00
E0049,2026-01-05,40.00,0.00
E0050,2026-01-05,40.00,0.00
E0051,2026-01-05,40.00,0.00
E0052,2026-01-05,40.00,0.00
E0053,2026-01-05,40.00,0.00
E0054,2026-01-05,40.00,0.00
E0055,2026-01-05,32.00,0.00
E0056,2026-01-05,40.00,0.00
E0057,2026-01-05,40.00,0.00
E0058,2026-01-05,40.00,2.00
E0059,2026-01-05,40.00,0.00
E0060,2026-01-05,40.00,0.00
E0061,2026-01-05,40.00,3.00
E0062,2026-01-05,40.00,0.00
E0063,2026-01-05,40.00,0.00
E0065,2026-01-05,40.00,0.00
E0066,2026-01-05,40.00,0.00
E0067,2026-01-05,40.00,0.00
E0068,2026-01-05,40.00,0.00
E0069,2026-01-05,40.00,0.00
E0070,2026-01-05,32.00,0.00
E0071,2026-01-05,40.00,0.00
E0072,2026-01-05,40.00,0.00
E0073,2026-01-05,40.00,0.00
E0074,2026-01-05,40.00,0.00
E0075,2026-01-05,40.00,0.00
E0076,2026-01-05,40.00,0.00
E0077,2026-01-05,40.00,0.00
E0078,2026-01-05,24.00,0.00
E0079,2026-01-05,24.00,0.00
E0081,2026-01-05,40.00,0.00
E0082,2026-01-05,40.00,0.00
E0083,2026-01-05,40.00,0.00
E0084,2026-01-05,40.00,0.00
E0085,2026-01-05,40.00,0.75
E0086,2026-01-05,40.00,0.00
E0087,2026-01-05,40.00,0.25
E0088,2026-01-05,40.00,0.00
E0089,2026-01-05,40.00,0.00
E0091,2026-01-05,40.00,0.00
E0092,2026-01-05,40.00,0.00
E0093,2026-01-05,40.00,0.00
E0094,2026-01-05,40.00,0.00
E0095,2026-01-05,40.00,0.00
E0096,2026-01-05,32.00,0.00
E0097,2026-01-05,32.00,0.00
E0098,2026-01-05,40.00,0.00
E0099,2026-01-05,40.00,0.00
E0100,2026-01-05,40.00,0.00
E0101,2026-01-05,40.00,0.00
E0102,2026-01-05,40.00,0.00
E0103,2026-01-05,40.00,0.00
E0104,2026-01-05,32.00,0.00
E0105,2026-01-05,24.00,0.00
E0106,2026-01-05,40.00,1.00
E0107,2026-01-05,40.00,0.75
E0108,2026-01-05,40.00,6.50
E0109,2026-01-05,40.00,0.00
E0110,2026-01-05,32.00,0.00
E0111,2026-01-05,40.00,0.00
E0112,2026-01-05,40.00,0.00
E0113,2026-01-05,40.00,0.00
E0114,2026-01-05,40.00,5.75
E0115,2026-01-05,16.00,0.00
E0116,2026-01-05,24.00,5.00
E0118,2026-01-05,24.00,0.00
E0119,2026-01-05,40.00,0.00
E0120,2026-01-05,40.00,5.25
E0121,2026-01-05,40.00,6.25
E0122,2026-01-05,40.00,2.25
E0123,2026-01-05,40.00,0.00
E0124,2026-01-05,40.00,5.25
E0125,2026-01-05,40.00,0.00
E0126,2026-01-05,40.00,1.75
E0127,2026-01-05,24.00,0.00
E0128,2026-01-05,40.00,8.25
E0129,2026-01-05,40.00,5.50
E0130,2026-01-05,40.00,8.00
E0132,2026-01-05,40.00,0.00
E0133,2026-01-05,40.00,0.00
E0134,2026-01-05,40.00,0.00
E0135,2026-01-05,40.00,0.00
E0136,2026-01-05,40.00,0.00
E0137,2026-01-05,40.00,0.00
E0138,2026-01-05,40.00,0.00
E0139,2026-01-05,40.00,0.00
E0140,2026-01-05,40.00,0.00
E0141,2026-01-05,40.00,0.00
E0142,2026-01-05,40.00,4.00
E0143,2026-01-05,40.00,3.00
E0144,2026-01-05,40.00,0.00
E0145,2026-01-05,40.00,0.00
E0146,2026-01-05,40.00,0.00
E0147,2026-01-05,40.00,4.00
E0148,2026-01-05,40.00,0.00
E0149,2026-01-05,40.00,0.00
E0150,2026-01-05,24.00,0.00
E0151,2026-01-05,40.00,0.00
E0152,2026-01-05,40.00,12.75
E0153,2026-01-05,40.00,0.00
E0154,2026-01-05,40.00,16.25
E0155,2026-01-05,40.00,0.00
E0156,2026-01-05,40.00,4.75
E0157,2026-01-05,40.00,0.00
E0159,2026-01-05,40.00,0.00
E0160,2026-01-05,40.00,8.75
E0161,2026-01-05,40.00,0.00
E0162,2026-01-05,40.00,0.00
E0163,2026-01-05,40.00,11.75
E0164,2026-01-05,40.00,8.50
E0165,2026-01-05,40.00,0.00
E0166,2026-01-05,40.00,0.00
E0167,2026-01-05,40.00,0.00
E0169,2026-01-05,40.00,7.75
E0170,2026-01-05,40.00,0.00
E0171,2026-01-05,40.00,0.00
E0172,2026-01-05,32.00,0.00
E0173,2026-01-05,40.00,0.00
E0174,2026-01-05,40.00,0.00
E0175,2026-01-05,40.00,0.00
E0176,2026-01-05,40.00,0.00
E0177,2026-01-05,24.00,7.00
E0178,2026-01-05,40.00,0.00
E0179,2026-01-05,40.00,0.00
E0180,2026-01-05,40.00,3.75
E0181,2026-01-05,40.00,4.00
E0182,2026-01-05,24.00,8.00
E0184,2026-01-05,40.00,0.00
E0185,2026-01-05,40.00,7.00
E0186,2026-01-05,24.00,0.00
E0187,2026-01-05,40.00,7.00
E0188,2026-01-05,40.00,0.00
E0189,2026-01-05,40.00,4.00
E0190,2026-01-05,24.00,0.00
E0191,2026-01-05,40.00,0.00
E0192,2026-01-05,40.00,2.25
E0193,2026-01-05,40.00,0.00
E0194,2026-01-05,40.00,0.00
E0195,2026-01-05,40.00,6.25
E0196,2026-01-05,40.00,0.00
E0197,2026-01-05,40.00,0.00
E0198,2026-01-05,24.00,0.00
E0199,2026-01-05,40.00,0.00
E0200,2026-01-05,32.00,0.00
E0201,2026-01-05,40.00,3.50
E0202,2026-01-05,40.00,3.75
E0203,2026-01-05,40.00,7.25
E0204,2026-01-05,24.00,0.00
E0205,2026-01-05,40.00,4.00
E0206,2026-01-05,40.00,4.50
E0207,2026-01-05,40.00,11.50
E0209,2026-01-05,40.00,4.25
E0210,2026-01-05,40.00,0.00
E0211,2026-01-05,24.00,0.00
E0212,2026-01-05,40.00,4.75
E0213,2026-01-05,40.00,5.75
E0214,2026-01-05,40.00,0.00
E0215,2026-01-05,40.00,3.00
E0216,2026-01-05,40.00,3.75
E0218,2026-01-05,40.00,0.00
E0219,2026-01-05,24.00,8.75
E0220,2026-01-05,24.00,0.00
E0221,2026-01-05,40.00,0.00
E0222,2026-01-05,40.00,3.50
E0223,2026-01-05,40.00,0.00
E0224,2026-01-05,24.00,0.00
E0225,2026-01-05,32.00,0.00
E0226,2026-01-05,16.00,0.00
E0227,2026-01-05,24.00,0.00
E0228,2026-01-05,40.00,1.00
E0229,2026-01-05,40.00,6.75
E0230,2026-01-05,40.00,6.75
E0232,2026-01-05,40.00,8.75
E0233,2026-01-05,40.00,6.50
E0234,2026-01-05,40.00,4.00
E0235,2026-01-05,40.00,0.00
E0236,2026-01-05,24.00,4.50
E0237,2026-01-05,40.00,9.50
E0238,2026-01-05,40.00,4.75
E0239,2026-01-05,40.00,7.50
E0240,2026-01-05,40.00,8.75
E0241,2026-01-05,40.00,0.00
E0242,2026-01-05,40.00,6.75
E0243,2026-01-05,40.00,7.75
E0244,2026-01-05,40.00,0.00
E0245,2026-01-05,24.00,0.00
E0246,2026-01-05,40.00,10.00
E0247,2026-01-05,40.00,0.00
E0248,2026-01-05,24.00,4.25
E0249,2026-01-05,32.00,0.00
E0250,2026-01-05,40.00,0.00
E0251,2026-01-05,40.00,7.00
E0252,2026-01-05,40.00,0.00
E0253,2026-01-05,40.00,0.00
E0254,2026-01-05,40.00,0.00
E0255,2026-01-05,40.00,7.00
E0256,2026-01-05,40.00,6.50
E0257,2026-01-05,40.00,0.00
E0258,2026-01-05,40.00,0.00
E0259,2026-01-05,40.00,0.00
E0260,2026-01-05,40.00,0.00
E0261,2026-01-05,40.00,0.00
E0262,2026-01-05,40.00,1.50
E0265,2026-01-05,40.00,0.00
E0268,2026-01-05,40.00,3.25
E0269,2026-01-05,40.00,0.00
E0001,2026-01-12,40.00,2.25
E0002,2026-01-12,32.00,0.00
E0003,2026-01-12,40.00,0.00
E0004,2026-01-12,40.00,0.00
E0005,2026-01-12,40.00,0.00
E0006,2026-01-12,40.00,0.00
E0007,2026-01-12,40.00,0.00
E0008,2026-01-12,40.00,0.00
E0009,2026-01-12,40.00,0.00
E0010,2026-01-12,40.00,2.25
E0011,2026-01-12,32.00,0.00
E0012,2026-01-12,40.00,4.25
E0013,2026-01-12,40.00,0.00
E0014,2026-01-12,40.00,0.00
E0015,2026-01-12,40.00,2.25
E0016,2026-01-12,40.00,0.00
E0017,2026-01-12,24.00,0.00
E0018,2026-01-12,40.00,0.00
E0019,2026-01-12,40.00,0.00
E0020,2026-01-12,40.00,0.00
E0021,2026-01-12,40.00,0.00
E0022,2026-01-12,32.00,0.00
E0023,2026-01-12,40.00,0.00
E0024,2026-01-12,40.00,0.00
E0025,2026-01-12,40.00,0.00
E0026,2026-01-12,40.00,0.00
E0027,2026-01-12,40.00,0.00
E0028,2026-01-12,40.00,0.00
E0029,2026-01-12,40.00,3.50
E0030,2026-01-12,40.00,0.00
E0031,2026-01-12,40.00,0.00
E0032,2026-01-12,40.00,0.00
E0033,2026-01-12,40.00,0.00
E0034,2026-01-12,40.00,0.00
E0035,2026-01-12,32.00,0.00
E0036,2026-01-12,40.00,0.00
E0037,2026-01-12,40.00,0.00
E0038,2026-01-12,40.00,0.00
E0039,2026-01-12,40.00,0.00
E0041,2026-01-12,40.00,0.00
E0042,2026-01-12,40.00,0.00
E0043,2026-01-12,40.00,0.00
E0044,2026-01-12,40.00,0.00
E0045,2026-01-12,24.00,0.00
E0046,2026-01-12,40.00,0.00
E0047,2026-01-12,40.00,0.00
E0048,2026-01-12,40.00,0.00
E0049,2026-01-12,40.00,0.00
E0050,2026-01-12,40.00,0.00
E0051,2026-01-12,24.00,0.00
E0052,2026-01-12,40.00,0.00
E0053,2026-01-12,40.00,0.00
E0054,2026-01-12,32.00,0.00
E0055,2026-01-12,40.00,0.00
E0056,2026-01-12,40.00,0.00
E0057,2026-01-12,40.00,0.00
E0058,2026-01-12,40.00,3.00
E0059,2026-01-12,24.00,0.00
E0060,2026-01-12,40.00,0.00
E0061,2026-01-12,40.00,0.50
E0062,2026-01-12,40.00,0.00
E0063,2026-01-12,40.00,0.00
E0065,2026-01-12,24.00,0.00
E0066,2026-01-12,40.00,0.00
E0067,2026-01-12,24.00,0.00
E0068,2026-01-12,32.00,0.00
E0069,2026-01-12,40.00,0.00
E0070,2026-01-12,40.00,0.00
E0071,2026-01-12,40.00,0.00
E0072,2026-01-12,40.00,0.00
E0073,2026-01-12,40.00,0.00
E0074,2026-01-12,40.00,0.00
E0075,2026-01-12,32.00,0.00
E0076,2026-01-12,40.00,0.00
E0077,2026-01-12,40.00,0.00
E0078,2026-01-12,40.00,0.00
E0079,2026-01-12,40.00,0.00
E0081,2026-01-12,40.00,0.00
E0082,2026-01-12,32.00,0.00
E0083,2026-01-12,40.00,0.00
E0084,2026-01-12,40.00,0.00
E0085,2026-01-12,40.00,0.00
E0086,2026-01-12,40.00,2.25
E0087,2026-01-12,40.00,1.75
E0088,2026-01-12,40.00,1.25
E0089,2026-01-12,40.00,2.00
E0091,2026-01-12,40.00,0.00
E0092,2026-01-12,40.00,0.00
E0093,2026-01-12,40.00,0.00
E0094,2026-01-12,40.00,0.00
E0095,2026-01-12,40.00,0.00
E0096,2026-01-12,40.00,0.00
E0097,2026-01-12,40.00,0.00
E0098,2026-01-12,40.00,0.00
E0099,2026-01-12,40.00,0.00
E0100,2026-01-12,40.00,0.00
E0101,2026-01-12,32.00,0.00
E0102,2026-01-12,40.00,0.00
E0103,2026-01-12,40.00,0.00
E0104,2026-01-12,40.00,0.00
E0105,2026-01-12,40.00,0.00
E0106,2026-01-12,40.00,1.75
E0107,2026-01-12,40.00,5.50
E0108,2026-01-12,40.00,3.25
E0109,2026-01-12,32.00,0.00
E0110,2026-01-12,40.00,0.00
E0111,2026-01-12,40.00,2.25
E0112,2026-01-12,40.00,9.25
E0113,2026-01-12,40.00,0.00
E0114,2026-01-12,40.00,7.25
E0115,2026-01-12,24.00,4.00
E0116,2026-01-12,24.00,9.00
E0118,2026-01-12,24.00,6.50
E0119,2026-01-12,40.00,4.25
E0120,2026-01-12,40.00,7.50
E0121,2026-01-12,40.00,7.75
E0122,2026-01-12,40.00,0.00
E0123,2026-01-12,40.00,5.50
E0124,2026-01-12,40.00,0.00
E0125,2026-01-12,40.00,7.00
E0126,2026-01-12,40.00,0.00
E0127,2026-01-12,32.00,0.00
E0128,2026-01-12,32.00,0.00
E0129,2026-01-12,40.00,0.00
E0130,2026-01-12,40.00,2.00
E0132,2026-01-12,40.00,5.50
E0133,2026-01-12,24.00,0.00
E0134,2026-01-12,40.00,6.50
E0135,2026-01-12,40.00,2.00
E0136,2026-01-12,40.00,0.00
E0137,2026-01-12,40.00,0.00
E0138,2026-01-12,40.00,0.00
E0139,2026-01-12,24.00,0.00
E0140,2026-01-12,40.00,0.00
E0141,2026-01-12,40.00,1.75
E0142,2026-01-12,40.00,2.25
E0143,2026-01-12,40.00,2.00
E0144,2026-01-12,32.00,0.00
E0145,2026-01-12,40.00,0.00
E0146,2026-01-12,40.00,0.00
E0147,2026-01-12,40.00,0.00
E0148,2026-01-12,40.00,0.00
E0149,2026-01-12,40.00,0.00
E0150,2026-01-12,16.00,0.00
E0151,2026-01-12,32.00,0.00
E0152,2026-01-12,40.00,0.00
E0153,2026-01-12,24.00,0.00
E0154,2026-01-12,40.00,5.25
E0155,2026-01-12,40.00,0.00
E0156,2026-01-12,40.00,12.00
E0157,2026-01-12,40.00,0.00
E0159,2026-01-12,24.00,0.00
E0160,2026-01-12,40.00,0.00
E0161,2026-01-12,40.00,17.00
E0162,2026-01-12,40.00,4.50
E0163,2026-01-12,24.00,0.00
E0164,2026-01-12,40.00,0.00
E0165,2026-01-12,40.00,0.00
E0166,2026-01-12,40.00,0.00
E0167,2026-01-12,40.00,5.75
E0169,2026-01-12,40.00,8.50
E0170,2026-01-12,40.00,0.00
E0171,2026-01-12,40.00,0.00
E0172,2026-01-12,40.00,0.00
E0173,2026-01-12,40.00,0.00
E0174,2026-01-12,40.00,0.00
E0175,2026-01-12,40.00,2.75
E0176,2026-01-12,40.00,0.00
E0177,2026-01-12,24.00,4.50
E0178,2026-01-12,40.00,0.00
E0179,2026-01-12,40.00,10.25
E0180,2026-01-12,40.00,5.75
E0181,2026-01-12,40.00,0.00
E0182,2026-01-12,24.00,0.00
E0184,2026-01-12,32.00,0.00
E0185,2026-01-12,32.00,0.00
E0186,2026-01-12,24.00,0.00
E0187,2026-01-12,40.00,0.00
E0188,2026-01-12,32.00,0.00
E0189,2026-01-12,40.00,0.00
E0190,2026-01-12,40.00,0.00
E0191,2026-01-12,32.00,0.00
E0192,2026-01-12,40.00,0.00
E0193,2026-01-12,32.00,0.00
E0194,2026-01-12,40.00,0.00
E0196,2026-01-12,40.00,4.50
E0197,2026-01-12,40.00,0.00
E0198,2026-01-12,40.00,5.00
E0199,2026-01-12,40.00,2.50
E0200,2026-01-12,40.00,0.00
E0202,2026-01-12,40.00,9.75
E0203,2026-01-12,24.00,0.00
E0204,2026-01-12,24.00,6.00
E0205,2026-01-12,40.00,0.00
E0206,2026-01-12,40.00,5.50
E0207,2026-01-12,40.00,0.00
E0209,2026-01-12,40.00,5.25
E0210,2026-01-12,40.00,0.00
E0211,2026-01-12,40.00,3.75
E0212,2026-01-12,40.00,4.75
E0213,2026-01-12,40.00,3.50
E0214,2026-01-12,40.00,0.00
E0215,2026-01-12,40.00,5.50
E0216,2026-01-12,40.00,5.25
E0218,2026-01-12,40.00,11.25
E0219,2026-01-12,16.00,0.00
E0220,2026-01-12,24.00,0.00
E0221,2026-01-12,40.00,0.00
E0222,2026-01-12,40.00,7.75
E0223,2026-01-12,40.00,2.25
E0224,2026-01-12,40.00,0.00
E0225,2026-01-12,40.00,0.00
E0226,2026-01-12,24.00,6.25
E0227,2026-01-12,24.00,3.50
E0228,2026-01-12,40.00,1.75
E0229,2026-01-12,40.00,0.00
E0230,2026-01-12,40.00,8.25
E0232,2026-01-12,40.00,7.25
E0233,2026-01-12,40.00,4.25
E0234,2026-01-12,24.00,0.00
E0249,2026-01-12,40.00,0.00
E0250,2026-01-12,40.00,0.00
E0251,2026-01-12,24.00,0.00
E0252,2026-01-12,40.00,0.00
E0253,2026-01-12,32.00,0.00
E0254,2026-01-12,40.00,0.00
E0255,2026-01-12,32.00,0.00
E0256,2026-01-12,40.00,0.00
E0257,2026-01-12,32.00,0.00
E0258,2026-01-12,40.00,0.00
E0259,2026-01-12,32.00,0.00
E0260,2026-01-12,40.00,0.00
E0261,2026-01-12,40.00,0.00
E0262,2026-01-12,40.00,4.00
E0263,2026-01-12,40.00,8.25
E0265,2026-01-12,24.00,0.00
E0267,2026-01-12,32.00,0.00
E0268,2026-01-12,40.00,0.00
E0269,2026-01-12,40.00,6.00
E0001,2026-01-19,32.00,0.00
E0002,2026-01-19,40.00,0.00
E0003,2026-01-19,40.00,0.00
E0004,2026-01-19,40.00,0.00
E0005,2026-01-19,40.00,0.00
E0006,2026-01-19,40.00,0.00
E0007,2026-01-19,40.00,0.00
E0008,2026-01-19,40.00,0.00
E0009,2026-01-19,32.00,0.00
E0010,2026-01-19,40.00,3.50
E0011,2026-01-19,32.00,0.00
E0012,2026-01-19,40.00,1.50
E0013,2026-01-19,40.00,0.00
E0014,2026-01-19,40.00,0.00
E0015,2026-01-19,40.00,0.00
E0016,2026-01-19,40.00,0.00
E0017,2026-01-19,40.00,0.00
E0018,2026-01-19,40.00,0.00
E0019,2026-01-19,40.00,0.00
E0020,2026-01-19,40.00,0.00
E0021,2026-01-19,40.00,0.00
E0022,2026-01-19,40.00,0.00
E0023,2026-01-19,40.00,0.00
E0024,2026-01-19,40.00,0.00
E0025,2026-01-19,40.00,0.00
E0026,2026-01-19,40.00,0.00
E0027,2026-01-19,40.00,0.00
E0028,2026-01-19,40.00,0.00
E0029,2026-01-19,24.00,0.00
E0030,2026-01-19,32.00,0.00
E0031,2026-01-19,40.00,0.00
E0032,2026-01-19,32.00,0.00
E0033,2026-01-19,40.00,0.00
E0034,2026-01-19,40.00,0.00
E0035,2026-01-19,40.00,0.00
E0036,2026-01-19,40.00,0.00
E0037,2026-01-19,32.00,0.00
E0038,2026-01-19,40.00,0.00
E0039,2026-01-19,40.00,0.00
E0041,2026-01-19,24.00,0.00
E0042,2026-01-19,40.00,0.00
E0043,2026-01-19,40.00,0.00
E0044,2026-01-19,40.00,0.00
E0045,2026-01-19,32.00,0.00
E0046,2026-01-19,40.00,0.00
E0047,2026-01-19,40.00,0.00
E0048,2026-01-19,40.00,0.00
E0049,2026-01-19,40.00,0.00
E0050,2026-01-19,40.00,0.00
E0051,2026-01-19,40.00,0.00
E0052,2026-01-19,40.00,0.00
E0053,2026-01-19,40.00,0.00
E0054,2026-01-19,32.00,0.00
E0055,2026-01-19,40.00,0.00
E0056,2026-01-19,40.00,0.00
E0057,2026-01-19,40.00,0.00
E0058,2026-01-19,40.00,0.00
E0059,2026-01-19,40.00,0.00
E0060,2026-01-19,40.00,0.00
E0061,2026-01-19,40.00,2.00
E0062,2026-01-19,40.00,0.00
E0063,2026-01-19,24.00,0.00
E0065,2026-01-19,40.00,0.00
E0066,2026-01-19,40.00,0.00
E0067,2026-01-19,40.00,0.00
E0068,2026-01-19,40.00,0.00
E0069,2026-01-19,40.00,0.00
E0070,2026-01-19,40.00,0.00
E0071,2026-01-19,40.00,0.00
E0072,2026-01-19,40.00,0.00
E0073,2026-01-19,40.00,0.00
E0074,2026-01-19,40.00,0.00
E0075,2026-01-19,40.00,0.00
E0076,2026-01-19,40.00,0.00
E0077,2026-01-19,40.00,0.00
E0078,2026-01-19,40.00,0.00
E0079,2026-01-19,40.00,0.50
E0081,2026-01-19,40.00,0.00
E0082,2026-01-19,40.00,0.00
E0083,2026-01-19,40.00,0.00
E0084,2026-01-19,40.00,0.00
E0085,2026-01-19,40.00,0.00
E0086,2026-01-19,40.00,1.00
E0087,2026-01-19,40.00,1.50
E0088,2026-01-19,40.00,0.00
E0089,2026-01-19,40.00,1.00
E0091,2026-01-19,40.00,0.00
E0092,2026-01-19,40.00,0.00
E0093,2026-01-19,40.00,0.00
E0094,2026-01-19,40.00,0.00
E0095,2026-01-19,40.00,0.00
E0096,2026-01-19,40.00,0.00
E0097,2026-01-19,40.00,0.00
E0098,2026-01-19,40.00,0.00
E0099,2026-01-19,40.00,0.00
E0100,2026-01-19,40.00,0.00
E0101,2026-01-19,40.00,0.00
E0102,2026-01-19,40.00,0.00
E0103,2026-01-19,40.00,0.00
E0104,2026-01-19,40.00,0.00
E0105,2026-01-19,40.00,0.00
E0106,2026-01-19,40.00,0.25
E0107,2026-01-19,40.00,0.00
E0108,2026-01-19,32.00,0.00
E0109,2026-01-19,40.00,0.00
E0110,2026-01-19,40.00,0.00
E0111,2026-01-19,40.00,0.00
E0112,2026-01-19,40.00,0.00
E0113,2026-01-19,40.00,5.00
E0114,2026-01-19,40.00,4.25
E0115,2026-01-19,24.00,2.75
E0116,2026-01-19,24.00,0.00
E0118,2026-01-19,24.00,3.75
E0119,2026-01-19,40.00,7.25
E0120,2026-01-19,40.00,0.00
E0121,2026-01-19,40.00,6.50
E0122,2026-01-19,40.00,4.75
E0123,2026-01-19,32.00,0.00
E0124,2026-01-19,40.00,0.00
E0125,2026-01-19,40.00,0.00
E0126,2026-01-19,40.00,7.00
E0127,2026-01-19,40.00,2.50
E0128,2026-01-19,40.00,4.75
E0129,2026-01-19,40.00,4.00
E0130,2026-01-19,40.00,6.00
E0132,2026-01-19,40.00,0.00
E0133,2026-01-19,32.00,0.00
E0134,2026-01-19,40.00,4.50
E0135,2026-01-19,40.00,0.00
E0136,2026-01-19,40.00,0.00
E0137,2026-01-19,24.00,0.00
E0138,2026-01-19,40.00,0.00
E0139,2026-01-19,40.00,0.00
E0140,2026-01-19,24.00,0.00
E0141,2026-01-19,24.00,0.00
E0142,2026-01-19,32.00,0.00
E0143,2026-01-19,40.00,0.25
E0144,2026-01-19,40.00,0.00
E0145,2026-01-19,40.00,0.00
E0146,2026-01-19,24.00,0.00
E0147,2026-01-19,40.00,0.00
E0148,2026-01-19,40.00,0.00
E0149,2026-01-19,32.00,0.00
E0150,2026-01-19,24.00,5.25
E0151,2026-01-19,32.00,0.00
E0152,2026-01-19,40.00,17.75
E0153,2026-01-19,40.00,0.00
E0154,2026-01-19,40.00,11.75
E0155,2026-01-19,40.00,0.00
E0156,2026-01-19,40.00,10.50
E0157,2026-01-19,40.00,0.00
E0159,2026-01-19,40.00,5.75
E0160,2026-01-19,40.00,5.75
E0161,2026-01-19,40.00,10.00
E0162,2026-01-19,40.00,9.25
E0163,2026-01-19,40.00,9.50
E0164,2026-01-19,40.00,15.25
E0165,2026-01-19,40.00,0.00
E0166,2026-01-19,40.00,0.00
E0167,2026-01-19,24.00,0.00
E0169,2026-01-19,24.00,0.00
E0170,2026-01-19,40.00,0.00
E0171,2026-01-19,40.00,0.00
E0172,2026-01-19,40.00,7.00
E0173,2026-01-19,40.00,5.50
E0174,2026-01-19,40.00,0.00
E0175,2026-01-19,40.00,0.00
E0176,2026-01-19,40.00,7.00
E0177,2026-01-19,24.00,0.00
E0178,2026-01-19,40.00,0.00
E0179,2026-01-19,40.00,2.00
E0180,2026-01-19,40.00,4.25
E0181,2026-01-19,40.00,8.25
E0182,2026-01-19,24.00,0.00
E0184,2026-01-19,40.00,5.25
E0185,2026-01-19,40.00,0.00
E0186,2026-01-19,24.00,0.00
E0187,2026-01-19,40.00,3.75
E0188,2026-01-19,24.00,0.00
E0189,2026-01-19,40.00,9.25
E0190,2026-01-19,40.00,5.75
E0191,2026-01-19,40.00,0.00
E0192,2026-01-19,40.00,5.00
E0193,2026-01-19,40.00,6.00
E0194,2026-01-19,40.00,0.00
E0196,2026-01-19,40.00,2.75
E0197,2026-01-19,40.00,4.00
E0198,2026-01-19,40.00,0.00
E0199,2026-01-19,24.00,0.00
E0200,2026-01-19,40.00,0.00
E0202,2026-01-19,40.00,8.25
E0203,2026-01-19,40.00,7.50
E0204,2026-01-19,8.00,0.00
E0205,2026-01-19,40.00,4.75
E0206,2026-01-19,40.00,4.25
E0207,2026-01-19,40.00,8.25
E0209,2026-01-19,40.00,4.50
E0210,2026-01-19,40.00,4.00
E0211,2026-01-19,40.00,9.50
E0212,2026-01-19,32.00,0.00
E0213,2026-01-19,40.00,7.50
E0214,2026-01-19,40.00,10.25
E0215,2026-01-19,40.00,0.00
E0216,2026-01-19,40.00,0.00
E0218,2026-01-19,40.00,6.50
E0219,2026-01-19,24.00,4.50
E0220,2026-01-19,24.00,0.00
E0221,2026-01-19,40.00,0.00
E0222,2026-01-19,24.00,0.00
E0223,2026-01-19,40.00,6.50
E0224,2026-01-19,40.00,2.50
E0225,2026-01-19,40.00,5.25
E0226,2026-01-19,24.00,9.00
E0227,2026-01-19,24.00,9.25
E0228,2026-01-19,40.00,0.00
E0229,2026-01-19,40.00,3.00
E0230,2026-01-19,40.00,0.00
E0232,2026-01-19,40.00,0.00
E0233,2026-01-19,40.00,3.50
E0234,2026-01-19,40.00,0.00
E0249,2026-01-19,40.00,0.00
E0250,2026-01-19,32.00,0.00
E0251,2026-01-19,40.00,7.50
E0252,2026-01-19,40.00,0.00
E0253,2026-01-19,32.00,0.00
E0254,2026-01-19,40.00,0.00
E0255,2026-01-19,40.00,6.75
E0256,2026-01-19,40.00,9.25
E0257,2026-01-19,40.00,11.25
E0258,2026-01-19,40.00,0.00
E0259,2026-01-19,40.00,0.00
E0260,2026-01-19,40.00,0.00
E0261,2026-01-19,32.00,0.00
E0262,2026-01-19,40.00,0.00
E0263,2026-01-19,40.00,0.00
E0264,2026-01-19,40.00,0.00
E0265,2026-01-19,40.00,0.00
E0266,2026-01-19,40.00,1.50
E0267,2026-01-19,40.00,0.00
E0268,2026-01-19,40.00,0.00
E0269,2026-01-19,40.00,0.00
E0001,2026-01-26,40.00,1.75
E0002,2026-01-26,40.00,0.00
E0003,2026-01-26,40.00,0.00
E0004,2026-01-26,40.00,0.00
E0005,2026-01-26,40.00,0.00
E0006,2026-01-26,40.00,0.00
E0007,2026-01-26,40.00,0.00
E0008,2026-01-26,40.00,0.00
E0009,2026-01-26,40.00,0.00
E0010,2026-01-26,40.00,3.75
E0011,2026-01-26,40.00,4.00
E0012,2026-01-26,40.00,0.00
E0013,2026-01-26,40.00,0.00
E0014,2026-01-26,40.00,0.00
E0015,2026-01-26,40.00,0.00
E0016,2026-01-26,40.00,0.00
E0017,2026-01-26,40.00,0.00
E0018,2026-01-26,40.00,0.00
E0019,2026-01-26,40.00,0.00
E0020,2026-01-26,40.00,0.00
E0021,2026-01-26,40.00,0.00
E0022,2026-01-26,40.00,0.00
E0023,2026-01-26,40.00,0.00
E0024,2026-01-26,40.00,0.00
E0025,2026-01-26,40.00,0.00
E0026,2026-01-26,40.00,0.00
E0027,2026-01-26,40.00,0.00
E0028,2026-01-26,40.00,0.00
E0029,2026-01-26,24.00,0.00
E0030,2026-01-26,40.00,0.00
E0031,2026-01-26,32.00,0.00
E0032,2026-01-26,40.00,0.00
E0033,2026-01-26,40.00,0.00
E0034,2026-01-26,24.00,0.00
E0035,2026-01-26,40.00,0.00
E0036,2026-01-26,32.00,0.00
E0037,2026-01-26,40.00,0.00
E0038,2026-01-26,40.00,0.00
E0039,2026-01-26,40.00,0.00
E0041,2026-01-26,40.00,0.00
E0042,2026-01-26,40.00,0.00
E0043,2026-01-26,40.00,0.00
E0044,2026-01-26,40.00,0.00
E0045,2026-01-26,32.00,0.00
E0046,2026-01-26,40.00,0.00
E0047,2026-01-26,40.00,0.00
E0048,2026-01-26,40.00,0.00
E0049,2026-01-26,40.00,0.00
E0050,2026-01-26,40.00,2.00
E0051,2026-01-26,40.00,0.00
E0052,2026-01-26,40.00,0.00
E0053,2026-01-26,40.00,0.00
E0054,2026-01-26,40.00,0.00
E0055,2026-01-26,24.00,0.00
E0056,2026-01-26,40.00,0.00
E0057,2026-01-26,40.00,2.50
E0058,2026-01-26,40.00,0.00
E0059,2026-01-26,40.00,0.00
E0060,2026-01-26,40.00,0.00
E0061,2026-01-26,40.00,1.25
E0062,2026-01-26,32.00,0.00
E0063,2026-01-26,40.00,0.00
E0065,2026-01-26,32.00,0.00
E0066,2026-01-26,40.00,0.00
E0067,2026-01-26,40.00,0.00
E0068,2026-01-26,40.00,0.00
E0069,2026-01-26,40.00,0.00
E0070,2026-01-26,40.00,0.00
E0071,2026-01-26,40.00,0.00
E0072,2026-01-26,24.00,0.00
E0073,2026-01-26,40.00,0.00
E0074,2026-01-26,40.00,0.00
E0075,2026-01-26,40.00,0.00
E0076,2026-01-26,40.00,0.00
E0077,2026-01-26,40.00,0.00
E0078,2026-01-26,40.00,0.00
E0079,2026-01-26,40.00,1.25
E0081,2026-01-26,40.00,0.00
E0082,2026-01-26,40.00,0.00
E0083,2026-01-26,40.00,0.00
E0084,2026-01-26,40.00,0.00
E0085,2026-01-26,40.00,2.00
E0086,2026-01-26,40.00,2.50
E0087,2026-01-26,40.00,0.00
E0088,2026-01-26,40.00,0.00
E0089,2026-01-26,40.00,0.25
E0091,2026-01-26,40.00,0.00
E0092,2026-01-26,40.00,0.00
E0093,2026-01-26,40.00,0.00
E0094,2026-01-26,40.00,0.00
E0095,2026-01-26,40.00,0.00
E0096,2026-01-26,40.00,0.00
E0097,2026-01-26,40.00,0.00
E0098,2026-01-26,40.00,0.00
E0099,2026-01-26,40.00,0.00
E0100,2026-01-26,40.00,0.00
E0101,2026-01-26,24.00,0.00
E0102,2026-01-26,40.00,0.00
E0103,2026-01-26,40.00,0.00
E0104,2026-01-26,40.00,0.00
E0105,2026-01-26,40.00,0.00
E0106,2026-01-26,40.00,0.00
E0107,2026-01-26,40.00,4.50
E0108,2026-01-26,40.00,0.00
E0109,2026-01-26,40.00,2.25
E0110,2026-01-26,40.00,0.00
E0111,2026-01-26,40.00,1.75
E0112,2026-01-26,32.00,0.00
E0113,2026-01-26,40.00,4.75
E0114,2026-01-26,40.00,0.00
E0115,2026-01-26,24.00,0.00
E0116,2026-01-26,24.00,0.00
E0118,2026-01-26,24.00,2.25
E0119,2026-01-26,40.00,2.25
E0120,2026-01-26,40.00,0.00
E0121,2026-01-26,40.00,0.00
E0122,2026-01-26,40.00,4.50
E0123,2026-01-26,40.00,4.25
E0124,2026-01-26,40.00,6.25
E0125,2026-01-26,40.00,0.00
E0126,2026-01-26,40.00,0.00
E0127,2026-01-26,32.00,0.00
E0128,2026-01-26,40.00,0.00
E0129,2026-01-26,40.00,0.00
E0130,2026-01-26,40.00,0.00
E0132,2026-01-26,40.00,5.25
E0133,2026-01-26,40.00,8.25
E0134,2026-01-26,40.00,4.25
E0135,2026-01-26,40.00,0.00
E0136,2026-01-26,40.00,0.00
E0137,2026-01-26,24.00,0.00
E0138,2026-01-26,40.00,0.00
E0139,2026-01-26,40.00,0.00
E0140,2026-01-26,24.00,0.00
E0141,2026-01-26,24.00,0.00
E0142,2026-01-26,40.00,4.00
E0143,2026-01-26,40.00,7.00
E0144,2026-01-26,40.00,0.00
E0145,2026-01-26,40.00,0.00
E0146,2026-01-26,24.00,0.00
E0147,2026-01-26,40.00,3.00
E0148,2026-01-26,40.00,0.00
E0149,2026-01-26,40.00,0.00
E0150,2026-01-26,24.00,0.00
E0151,2026-01-26,40.00,11.00
E0152,2026-01-26,40.00,0.00
E0153,2026-01-26,40.00,0.00
E0154,2026-01-26,40.00,7.25
E0155,2026-01-26,40.00,0.00
E0156,2026-01-26,40.00,0.00
E0157,2026-01-26,40.00,0.00
E0159,2026-01-26,40.00,10.75
E0160,2026-01-26,40.00,7.75
E0161,2026-01-26,40.00,0.00
E0162,2026-01-26,40.00,0.00
E0163,2026-01-26,40.00,14.00
E0164,2026-01-26,40.00,10.75
E0165,2026-01-26,40.00,4.75
E0166,2026-01-26,40.00,0.00
E0167,2026-01-26,40.00,0.00
E0169,2026-01-26,40.00,0.00
E0170,2026-01-26,40.00,4.75
E0171,2026-01-26,40.00,6.75
E0172,2026-01-26,40.00,0.00
E0173,2026-01-26,40.00,5.00
E0175,2026-01-26,24.00,0.00
E0176,2026-01-26,40.00,5.50
E0177,2026-01-26,24.00,2.50
E0178,2026-01-26,40.00,0.00
E0179,2026-01-26,40.00,0.00
E0180,2026-01-26,40.00,6.50
E0181,2026-01-26,40.00,5.25
E0182,2026-01-26,24.00,0.00
E0184,2026-01-26,40.00,0.00
E0185,2026-01-26,40.00,4.00
E0186,2026-01-26,8.00,0.00
E0187,2026-01-26,32.00,0.00
E0188,2026-01-26,40.00,0.00
E0189,2026-01-26,40.00,5.75
E0190,2026-01-26,40.00,8.50
E0191,2026-01-26,40.00,0.00
E0192,2026-01-26,40.00,0.00
E0193,2026-01-26,40.00,9.00
E0194,2026-01-26,40.00,0.00
E0196,2026-01-26,40.00,5.75
E0197,2026-01-26,40.00,6.75
E0198,2026-01-26,40.00,0.00
E0199,2026-01-26,40.00,2.75
E0200,2026-01-26,40.00,0.00
E0202,2026-01-26,40.00,6.50
E0203,2026-01-26,40.00,4.50
E0204,2026-01-26,24.00,6.75
E0205,2026-01-26,40.00,0.00
E0206,2026-01-26,40.00,7.25
E0207,2026-01-26,40.00,0.00
E0209,2026-01-26,40.00,4.50
E0210,2026-01-26,40.00,6.00
E0211,2026-01-26,40.00,0.00
E0212,2026-01-26,40.00,7.75
E0213,2026-01-26,40.00,0.00
E0214,2026-01-26,40.00,7.50
E0215,2026-01-26,40.00,0.75
E0216,2026-01-26,40.00,8.25
E0218,2026-01-26,40.00,4.50
E0219,2026-01-26,24.00,0.00
E0220,2026-01-26,24.00,10.75
E0221,2026-01-26,40.00,2.75
E0222,2026-01-26,40.00,0.25
E0223,2026-01-26,40.00,2.00
E0224,2026-01-26,40.00,5.50
E0225,2026-01-26,40.00,4.00
E0226,2026-01-26,24.00,3.25
E0227,2026-01-26,16.00,0.00
E0228,2026-01-26,40.00,4.75
E0229,2026-01-26,40.00,9.25
E0230,2026-01-26,40.00,4.00
E0232,2026-01-26,40.00,0.00
E0233,2026-01-26,40.00,10.75
E0234,2026-01-26,40.00,8.50
E0249,2026-01-26,40.00,0.00
E0250,2026-01-26,40.00,8.25
E0251,2026-01-26,40.00,2.75
E0252,2026-01-26,32.00,0.00
E0253,2026-01-26,40.00,0.00
E0254,2026-01-26,40.00,0.00
E0255,2026-01-26,40.00,4.00
E0256,2026-01-26,40.00,0.00
E0257,2026-01-26,40.00,3.00
E0258,2026-01-26,32.00,0.00
E0259,2026-01-26,40.00,0.00
E0260,2026-01-26,40.00,0.00
E0261,2026-01-26,40.00,0.00
E0262,2026-01-26,40.00,5.00
E0263,2026-01-26,40.00,8.25
E0264,2026-01-26,40.00,0.00
E0265,2026-01-26,40.00,0.00
E0266,2026-01-26,40.00,0.00
E0267,2026-01-26,40.00,0.00
E0268,2026-01-26,40.00,4.75
E0269,2026-01-26,24.00,0.00
E0001,2026-02-02,40.00,0.00
E0002,2026-02-02,40.00,0.00
E0003,2026-02-02,40.00,0.00
E0004,2026-02-02,40.00,0.00
E0005,2026-02-02,40.00,0.00
E0006,2026-02-02,40.00,0.00
E0007,2026-02-02,40.00,0.00
E0008,2026-02-02,40.00,0.00
E0009,2026-02-02,32.00,0.00
E0010,2026-02-02,40.00,1.50
E0011,2026-02-02,40.00,2.75
E0012,2026-02-02,40.00,0.00
E0013,2026-02-02,40.00,0.00
E0014,2026-02-02,40.00,0.00
E0015,2026-02-02,40.00,0.00
E0016,2026-02-02,40.00,0.00
E0017,2026-02-02,40.00,0.00
E0018,2026-02-02,40.00,0.00
E0019,2026-02-02,32.00,0.00
E0020,2026-02-02,40.00,0.00
E0021,2026-02-02,40.00,0.00
E0022,2026-02-02,40.00,0.00
E0023,2026-02-02,40.00,0.00
E0024,2026-02-02,40.00,0.00
E0025,2026-02-02,40.00,0.00
E0026,2026-02-02,40.00,0.00
E0027,2026-02-02,32.00,0.00
E0028,2026-02-02,40.00,0.00
E0029,2026-02-02,40.00,2.00
E0030,2026-02-02,40.00,0.00
E0031,2026-02-02,40.00,0.00
E0032,2026-02-02,40.00,0.00
E0033,2026-02-02,40.00,0.00
E0034,2026-02-02,40.00,0.00
E0035,2026-02-02,32.00,0.00
E0036,2026-02-02,40.00,0.00
E0037,2026-02-02,40.00,0.00
E0038,2026-02-02,40.00,0.00
E0039,2026-02-02,40.00,0.00
E0041,2026-02-02,40.00,0.00
E0042,2026-02-02,24.00,0.00
E0043,2026-02-02,40.00,0.00
E0044,2026-02-02,40.00,0.00
E0045,2026-02-02,32.00,0.00
E0046,2026-02-02,40.00,0.00
E0047,2026-02-02,40.00,0.00
E0048,2026-02-02,40.00,0.00
E0049,2026-02-02,24.00,0.00
E0050,2026-02-02,40.00,2.00
E0051,2026-02-02,40.00,0.00
E0052,2026-02-02,40.00,0.00
E0053,2026-02-02,40.00,0.00
E0054,2026-02-02,40.00,0.00
E0055,2026-02-02,40.00,0.00
E0056,2026-02-02,40.00,0.00
E0057,2026-02-02,40.00,2.50
E0058,2026-02-02,40.00,0.00
E0059,2026-02-02,40.00,0.00
E0060,2026-02-02,40.00,0.00
E0061,2026-02-02,40.00,2.50
E0062,2026-02-02,40.00,0.00
E0063,2026-02-02,40.00,0.00
E0065,2026-02-02,40.00,0.00
E0066,2026-02-02,32.00,0.00
E0067,2026-02-02,40.00,0.00
E0068,2026-02-02,32.00,0.00
E0069,2026-02-02,40.00,0.00
E0070,2026-02-02,40.00,0.00
E0071,2026-02-02,32.00,0.00
E0072,2026-02-02,40.00,0.00
E0073,2026-02-02,32.00,0.00
E0074,2026-02-02,40.00,0.00
E0075,2026-02-02,40.00,0.00
E0076,2026-02-02,40.00,0.00
E0077,2026-02-02,40.00,0.00
E0078,2026-02-02,40.00,0.00
E0079,2026-02-02,40.00,2.00
E0081,2026-02-02,40.00,0.00
E0082,2026-02-02,40.00,0.00
E0083,2026-02-02,40.00,0.00
E0084,2026-02-02,32.00,0.00
E0085,2026-02-02,40.00,0.00
E0086,2026-02-02,40.00,2.00
E0087,2026-02-02,40.00,0.00
E0088,2026-02-02,40.00,2.75
E0089,2026-02-02,40.00,2.50
E0091,2026-02-02,40.00,0.00
E0092,2026-02-02,40.00,0.00
E0093,2026-02-02,40.00,0.00
E0094,2026-02-02,40.00,0.00
E0095,2026-02-02,40.00,0.00
E0096,2026-02-02,40.00,0.00
E0097,2026-02-02,40.00,0.00
E0098,2026-02-02,40.00,0.00
E0099,2026-02-02,40.00,0.00
E0100,2026-02-02,40.00,0.00
E0101,2026-02-02,40.00,2.00
E0102,2026-02-02,40.00,0.00
E0103,2026-02-02,40.00,0.00
E0104,2026-02-02,40.00,0.00
E0105,2026-02-02,40.00,0.00
E0106,2026-02-02,40.00,0.00
E0107,2026-02-02,40.00,0.00
E0108,2026-02-02,40.00,5.50
E0109,2026-02-02,40.00,5.75
E0110,2026-02-02,40.00,0.00
E0111,2026-02-02,40.00,0.00
E0112,2026-02-02,40.00,8.00
E0113,2026-02-02,40.00,1.00
E0114,2026-02-02,40.00,0.00
E0115,2026-02-02,24.00,2.50
E0116,2026-02-02,24.00,5.00
E0118,2026-02-02,24.00,0.00
E0119,2026-02-02,32.00,0.00
E0120,2026-02-02,40.00,0.00
E0121,2026-02-02,40.00,6.25
E0122,2026-02-02,40.00,5.75
E0123,2026-02-02,40.00,4.50
E0124,2026-02-02,40.00,0.00
E0125,2026-02-02,40.00,5.75
E0126,2026-02-02,32.00,0.00
E0127,2026-02-02,40.00,4.00
E0128,2026-02-02,24.00,0.00
E0129,2026-02-02,40.00,3.25
E0130,2026-02-02,40.00,3.50
E0132,2026-02-02,40.00,2.75
E0133,2026-02-02,40.00,0.00
E0134,2026-02-02,40.00,2.25
E0135,2026-02-02,40.00,3.00
E0136,2026-02-02,32.00,0.00
E0137,2026-02-02,24.00,0.00
E0138,2026-02-02,32.00,0.00
E0139,2026-02-02,40.00,0.00
E0140,2026-02-02,40.00,0.00
E0141,2026-02-02,40.00,2.00
E0142,2026-02-02,40.00,0.00
E0143,2026-02-02,32.00,0.00
E0144,2026-02-02,32.00,0.00
E0145,2026-02-02,40.00,0.00
E0146,2026-02-02,40.00,0.00
E0147,2026-02-02,32.00,0.00
E0148,2026-02-02,40.00,0.00
E0149,2026-02-02,40.00,0.00
E0150,2026-02-02,24.00,3.75
E0151,2026-02-02,40.00,9.75
E0152,2026-02-02,40.00,5.50
E0153,2026-02-02,40.00,0.00
E0154,2026-02-02,40.00,3.00
E0155,2026-02-02,24.00,0.00
E0156,2026-02-02,40.00,3.50
E0157,2026-02-02,40.00,0.00
E0159,2026-02-02,40.00,8.25
E0160,2026-02-02,40.00,0.00
E0161,2026-02-02,40.00,6.25
E0162,2026-02-02,40.00,0.00
E0163,2026-02-02,40.00,4.00
E0164,2026-02-02,32.00,0.00
E0165,2026-02-02,40.00,0.00
E0166,2026-02-02,40.00,0.00
E0167,2026-02-02,40.00,4.75
E0169,2026-02-02,40.00,0.00
E0170,2026-02-02,40.00,1.75
E0171,2026-02-02,40.00,0.00
E0172,2026-02-02,40.00,8.25
E0173,2026-02-02,40.00,0.00
E0175,2026-02-02,40.00,6.25
E0176,2026-02-02,40.00,6.25
E0177,2026-02-02,8.00,0.00
E0178,2026-02-02,40.00,0.00
E0179,2026-02-02,40.00,0.00
E0180,2026-02-02,40.00,0.00
E0181,2026-02-02,40.00,5.00
E0182,2026-02-02,24.00,0.00
E0184,2026-02-02,40.00,0.00
E0185,2026-02-02,40.00,0.00
E0186,2026-02-02,24.00,10.75
E0187,2026-02-02,40.00,0.00
E0188,2026-02-02,40.00,0.00
E0189,2026-02-02,40.00,7.75
E0190,2026-02-02,40.00,11.25
E0191,2026-02-02,40.00,5.50
E0192,2026-02-02,40.00,0.00
E0193,2026-02-02,40.00,7.50
E0194,2026-02-02,32.00,0.00
E0196,2026-02-02,40.00,0.00
E0197,2026-02-02,24.00,0.00
E0198,2026-02-02,40.00,4.75
E0199,2026-02-02,40.00,4.00
E0200,2026-02-02,40.00,0.00
E0202,2026-02-02,40.00,0.00
E0203,2026-02-02,40.00,0.00
E0204,2026-02-02,24.00,6.25
E0205,2026-02-02,40.00,0.00
E0206,2026-02-02,40.00,0.00
E0207,2026-02-02,40.00,0.00
E0209,2026-02-02,40.00,12.25
E0210,2026-02-02,40.00,0.00
E0211,2026-02-02,40.00,5.50
E0212,2026-02-02,40.00,9.00
E0213,2026-02-02,32.00,0.00
E0214,2026-02-02,40.00,5.00
E0215,2026-02-02,40.00,0.50
E0216,2026-02-02,40.00,2.25
E0218,2026-02-02,40.00,0.75
E0219,2026-02-02,24.00,3.75
E0220,2026-02-02,24.00,4.75
E0221,2026-02-02,32.00,0.00
E0222,2026-02-02,40.00,10.00
E0223,2026-02-02,40.00,8.00
E0224,2026-02-02,40.00,8.00
E0225,2026-02-02,40.00,0.00
E0226,2026-02-02,24.00,7.25
E0227,2026-02-02,24.00,0.00
E0228,2026-02-02,40.00,10.00
E0230,2026-02-02,40.00,11.00
E0232,2026-02-02,40.00,5.00
E0233,2026-02-02,40.00,0.00
E0234,2026-02-02,40.00,0.00
E0249,2026-02-02,40.00,0.00
E0250,2026-02-02,40.00,9.00
E0251,2026-02-02,24.00,0.00
E0252,2026-02-02,40.00,0.00
E0253,2026-02-02,40.00,0.00
E0254,2026-02-02,40.00,0.00
E0255,2026-02-02,40.00,4.00
E0256,2026-02-02,40.00,5.25
E0257,2026-02-02,40.00,6.25
E0258,2026-02-02,40.00,0.00
E0259,2026-02-02,40.00,0.00
E0260,2026-02-02,40.00,0.00
E0261,2026-02-02,32.00,0.00
E0262,2026-02-02,40.00,5.50
E0263,2026-02-02,40.00,6.75
E0264,2026-02-02,40.00,0.00
E0265,2026-02-02,40.00,0.00
E0266,2026-02-02,40.00,11.00
E0267,2026-02-02,40.00,0.00
E0268,2026-02-02,40.00,7.25
E0269,2026-02-02,40.00,7.25
E0274,2026-02-02,40.00,0.00
E0001,2026-02-09,40.00,5.75
E0002,2026-02-09,40.00,0.00
E0003,2026-02-09,40.00,0.00
E0004,2026-02-09,40.00,0.00
E0005,2026-02-09,24.00,0.00
E0006,2026-02-09,40.00,0.00
E0007,2026-02-09,40.00,0.00
E0008,2026-02-09,40.00,0.00
E0009,2026-02-09,32.00,0.00
E0010,2026-02-09,40.00,5.25
E0011,2026-02-09,32.00,0.00
E0012,2026-02-09,40.00,2.00
E0013,2026-02-09,40.00,0.00
E0014,2026-02-09,40.00,0.00
E0015,2026-02-09,40.00,4.50
E0016,2026-02-09,32.00,0.00
E0017,2026-02-09,40.00,0.00
E0018,2026-02-09,40.00,0.00
E0019,2026-02-09,32.00,0.00
E0020,2026-02-09,40.00,0.00
E0021,2026-02-09,40.00,0.00
E0022,2026-02-09,24.00,0.00
E0023,2026-02-09,40.00,0.00
E0024,2026-02-09,32.00,0.00
E0025,2026-02-09,40.00,0.00
E0026,2026-02-09,40.00,0.00
E0027,2026-02-09,40.00,0.00
E0028,2026-02-09,32.00,0.00
E0029,2026-02-09,40.00,0.00
E0030,2026-02-09,40.00,0.00
E0031,2026-02-09,40.00,0.00
E0032,2026-02-09,40.00,0.00
E0033,2026-02-09,40.00,0.00
E0034,2026-02-09,40.00,0.00
E0035,2026-02-09,40.00,0.00
E0036,2026-02-09,40.00,0.00
E0037,2026-02-09,40.00,0.00
E0038,2026-02-09,40.00,0.00
E0039,2026-02-09,40.00,0.00
E0041,2026-02-09,40.00,0.00
E0042,2026-02-09,40.00,0.00
E0043,2026-02-09,40.00,0.00
E0044,2026-02-09,24.00,0.00
E0045,2026-02-09,40.00,0.00
E0046,2026-02-09,40.00,0.00
E0047,2026-02-09,40.00,0.00
E0048,2026-02-09,40.00,0.00
E0049,2026-02-09,40.00,0.00
E0050,2026-02-09,24.00,0.00
E0051,2026-02-09,40.00,0.00
E0052,2026-02-09,40.00,0.00
E0053,2026-02-09,40.00,0.00
E0054,2026-02-09,40.00,0.00
E0055,2026-02-09,40.00,0.00
E0056,2026-02-09,40.00,0.00
E0057,2026-02-09,40.00,1.25
E0058,2026-02-09,24.00,0.00
E0059,2026-02-09,40.00,0.00
E0060,2026-02-09,40.00,0.00
E0061,2026-02-09,40.00,0.00
E0062,2026-02-09,40.00,0.00
E0063,2026-02-09,40.00,0.00
E0065,2026-02-09,40.00,0.00
E0066,2026-02-09,40.00,0.00
E0067,2026-02-09,32.00,0.00
E0068,2026-02-09,40.00,0.00
E0069,2026-02-09,40.00,0.00
E0070,2026-02-09,40.00,0.00
E0071,2026-02-09,40.00,0.00
E0072,2026-02-09,40.00,0.00
E0073,2026-02-09,24.00,0.00
E0074,2026-02-09,40.00,0.00
E0075,2026-02-09,40.00,0.00
E0076,2026-02-09,40.00,0.00
E0077,2026-02-09,40.00,0.00
E0078,2026-02-09,40.00,0.00
E0079,2026-02-09,32.00,0.00
E0081,2026-02-09,40.00,0.00
E0082,2026-02-09,40.00,0.00
E0083,2026-02-09,40.00,0.00
E0084,2026-02-09,40.00,0.00
E0085,2026-02-09,32.00,0.00
E0086,2026-02-09,40.00,0.00
E0087,2026-02-09,40.00,0.00
E0088,2026-02-09,40.00,0.00
E0089,2026-02-09,40.00,0.00
E0091,2026-02-09,40.00,0.00
E0092,2026-02-09,40.00,0.00
E0093,2026-02-09,40.00,0.00
E0094,2026-02-09,40.00,0.00
E0095,2026-02-09,40.00,0.00
E0096,2026-02-09,40.00,0.00
E0097,2026-02-09,40.00,0.00
E0098,2026-02-09,40.00,0.00
E0099,2026-02-09,40.00,0.00
E0100,2026-02-09,40.00,0.00
E0101,2026-02-09,40.00,2.00
E0102,2026-02-09,40.00,0.00
E0104,2026-02-09,40.00,0.00
E0105,2026-02-09,40.00,0.00
E0106,2026-02-09,40.00,2.50
E0107,2026-02-09,40.00,0.00
E0108,2026-02-09,40.00,10.75
E0109,2026-02-09,40.00,4.50
E0110,2026-02-09,40.00,0.00
E0111,2026-02-09,40.00,7.75
E0112,2026-02-09,40.00,3.25
E0113,2026-02-09,32.00,0.00
E0114,2026-02-09,40.00,7.50
E0115,2026-02-09,24.00,3.75
E0116,2026-02-09,24.00,5.25
E0118,2026-02-09,24.00,3.25
E0119,2026-02-09,32.00,0.00
E0120,2026-02-09,40.00,3.25
E0122,2026-02-09,40.00,5.00
E0123,2026-02-09,40.00,0.00
E0124,2026-02-09,40.00,3.50
E0125,2026-02-09,32.00,0.00
E0126,2026-02-09,40.00,3.25
E0127,2026-02-09,40.00,8.75
E0128,2026-02-09,40.00,6.25
E0129,2026-02-09,32.00,0.00
E0130,2026-02-09,40.00,3.25
E0132,2026-02-09,40.00,0.00
E0133,2026-02-09,40.00,4.75
E0134,2026-02-09,40.00,3.75
E0135,2026-02-09,40.00,3.75
E0136,2026-02-09,40.00,0.00
E0137,2026-02-09,40.00,0.00
E0138,2026-02-09,40.00,0.00
E0139,2026-02-09,40.00,0.00
E0140,2026-02-09,40.00,0.00
E0141,2026-02-09,40.00,3.75
E0142,2026-02-09,40.00,4.00
E0143,2026-02-09,40.00,5.00
E0144,2026-02-09,40.00,0.00
E0145,2026-02-09,40.00,0.00
E0146,2026-02-09,40.00,0.00
E0147,2026-02-09,32.00,0.00
E0148,2026-02-09,40.00,0.00
E0149,2026-02-09,40.00,0.00
E0150,2026-02-09,24.00,1.00
E0151,2026-02-09,40.00,5.00
E0152,2026-02-09,40.00,1.00
E0153,2026-02-09,40.00,0.00
E0154,2026-02-09,40.00,0.00
E0155,2026-02-09,24.00,0.00
E0156,2026-02-09,40.00,4.00
E0157,2026-02-09,40.00,0.00
E0159,2026-02-09,40.00,3.25
E0160,2026-02-09,32.00,0.00
E0161,2026-02-09,40.00,0.00
E0162,2026-02-09,40.00,4.50
E0163,2026-02-09,40.00,0.00
E0164,2026-02-09,40.00,1.00
E0165,2026-02-09,40.00,9.75
E0166,2026-02-09,24.00,0.00
E0167,2026-02-09,40.00,3.50
E0169,2026-02-09,40.00,5.75
E0170,2026-02-09,40.00,8.75
E0171,2026-02-09,40.00,7.75
E0172,2026-02-09,40.00,6.25
E0173,2026-02-09,40.00,3.75
E0175,2026-02-09,40.00,4.25
E0176,2026-02-09,40.00,0.00
E0177,2026-02-09,24.00,2.75
E0178,2026-02-09,40.00,0.00
E0179,2026-02-09,40.00,7.25
E0180,2026-02-09,40.00,0.00
E0181,2026-02-09,40.00,3.25
E0182,2026-02-09,24.00,3.50
E0184,2026-02-09,40.00,7.00
E0185,2026-02-09,40.00,11.00
E0186,2026-02-09,24.00,5.25
E0187,2026-02-09,40.00,4.25
E0188,2026-02-09,40.00,0.00
E0189,2026-02-09,40.00,5.25
E0190,2026-02-09,40.00,0.00
E0191,2026-02-09,40.00,0.00
E0192,2026-02-09,40.00,0.00
E0193,2026-02-09,40.00,0.00
E0194,2026-02-09,40.00,0.00
E0196,2026-02-09,40.00,9.50
E0197,2026-02-09,40.00,8.50
E0198,2026-02-09,40.00,7.50
E0199,2026-02-09,40.00,0.00
E0200,2026-02-09,40.00,0.00
E0202,2026-02-09,40.00,0.00
E0203,2026-02-09,40.00,4.00
E0204,2026-02-09,24.00,10.75
E0205,2026-02-09,40.00,2.25
E0206,2026-02-09,40.00,0.00
E0207,2026-02-09,40.00,0.00
E0209,2026-02-09,40.00,0.00
E0210,2026-02-09,32.00,0.00
E0211,2026-02-09,40.00,10.00
E0212,2026-02-09,40.00,5.50
E0213,2026-02-09,40.00,0.00
E0214,2026-02-09,40.00,0.00
E0215,2026-02-09,32.00,0.00
E0216,2026-02-09,40.00,0.00
E0218,2026-02-09,40.00,7.75
E0219,2026-02-09,24.00,6.00
E0220,2026-02-09,24.00,7.00
E0221,2026-02-09,40.00,0.00
E0222,2026-02-09,40.00,0.00
E0223,2026-02-09,40.00,2.25
E0224,2026-02-09,40.00,0.00
E0225,2026-02-09,40.00,11.00
E0226,2026-02-09,16.00,0.00
E0227,2026-02-09,24.00,3.50
E0228,2026-02-09,40.00,3.00
E0230,2026-02-09,40.00,9.00
E0232,2026-02-09,40.00,4.25
E0233,2026-02-09,40.00,7.00
E0234,2026-02-09,40.00,0.00
E0249,2026-02-09,32.00,0.00
E0250,2026-02-09,40.00,14.00
E0251,2026-02-09,40.00,4.75
E0252,2026-02-09,40.00,0.00
E0253,2026-02-09,40.00,0.00
E0254,2026-02-09,40.00,0.00
E0255,2026-02-09,40.00,0.00
E0256,2026-02-09,40.00,1.00
E0257,2026-02-09,40.00,7.50
E0258,2026-02-09,40.00,0.00
E0259,2026-02-09,40.00,0.00
E0260,2026-02-09,40.00,0.00
E0261,2026-02-09,40.00,0.00
E0262,2026-02-09,40.00,6.25
E0263,2026-02-09,40.00,0.00
E0264,2026-02-09,40.00,0.00
E0265,2026-02-09,40.00,0.00
E0266,2026-02-09,40.00,5.75
E0267,2026-02-09,40.00,0.00
E0268,2026-02-09,24.00,0.00
E0269,2026-02-09,40.00,0.00
E0274,2026-02-09,40.00,0.00
E0275,2026-02-09,40.00,0.00
E0001,2026-02-16,40.00,0.00
E0002,2026-02-16,40.00,0.00
E0003,2026-02-16,40.00,0.00
E0004,2026-02-16,40.00,0.00
E0005,2026-02-16,40.00,0.00
E0006,2026-02-16,32.00,0.00
E0007,2026-02-16,40.00,0.00
E0008,2026-02-16,40.00,0.00
E0009,2026-02-16,40.00,0.00
E0010,2026-02-16,40.00,0.00
E0011,2026-02-16,40.00,4.00
E0012,2026-02-16,40.00,0.00
E0013,2026-02-16,40.00,0.00
E0014,2026-02-16,40.00,0.00
E0015,2026-02-16,40.00,0.00
E0016,2026-02-16,40.00,0.00
E0017,2026-02-16,40.00,0.00
E0018,2026-02-16,40.00,0.00
E0019,2026-02-16,40.00,0.00
E0020,2026-02-16,32.00,0.00
E0021,2026-02-16,40.00,0.00
E0022,2026-02-16,40.00,0.00
E0023,2026-02-16,40.00,0.00
E0024,2026-02-16,40.00,0.00
E0025,2026-02-16,40.00,0.00
E0026,2026-02-16,40.00,0.00
E0027,2026-02-16,40.00,0.00
E0028,2026-02-16,40.00,0.00
E0029,2026-02-16,40.00,3.00
E0030,2026-02-16,40.00,0.00
E0031,2026-02-16,40.00,0.00
E0032,2026-02-16,32.00,0.00
E0033,2026-02-16,40.00,0.00
E0034,2026-02-16,32.00,0.00
E0035,2026-02-16,40.00,0.00
E0036,2026-02-16,40.00,0.00
E0037,2026-02-16,40.00,0.00
E0038,2026-02-16,40.00,0.00
E0039,2026-02-16,32.00,0.00
E0041,2026-02-16,40.00,0.00
E0042,2026-02-16,40.00,0.00
E0043,2026-02-16,40.00,0.00
E0044,2026-02-16,40.00,0.00
E0045,2026-02-16,40.00,0.00
E0046,2026-02-16,40.00,0.00
E0047,2026-02-16,40.00,0.00
E0048,2026-02-16,40.00,0.00
E0049,2026-02-16,40.00,0.00
E0050,2026-02-16,40.00,0.00
E0051,2026-02-16,40.00,0.00
E0052,2026-02-16,40.00,0.00
E0053,2026-02-16,40.00,0.00
E0054,2026-02-16,40.00,0.00
E0055,2026-02-16,40.00,0.00
E0056,2026-02-16,40.00,0.00
E0057,2026-02-16,40.00,2.25
E0058,2026-02-16,40.00,0.00
E0059,2026-02-16,40.00,0.00
E0060,2026-02-16,40.00,0.00
E0061,2026-02-16,40.00,1.25
E0062,2026-02-16,40.00,0.00
E0063,2026-02-16,40.00,0.00
E0065,2026-02-16,40.00,0.00
E0066,2026-02-16,40.00,0.00
E0067,2026-02-16,32.00,0.00
E0068,2026-02-16,40.00,0.00
E0069,2026-02-16,40.00,0.00
E0070,2026-02-16,40.00,0.00
E0071,2026-02-16,40.00,0.00
E0072,2026-02-16,40.00,0.00
E0073,2026-02-16,32.00,0.00
E0074,2026-02-16,40.00,0.00
E0075,2026-02-16,40.00,0.00
E0076,2026-02-16,40.00,0.00
E0077,2026-02-16,40.00,0.00
E0078,2026-02-16,40.00,0.00
E0079,2026-02-16,40.00,2.75
E0081,2026-02-16,40.00,0.00
E0082,2026-02-16,40.00,0.00
E0083,2026-02-16,40.00,0.00
E0084,2026-02-16,40.00,0.00
E0085,2026-02-16,40.00,1.75
E0086,2026-02-16,40.00,2.50
E0087,2026-02-16,32.00,0.00
E0088,2026-02-16,40.00,0.00
E0089,2026-02-16,32.00,0.00
E0091,2026-02-16,40.00,0.00
E0092,2026-02-16,40.00,0.00
E0093,2026-02-16,32.00,0.00
E0094,2026-02-16,40.00,0.00
E0095,2026-02-16,40.00,0.00
E0096,2026-02-16,40.00,0.00
E0097,2026-02-16,40.00,0.00
E0098,2026-02-16,40.00,0.00
E0099,2026-02-16,24.00,0.00
E0100,2026-02-16,40.00,0.00
E0101,2026-02-16,40.00,0.00
E0102,2026-02-16,40.00,0.00
E0104,2026-02-16,24.00,0.00
E0105,2026-02-16,40.00,0.00
E0106,2026-02-16,40.00,1.50
E0107,2026-02-16,40.00,0.00
E0108,2026-02-16,40.00,5.25
E0109,2026-02-16,40.00,7.75
E0110,2026-02-16,24.00,0.00
E0111,2026-02-16,40.00,3.50
E0112,2026-02-16,32.00,0.00
E0113,2026-02-16,40.00,0.00
E0114,2026-02-16,40.00,0.00
E0115,2026-02-16,16.00,0.00
E0116,2026-02-16,24.00,3.00
E0118,2026-02-16,24.00,8.75
E0119,2026-02-16,40.00,7.75
E0120,2026-02-16,40.00,7.75
E0122,2026-02-16,40.00,2.75
E0123,2026-02-16,40.00,8.50
E0124,2026-02-16,40.00,3.75
E0125,2026-02-16,40.00,6.25
E0126,2026-02-16,24.00,0.00
E0127,2026-02-16,40.00,7.00
E0128,2026-02-16,40.00,0.00
E0129,2026-02-16,40.00,7.75
E0130,2026-02-16,40.00,3.00
E0132,2026-02-16,40.00,7.25
E0134,2026-02-16,40.00,3.75
E0135,2026-02-16,40.00,2.25
E0136,2026-02-16,40.00,0.00
E0137,2026-02-16,40.00,0.00
E0138,2026-02-16,40.00,0.00
E0139,2026-02-16,40.00,0.00
E0140,2026-02-16,40.00,0.00
E0141,2026-02-16,40.00,3.00
E0142,2026-02-16,40.00,0.00
E0143,2026-02-16,40.00,0.00
E0144,2026-02-16,40.00,0.00
E0145,2026-02-16,40.00,0.00
E0146,2026-02-16,40.00,0.00
E0147,2026-02-16,32.00,0.00
E0148,2026-02-16,32.00,0.00
E0149,2026-02-16,24.00,0.00
E0150,2026-02-16,24.00,6.00
E0151,2026-02-16,40.00,8.25
E0152,2026-02-16,40.00,0.00
E0153,2026-02-16,40.00,0.00
E0154,2026-02-16,40.00,0.00
E0155,2026-02-16,40.00,0.00
E0156,2026-02-16,40.00,3.25
E0157,2026-02-16,40.00,0.00
E0159,2026-02-16,40.00,0.00
E0160,2026-02-16,40.00,0.00
E0161,2026-02-16,40.00,0.00
E0162,2026-02-16,40.00,0.00
E0163,2026-02-16,24.00,0.00
E0164,2026-02-16,40.00,0.00
E0165,2026-02-16,40.00,0.00
E0166,2026-02-16,40.00,0.00
E0167,2026-02-16,40.00,1.00
E0169,2026-02-16,40.00,6.25
E0170,2026-02-16,40.00,0.75
E0171,2026-02-16,40.00,5.75
E0172,2026-02-16,40.00,2.00
E0173,2026-02-16,40.00,6.75
E0175,2026-02-16,32.00,0.00
E0176,2026-02-16,40.00,0.00
E0177,2026-02-16,24.00,0.00
E0178,2026-02-16,32.00,0.00
E0179,2026-02-16,40.00,3.75
E0180,2026-02-16,40.00,2.00
E0181,2026-02-16,40.00,6.75
E0182,2026-02-16,24.00,4.25
E0184,2026-02-16,40.00,3.25
E0185,2026-02-16,40.00,0.00
E0186,2026-02-16,24.00,8.00
E0187,2026-02-16,40.00,9.25
E0188,2026-02-16,40.00,0.00
E0189,2026-02-16,40.00,0.00
E0190,2026-02-16,40.00,0.00
E0191,2026-02-16,40.00,3.00
E0192,2026-02-16,40.00,3.25
E0193,2026-02-16,40.00,10.75
E0194,2026-02-16,40.00,0.00
E0196,2026-02-16,40.00,9.00
E0197,2026-02-16,40.00,0.00
E0198,2026-02-16,40.00,0.00
E0199,2026-02-16,40.00,12.25
E0200,2026-02-16,40.00,0.00
E0202,2026-02-16,40.00,6.50
E0203,2026-02-16,40.00,8.50
E0204,2026-02-16,24.00,0.00
E0205,2026-02-16,24.00,0.00
E0206,2026-02-16,40.00,8.75
E0207,2026-02-16,40.00,13.00
E0209,2026-02-16,40.00,8.50
E0210,2026-02-16,40.00,9.50
E0211,2026-02-16,40.00,0.00
E0212,2026-02-16,32.00,0.00
E0213,2026-02-16,40.00,0.00
E0214,2026-02-16,40.00,6.75
E0215,2026-02-16,40.00,12.75
E0216,2026-02-16,24.00,0.00
E0218,2026-02-16,40.00,6.25
E0219,2026-02-16,24.00,2.50
E0220,2026-02-16,24.00,3.00
E0221,2026-02-16,40.00,0.00
E0222,2026-02-16,40.00,0.00
E0223,2026-02-16,32.00,0.00
E0224,2026-02-16,40.00,8.50
E0225,2026-02-16,40.00,0.00
E0226,2026-02-16,8.00,0.00
E0227,2026-02-16,24.00,0.00
E0228,2026-02-16,40.00,4.25
E0230,2026-02-16,40.00,0.00
E0232,2026-02-16,40.00,3.00
E0233,2026-02-16,40.00,7.00
E0234,2026-02-16,40.00,5.00
E0249,2026-02-16,40.00,0.00
E0250,2026-02-16,24.00,0.00
E0251,2026-02-16,40.00,3.25
E0252,2026-02-16,40.00,0.00
E0253,2026-02-16,40.00,0.00
E0254,2026-02-16,32.00,0.00
E0255,2026-02-16,40.00,0.00
E0256,2026-02-16,40.00,5.75
E0257,2026-02-16,40.00,7.50
E0258,2026-02-16,40.00,0.00
E0259,2026-02-16,40.00,0.00
E0260,2026-02-16,40.00,0.00
E0261,2026-02-16,24.00,0.00
E0262,2026-02-16,40.00,0.00
E0263,2026-02-16,40.00,9.75
E0264,2026-02-16,40.00,0.00
E0265,2026-02-16,40.00,0.00
E0266,2026-02-16,40.00,2.50
E0267,2026-02-16,40.00,0.00
E0268,2026-02-16,40.00,3.75
E0269,2026-02-16,32.00,0.00
E0270,2026-02-16,40.00,9.25
E0274,2026-02-16,40.00,0.00
E0275,2026-02-16,40.00,0.00
E0001,2026-02-23,40.00,0.00
E0002,2026-02-23,40.00,0.00
E0003,2026-02-23,40.00,0.00
E0004,2026-02-23,40.00,0.00
E0005,2026-02-23,40.00,0.00
E0006,2026-02-23,40.00,0.00
E0007,2026-02-23,40.00,0.00
E0008,2026-02-23,40.00,0.00
E0009,2026-02-23,40.00,0.00
E0010,2026-02-23,40.00,4.00
E0011,2026-02-23,40.00,0.00
E0012,2026-02-23,40.00,3.50
E0013,2026-02-23,40.00,0.00
E0014,2026-02-23,40.00,0.00
E0015,2026-02-23,40.00,2.25
E0016,2026-02-23,40.00,0.00
E0017,2026-02-23,40.00,0.00
E0018,2026-02-23,40.00,0.00
E0019,2026-02-23,40.00,0.00
E0020,2026-02-23,40.00,0.00
E0021,2026-02-23,40.00,0.00
E0022,2026-02-23,40.00,0.00
E0023,2026-02-23,40.00,0.00
E0024,2026-02-23,40.00,0.00
E0025,2026-02-23,40.00,0.00
E0026,2026-02-23,40.00,0.00
E0027,2026-02-23,40.00,0.00
E0028,2026-02-23,32.00,0.00
E0029,2026-02-23,40.00,2.25
E0030,2026-02-23,40.00,0.00
E0031,2026-02-23,40.00,0.00
E0032,2026-02-23,32.00,0.00
E0033,2026-02-23,40.00,0.00
E0034,2026-02-23,40.00,0.00
E0035,2026-02-23,24.00,0.00
E0036,2026-02-23,40.00,0.00
E0037,2026-02-23,40.00,0.00
E0038,2026-02-23,40.00,0.00
E0039,2026-02-23,40.00,0.00
E0041,2026-02-23,40.00,0.00
E0042,2026-02-23,40.00,0.00
E0043,2026-02-23,40.00,0.00
E0044,2026-02-23,40.00,0.00
E0045,2026-02-23,40.00,0.00
E0046,2026-02-23,40.00,0.00
E0047,2026-02-23,40.00,0.00
E0048,2026-02-23,40.00,0.00
E0049,2026-02-23,40.00,0.00
E0050,2026-02-23,40.00,3.75
E0051,2026-02-23,40.00,0.00
E0052,2026-02-23,40.00,0.00
E0053,2026-02-23,40.00,0.00
E0054,2026-02-23,40.00,0.00
E0055,2026-02-23,40.00,0.00
E0056,2026-02-23,24.00,0.00
E0057,2026-02-23,40.00,0.00
E0058,2026-02-23,40.00,0.00
E0059,2026-02-23,40.00,0.00
E0060,2026-02-23,40.00,0.00
E0061,2026-02-23,40.00,0.00
E0062,2026-02-23,24.00,0.00
E0063,2026-02-23,40.00,0.00
E0065,2026-02-23,40.00,0.00
E0066,2026-02-23,40.00,0.00
E0067,2026-02-23,40.00,0.00
E0068,2026-02-23,40.00,0.00
E0069,2026-02-23,40.00,0.00
E0070,2026-02-23,32.00,0.00
E0071,2026-02-23,40.00,0.00
E0072,2026-02-23,40.00,0.00
E0073,2026-02-23,40.00,0.00
E0074,2026-02-23,40.00,0.00
E0075,2026-02-23,40.00,0.00
E0076,2026-02-23,40.00,0.00
E0077,2026-02-23,40.00,0.00
E0078,2026-02-23,40.00,0.00
E0079,2026-02-23,24.00,0.00
E0081,2026-02-23,40.00,0.00
E0082,2026-02-23,40.00,0.00
E0083,2026-02-23,40.00,0.00
E0084,2026-02-23,40.00,0.00
E0085,2026-02-23,40.00,2.00
E0086,2026-02-23,40.00,0.00
E0087,2026-02-23,40.00,1.50
E0088,2026-02-23,32.00,0.00
E0089,2026-02-23,40.00,1.50
E0091,2026-02-23,24.00,0.00
E0092,2026-02-23,40.00,0.00
E0093,2026-02-23,40.00,0.00
E0094,2026-02-23,40.00,0.00
E0095,2026-02-23,40.00,0.00
E0096,2026-02-23,40.00,0.00
E0097,2026-02-23,40.00,0.00
E0098,2026-02-23,40.00,0.00
E0099,2026-02-23,40.00,0.00
E0100,2026-02-23,40.00,0.00
E0101,2026-02-23,40.00,1.50
E0102,2026-02-23,40.00,0.00
E0104,2026-02-23,40.00,0.00
E0105,2026-02-23,40.00,0.00
E0106,2026-02-23,40.00,2.25
E0107,2026-02-23,40.00,0.00
E0108,2026-02-23,40.00,7.25
E0109,2026-02-23,40.00,4.75
E0110,2026-02-23,40.00,0.00
E0111,2026-02-23,40.00,9.50
E0112,2026-02-23,40.00,0.00
E0113,2026-02-23,40.00,3.00
E0114,2026-02-23,40.00,0.00
E0115,2026-02-23,24.00,0.00
E0116,2026-02-23,24.00,0.00
E0118,2026-02-23,24.00,4.00
E0119,2026-02-23,32.00,0.00
E0120,2026-02-23,40.00,0.00
E0122,2026-02-23,32.00,0.00
E0123,2026-02-23,24.00,0.00
E0124,2026-02-23,32.00,0.00
E0125,2026-02-23,40.00,5.75
E0126,2026-02-23,40.00,2.75
E0127,2026-02-23,40.00,0.00
E0128,2026-02-23,24.00,0.00
E0129,2026-02-23,40.00,6.00
E0130,2026-02-23,32.00,0.00
E0132,2026-02-23,32.00,0.00
E0134,2026-02-23,40.00,4.75
E0135,2026-02-23,40.00,0.00
E0136,2026-02-23,40.00,0.00
E0137,2026-02-23,40.00,0.00
E0138,2026-02-23,32.00,0.00
E0139,2026-02-23,40.00,0.00
E0140,2026-02-23,40.00,0.00
E0141,2026-02-23,40.00,2.25
E0142,2026-02-23,24.00,0.00
E0143,2026-02-23,40.00,0.00
E0144,2026-02-23,40.00,0.00
E0145,2026-02-23,40.00,0.00
E0146,2026-02-23,40.00,0.00
E0147,2026-02-23,40.00,1.75
E0148,2026-02-23,40.00,0.00
E0149,2026-02-23,40.00,0.00
E0150,2026-02-23,24.00,0.00
E0151,2026-02-23,40.00,5.75
E0152,2026-02-23,40.00,2.00
E0153,2026-02-23,40.00,0.00
E0154,2026-02-23,40.00,7.50
E0155,2026-02-23,40.00,0.00
E0156,2026-02-23,40.00,6.25
E0157,2026-02-23,40.00,0.00
E0159,2026-02-23,40.00,3.75
E0160,2026-02-23,40.00,5.75
E0161,2026-02-23,40.00,0.00
E0162,2026-02-23,40.00,2.50
E0163,2026-02-23,32.00,0.00
E0164,2026-02-23,40.00,0.00
E0165,2026-02-23,24.00,0.00
E0166,2026-02-23,40.00,0.00
E0167,2026-02-23,40.00,7.00
E0169,2026-02-23,40.00,6.00
E0170,2026-02-23,40.00,0.00
E0171,2026-02-23,40.00,3.00
E0172,2026-02-23,40.00,0.00
E0173,2026-02-23,40.00,3.25
E0175,2026-02-23,32.00,0.00
E0176,2026-02-23,40.00,7.50
E0177,2026-02-23,24.00,0.00
E0178,2026-02-23,40.00,0.00
E0179,2026-02-23,40.00,0.00
E0180,2026-02-23,40.00,0.00
E0181,2026-02-23,40.00,9.25
E0182,2026-02-23,8.00,0.00
E0184,2026-02-23,40.00,3.75
E0185,2026-02-23,40.00,6.00
E0186,2026-02-23,24.00,5.50
E0187,2026-02-23,40.00,9.25
E0188,2026-02-23,24.00,0.00
E0189,2026-02-23,24.00,0.00
E0190,2026-02-23,40.00,15.00
E0191,2026-02-23,40.00,3.00
E0192,2026-02-23,32.00,0.00
E0193,2026-02-23,40.00,7.50
E0194,2026-02-23,40.00,0.00
E0196,2026-02-23,40.00,0.00
E0197,2026-02-23,32.00,0.00
E0198,2026-02-23,40.00,9.75
E0199,2026-02-23,24.00,0.00
E0200,2026-02-23,40.00,0.00
E0202,2026-02-23,24.00,0.00
E0203,2026-02-23,40.00,8.50
E0204,2026-02-23,24.00,9.25
E0205,2026-02-23,40.00,0.00
E0206,2026-02-23,40.00,13.75
E0207,2026-02-23,40.00,4.50
E0209,2026-02-23,40.00,5.00
E0210,2026-02-23,40.00,9.25
E0211,2026-02-23,32.00,0.00
E0212,2026-02-23,40.00,3.75
E0213,2026-02-23,40.00,11.25
E0214,2026-02-23,40.00,0.00
E0215,2026-02-23,40.00,0.75
E0216,2026-02-23,32.00,0.00
E0218,2026-02-23,40.00,2.50
E0219,2026-02-23,24.00,7.00
E0220,2026-02-23,24.00,6.00
E0221,2026-02-23,40.00,6.75
E0222,2026-02-23,40.00,8.00
E0223,2026-02-23,40.00,0.00
E0224,2026-02-23,40.00,6.75
E0225,2026-02-23,40.00,10.00
E0226,2026-02-23,24.00,8.75
E0227,2026-02-23,24.00,0.00
E0228,2026-02-23,32.00,0.00
E0230,2026-02-23,40.00,3.00
E0232,2026-02-23,40.00,1.75
E0233,2026-02-23,40.00,0.00
E0234,2026-02-23,40.00,10.50
E0249,2026-02-23,40.00,0.00
E0250,2026-02-23,40.00,1.75
E0251,2026-02-23,40.00,0.75
E0252,2026-02-23,40.00,0.00
E0253,2026-02-23,40.00,0.00
E0254,2026-02-23,40.00,0.00
E0255,2026-02-23,32.00,0.00
E0256,2026-02-23,40.00,0.50
E0257,2026-02-23,40.00,0.00
E0258,2026-02-23,40.00,0.00
E0259,2026-02-23,40.00,0.00
E0260,2026-02-23,40.00,0.00
E0261,2026-02-23,40.00,0.00
E0262,2026-02-23,32.00,0.00
E0263,2026-02-23,40.00,0.00
E0264,2026-02-23,40.00,0.00
E0265,2026-02-23,40.00,0.00
E0266,2026-02-23,40.00,5.25
E0267,2026-02-23,40.00,0.00
E0268,2026-02-23,40.00,1.00
E0269,2026-02-23,40.00,3.50
E0270,2026-02-23,40.00,0.00
E0271,2026-02-23,24.00,9.50
E0273,2026-02-23,40.00,0.00
E0274,2026-02-23,40.00,0.00
E0275,2026-02-23,40.00,0.00
E0001,2026-03-02,40.00,1.00
E0002,2026-03-02,40.00,0.00
E0003,2026-03-02,40.00,0.00
E0004,2026-03-02,40.00,0.00
E0005,2026-03-02,40.00,0.00
E0006,2026-03-02,40.00,0.00
E0007,2026-03-02,40.00,0.00
E0008,2026-03-02,40.00,0.00
E0009,2026-03-02,40.00,0.00
E0010,2026-03-02,40.00,3.00
E0011,2026-03-02,40.00,4.00
E0012,2026-03-02,40.00,0.00
E0013,2026-03-02,32.00,0.00
E0014,2026-03-02,40.00,0.00
E0015,2026-03-02,40.00,2.75
E0016,2026-03-02,40.00,0.00
E0017,2026-03-02,40.00,0.00
E0018,2026-03-02,40.00,0.00
E0019,2026-03-02,40.00,0.00
E0020,2026-03-02,40.00,0.00
E0021,2026-03-02,40.00,0.00
E0022,2026-03-02,40.00,0.00
E0023,2026-03-02,32.00,0.00
E0024,2026-03-02,40.00,0.00
E0025,2026-03-02,40.00,0.00
E0026,2026-03-02,40.00,0.00
E0027,2026-03-02,40.00,0.00
E0028,2026-03-02,40.00,0.00
E0029,2026-03-02,40.00,1.75
E0030,2026-03-02,40.00,0.00
E0031,2026-03-02,40.00,0.00
E0032,2026-03-02,32.00,0.00
E0033,2026-03-02,40.00,0.00
E0034,2026-03-02,40.00,0.00
E0035,2026-03-02,40.00,0.00
E0036,2026-03-02,40.00,0.00
E0037,2026-03-02,32.00,0.00
E0038,2026-03-02,40.00,0.00
E0039,2026-03-02,40.00,0.00
E0041,2026-03-02,40.00,0.00
E0042,2026-03-02,40.00,0.00
E0043,2026-03-02,32.00,0.00
E0044,2026-03-02,32.00,0.00
E0045,2026-03-02,40.00,0.00
E0046,2026-03-02,40.00,0.00
E0047,2026-03-02,40.00,0.00
E0048,2026-03-02,40.00,0.00
E0049,2026-03-02,40.00,0.00
E0050,2026-03-02,24.00,0.00
E0051,2026-03-02,40.00,0.00
E0052,2026-03-02,40.00,0.00
E0053,2026-03-02,40.00,0.00
E0054,2026-03-02,40.00,0.00
E0055,2026-03-02,40.00,0.00
E0056,2026-03-02,40.00,0.00
E0057,2026-03-02,40.00,1.50
E0058,2026-03-02,40.00,0.00
E0059,2026-03-02,40.00,0.00
E0060,2026-03-02,40.00,0.00
E0061,2026-03-02,32.00,0.00
E0062,2026-03-02,40.00,0.00
E0063,2026-03-02,24.00,0.00
E0065,2026-03-02,40.00,0.00
E0066,2026-03-02,40.00,0.00
E0067,2026-03-02,40.00,0.00
E0068,2026-03-02,40.00,0.00
E0069,2026-03-02,40.00,0.00
E0070,2026-03-02,40.00,0.00
E0071,2026-03-02,40.00,0.00
E0072,2026-03-02,40.00,0.00
E0073,2026-03-02,40.00,0.00
E0074,2026-03-02,40.00,0.00
E0075,2026-03-02,24.00,0.00
E0076,2026-03-02,40.00,0.00
E0077,2026-03-02,40.00,0.00
E0078,2026-03-02,40.00,0.00
E0079,2026-03-02,32.00,0.00
E0081,2026-03-02,40.00,0.00
E0082,2026-03-02,40.00,0.00
E0083,2026-03-02,40.00,0.00
E0084,2026-03-02,32.00,0.00
E0085,2026-03-02,40.00,0.75
E0086,2026-03-02,40.00,1.25
E0087,2026-03-02,32.00,0.00
E0088,2026-03-02,40.00,1.75
E0089,2026-03-02,40.00,1.00
E0091,2026-03-02,32.00,0.00
E0092,2026-03-02,32.00,0.00
E0093,2026-03-02,40.00,0.00
E0094,2026-03-02,40.00,0.00
E0095,2026-03-02,24.00,0.00
E0096,2026-03-02,40.00,0.00
E0097,2026-03-02,40.00,0.00
E0098,2026-03-02,40.00,0.00
E0099,2026-03-02,40.00,0.00
E0100,2026-03-02,40.00,0.00
E0101,2026-03-02,40.00,2.00
E0102,2026-03-02,40.00,0.00
E0104,2026-03-02,40.00,0.00
E0105,2026-03-02,40.00,0.00
E0106,2026-03-02,40.00,1.00
E0107,2026-03-02,24.00,0.00
E0108,2026-03-02,40.00,0.00
E0109,2026-03-02,40.00,4.50
E0110,2026-03-02,40.00,0.00
E0111,2026-03-02,40.00,0.00
E0112,2026-03-02,40.00,5.50
E0113,2026-03-02,32.00,0.00
E0114,2026-03-02,40.00,0.00
E0115,2026-03-02,24.00,0.00
E0116,2026-03-02,24.00,4.25
E0118,2026-03-02,8.00,0.00
E0119,2026-03-02,40.00,0.00
E0120,2026-03-02,40.00,0.00
E0122,2026-03-02,40.00,0.00
E0123,2026-03-02,32.00,0.00
E0124,2026-03-02,40.00,0.00
E0125,2026-03-02,40.00,5.75
E0126,2026-03-02,40.00,0.00
E0127,2026-03-02,40.00,5.50
E0128,2026-03-02,40.00,0.00
E0129,2026-03-02,40.00,3.75
E0132,2026-03-02,40.00,5.00
E0134,2026-03-02,32.00,0.00
E0135,2026-03-02,40.00,4.75
E0136,2026-03-02,40.00,0.00
E0137,2026-03-02,40.00,0.00
E0138,2026-03-02,40.00,0.00
E0139,2026-03-02,40.00,0.00
E0140,2026-03-02,40.00,0.00
E0141,2026-03-02,40.00,0.00
E0142,2026-03-02,40.00,6.50
E0143,2026-03-02,40.00,4.00
E0144,2026-03-02,40.00,0.00
E0145,2026-03-02,40.00,0.00
E0146,2026-03-02,40.00,0.00
E0147,2026-03-02,40.00,0.00
E0148,2026-03-02,32.00,0.00
E0149,2026-03-02,40.00,0.00
E0150,2026-03-02,24.00,0.00
E0151,2026-03-02,40.00,0.00
E0152,2026-03-02,40.00,0.00
E0153,2026-03-02,40.00,0.00
E0154,2026-03-02,40.00,0.00
E0155,2026-03-02,40.00,0.00
E0156,2026-03-02,40.00,0.00
E0157,2026-03-02,40.00,0.00
E0159,2026-03-02,40.00,7.50
E0160,2026-03-02,40.00,0.00
E0161,2026-03-02,40.00,7.00
E0162,2026-03-02,32.00,0.00
E0163,2026-03-02,40.00,0.00
E0164,2026-03-02,40.00,0.00
E0165,2026-03-02,40.00,8.00
E0166,2026-03-02,40.00,0.00
E0167,2026-03-02,40.00,0.00
E0169,2026-03-02,32.00,0.00
E0170,2026-03-02,40.00,0.00
E0171,2026-03-02,40.00,0.00
E0172,2026-03-02,32.00,0.00
E0173,2026-03-02,40.00,0.00
E0175,2026-03-02,40.00,4.75
E0176,2026-03-02,40.00,4.50
E0177,2026-03-02,24.00,5.75
E0178,2026-03-02,40.00,0.00
E0179,2026-03-02,40.00,5.75
E0180,2026-03-02,32.00,0.00
E0181,2026-03-02,32.00,0.00
E0182,2026-03-02,24.00,10.50
E0184,2026-03-02,32.00,0.00
E0185,2026-03-02,40.00,0.00
E0186,2026-03-02,24.00,3.50
E0187,2026-03-02,40.00,7.75
E0188,2026-03-02,40.00,10.00
E0189,2026-03-02,40.00,6.75
E0190,2026-03-02,40.00,8.50
E0191,2026-03-02,40.00,4.00
E0192,2026-03-02,40.00,3.00
E0193,2026-03-02,40.00,13.00
E0194,2026-03-02,40.00,7.25
E0196,2026-03-02,40.00,11.25
E0197,2026-03-02,40.00,11.75
E0198,2026-03-02,40.00,0.00
E0199,2026-03-02,40.00,0.00
E0200,2026-03-02,40.00,0.00
E0202,2026-03-02,40.00,0.75
E0203,2026-03-02,40.00,5.25
E0204,2026-03-02,16.00,0.00
E0205,2026-03-02,40.00,0.25
E0206,2026-03-02,24.00,0.00
E0207,2026-03-02,40.00,9.25
E0209,2026-03-02,40.00,0.00
E0210,2026-03-02,40.00,8.75
E0211,2026-03-02,40.00,12.25
E0212,2026-03-02,40.00,0.00
E0213,2026-03-02,32.00,0.00
E0214,2026-03-02,40.00,4.50
E0215,2026-03-02,40.00,0.00
E0216,2026-03-02,40.00,5.50
E0218,2026-03-02,40.00,0.00
E0219,2026-03-02,24.00,0.00
E0220,2026-03-02,24.00,5.50
E0221,2026-03-02,40.00,3.75
E0222,2026-03-02,24.00,0.00
E0223,2026-03-02,32.00,0.00
E0224,2026-03-02,40.00,5.50
E0225,2026-03-02,40.00,2.25
E0226,2026-03-02,24.00,0.00
E0227,2026-03-02,24.00,1.75
E0228,2026-03-02,40.00,6.75
E0230,2026-03-02,40.00,7.75
E0232,2026-03-02,40.00,0.00
E0233,2026-03-02,40.00,0.00
E0234,2026-03-02,40.00,8.50
E0249,2026-03-02,40.00,0.00
E0250,2026-03-02,40.00,4.75
E0251,2026-03-02,40.00,7.50
E0252,2026-03-02,40.00,0.00
E0253,2026-03-02,40.00,0.00
E0254,2026-03-02,40.00,0.00
E0255,2026-03-02,40.00,4.50
E0256,2026-03-02,40.00,3.75
E0257,2026-03-02,40.00,14.25
E0259,2026-03-02,40.00,0.00
E0260,2026-03-02,40.00,0.00
E0261,2026-03-02,40.00,0.00
E0262,2026-03-02,40.00,2.50
E0263,2026-03-02,32.00,0.00
E0264,2026-03-02,40.00,0.00
E0265,2026-03-02,40.00,0.00
E0266,2026-03-02,40.00,5.50
E0267,2026-03-02,40.00,0.00
E0268,2026-03-02,40.00,0.00
E0269,2026-03-02,40.00,7.25
E0270,2026-03-02,40.00,12.25
E0271,2026-03-02,16.00,0.00
E0272,2026-03-02,40.00,2.75
E0273,2026-03-02,32.00,0.00
E0274,2026-03-02,40.00,0.00
E0275,2026-03-02,40.00,0.00
E0001,2026-03-09,40.00,0.75
E0002,2026-03-09,40.00,0.00
E0003,2026-03-09,40.00,0.00
E0004,2026-03-09,40.00,0.00
E0005,2026-03-09,32.00,0.00
E0006,2026-03-09,40.00,0.00
E0007,2026-03-09,40.00,0.00
E0008,2026-03-09,40.00,0.00
E0009,2026-03-09,40.00,0.00
E0010,2026-03-09,40.00,1.50
E0011,2026-03-09,40.00,7.00
E0012,2026-03-09,40.00,0.00
E0013,2026-03-09,40.00,0.00
E0014,2026-03-09,40.00,0.00
E0015,2026-03-09,40.00,1.50
E0016,2026-03-09,40.00,0.00
E0017,2026-03-09,40.00,0.00
E0018,2026-03-09,40.00,0.00
E0019,2026-03-09,24.00,0.00
E0020,2026-03-09,40.00,0.00
E0021,2026-03-09,32.00,0.00
E0022,2026-03-09,24.00,0.00
E0023,2026-03-09,32.00,0.00
E0024,2026-03-09,40.00,0.00
E0025,2026-03-09,40.00,0.00
E0026,2026-03-09,40.00,0.00
E0027,2026-03-09,40.00,0.00
E0028,2026-03-09,40.00,0.00
E0029,2026-03-09,40.00,0.00
E0030,2026-03-09,40.00,0.00
E0031,2026-03-09,24.00,0.00
E0032,2026-03-09,40.00,0.00
E0033,2026-03-09,40.00,0.00
E0034,2026-03-09,40.00,0.00
E0035,2026-03-09,40.00,0.00
E0036,2026-03-09,40.00,0.00
E0037,2026-03-09,40.00,0.00
E0038,2026-03-09,40.00,0.00
E0039,2026-03-09,40.00,0.00
E0041,2026-03-09,40.00,0.00
E0042,2026-03-09,40.00,0.00
E0043,2026-03-09,40.00,0.00
E0044,2026-03-09,40.00,0.00
E0045,2026-03-09,40.00,0.00
E0046,2026-03-09,40.00,0.00
E0047,2026-03-09,40.00,0.00
E0048,2026-03-09,40.00,0.00
E0049,2026-03-09,40.00,0.00
E0050,2026-03-09,32.00,0.00
E0051,2026-03-09,40.00,0.00
E0052,2026-03-09,40.00,0.00
E0053,2026-03-09,40.00,0.00
E0054,2026-03-09,40.00,0.00
E0055,2026-03-09,40.00,0.00
E0056,2026-03-09,40.00,0.00
E0057,2026-03-09,40.00,2.50
E0058,2026-03-09,40.00,1.00
E0059,2026-03-09,40.00,0.00
E0060,2026-03-09,40.00,0.00
E0061,2026-03-09,40.00,1.75
E0062,2026-03-09,40.00,0.00
E0063,2026-03-09,40.00,0.00
E0065,2026-03-09,40.00,0.00
E0066,2026-03-09,40.00,0.00
E0067,2026-03-09,40.00,0.00
E0068,2026-03-09,40.00,0.00
E0069,2026-03-09,40.00,0.00
E0070,2026-03-09,40.00,0.00
E0071,2026-03-09,40.00,0.00
E0072,2026-03-09,40.00,0.00
E0073,2026-03-09,24.00,0.00
E0074,2026-03-09,40.00,0.00
E0075,2026-03-09,40.00,0.00
E0076,2026-03-09,40.00,0.00
E0077,2026-03-09,40.00,0.00
E0078,2026-03-09,40.00,0.00
E0079,2026-03-09,40.00,1.50
E0081,2026-03-09,40.00,0.00
E0082,2026-03-09,40.00,0.00
E0083,2026-03-09,40.00,0.00
E0084,2026-03-09,40.00,0.00
E0085,2026-03-09,40.00,2.00
E0086,2026-03-09,40.00,1.50
E0087,2026-03-09,40.00,1.25
E0088,2026-03-09,40.00,2.25
E0089,2026-03-09,40.00,2.25
E0091,2026-03-09,24.00,0.00
E0092,2026-03-09,40.00,0.00
E0093,2026-03-09,40.00,0.00
E0094,2026-03-09,40.00,0.00
E0095,2026-03-09,32.00,0.00
E0096,2026-03-09,40.00,0.00
E0097,2026-03-09,40.00,0.00
E0098,2026-03-09,40.00,0.00
E0099,2026-03-09,40.00,0.00
E0100,2026-03-09,40.00,0.00
E0101,2026-03-09,40.00,0.00
E0102,2026-03-09,40.00,0.00
E0104,2026-03-09,32.00,0.00
E0105,2026-03-09,40.00,0.00
E0106,2026-03-09,32.00,0.00
E0107,2026-03-09,40.00,2.00
E0108,2026-03-09,40.00,4.75
E0109,2026-03-09,40.00,5.50
E0110,2026-03-09,40.00,0.00
E0111,2026-03-09,40.00,0.00
E0112,2026-03-09,40.00,3.00
E0113,2026-03-09,40.00,2.50
E0114,2026-03-09,40.00,7.25
E0115,2026-03-09,24.00,8.00
E0116,2026-03-09,24.00,4.50
E0118,2026-03-09,24.00,3.25
E0119,2026-03-09,40.00,0.00
E0120,2026-03-09,40.00,0.00
E0122,2026-03-09,40.00,0.00
E0123,2026-03-09,40.00,0.00
E0124,2026-03-09,40.00,5.25
E0125,2026-03-09,32.00,0.00
E0126,2026-03-09,40.00,0.00
E0127,2026-03-09,40.00,4.25
E0128,2026-03-09,40.00,0.00
E0129,2026-03-09,40.00,3.50
E0132,2026-03-09,40.00,7.00
E0134,2026-03-09,40.00,0.00
E0135,2026-03-09,40.00,5.00
E0136,2026-03-09,40.00,0.00
E0137,2026-03-09,40.00,0.00
E0138,2026-03-09,40.00,0.00
E0139,2026-03-09,40.00,0.00
E0140,2026-03-09,40.00,0.00
E0141,2026-03-09,40.00,3.25
E0142,2026-03-09,40.00,2.25
E0143,2026-03-09,40.00,3.50
E0144,2026-03-09,40.00,0.00
E0145,2026-03-09,32.00,0.00
E0146,2026-03-09,40.00,0.00
E0147,2026-03-09,40.00,3.75
E0148,2026-03-09,40.00,0.00
E0149,2026-03-09,32.00,0.00
E0150,2026-03-09,24.00,5.25
E0151,2026-03-09,40.00,1.25
E0152,2026-03-09,32.00,0.00
E0153,2026-03-09,40.00,0.00
E0154,2026-03-09,40.00,0.00
E0155,2026-03-09,40.00,0.00
E0156,2026-03-09,40.00,3.75
E0157,2026-03-09,40.00,0.00
E0159,2026-03-09,40.00,5.00
E0160,2026-03-09,32.00,0.00
E0161,2026-03-09,40.00,1.25
E0162,2026-03-09,40.00,8.25
E0163,2026-03-09,40.00,5.25
E0164,2026-03-09,40.00,0.00
E0165,2026-03-09,40.00,3.25
E0166,2026-03-09,32.00,0.00
E0167,2026-03-09,40.00,0.00
E0169,2026-03-09,40.00,0.00
E0170,2026-03-09,40.00,9.00
E0171,2026-03-09,40.00,3.00
E0172,2026-03-09,40.00,8.00
E0173,2026-03-09,32.00,0.00
E0175,2026-03-09,40.00,5.00
E0176,2026-03-09,40.00,0.00
E0177,2026-03-09,24.00,8.25
E0178,2026-03-09,24.00,0.00
E0179,2026-03-09,40.00,4.00
E0180,2026-03-09,40.00,0.00
E0181,2026-03-09,40.00,7.25
E0182,2026-03-09,24.00,0.00
E0184,2026-03-09,40.00,0.00
E0186,2026-03-09,16.00,0.00
E0187,2026-03-09,40.00,7.25
E0188,2026-03-09,40.00,0.00
E0189,2026-03-09,40.00,8.50
E0190,2026-03-09,40.00,0.00
E0191,2026-03-09,40.00,0.00
E0192,2026-03-09,40.00,8.00
E0193,2026-03-09,40.00,3.50
E0194,2026-03-09,40.00,9.75
E0196,2026-03-09,40.00,0.00
E0197,2026-03-09,32.00,0.00
E0198,2026-03-09,40.00,1.50
E0199,2026-03-09,40.00,7.50
E0200,2026-03-09,40.00,0.00
E0202,2026-03-09,32.00,0.00
E0203,2026-03-09,40.00,0.00
E0204,2026-03-09,24.00,6.25
E0205,2026-03-09,32.00,0.00
E0206,2026-03-09,40.00,7.50
E0207,2026-03-09,40.00,0.00
E0209,2026-03-09,40.00,0.00
E0210,2026-03-09,40.00,4.75
E0211,2026-03-09,40.00,6.25
E0212,2026-03-09,40.00,11.25
E0213,2026-03-09,40.00,5.25
E0214,2026-03-09,40.00,0.00
E0215,2026-03-09,32.00,0.00
E0216,2026-03-09,40.00,7.00
E0218,2026-03-09,40.00,5.00
E0219,2026-03-09,24.00,5.25
E0221,2026-03-09,40.00,3.25
E0222,2026-03-09,40.00,6.50
E0223,2026-03-09,40.00,0.00
E0224,2026-03-09,24.00,0.00
E0225,2026-03-09,40.00,0.00
E0226,2026-03-09,24.00,7.50
E0227,2026-03-09,24.00,10.00
E0228,2026-03-09,40.00,0.00
E0230,2026-03-09,40.00,0.00
E0232,2026-03-09,40.00,6.00
E0233,2026-03-09,40.00,4.50
E0234,2026-03-09,32.00,0.00
E0249,2026-03-09,40.00,0.00
E0250,2026-03-09,40.00,11.25
E0251,2026-03-09,40.00,3.25
E0252,2026-03-09,40.00,0.00
E0253,2026-03-09,40.00,0.00
E0254,2026-03-09,40.00,0.00
E0255,2026-03-09,40.00,5.25
E0256,2026-03-09,40.00,3.75
E0257,2026-03-09,40.00,6.75
E0259,2026-03-09,40.00,0.00
E0260,2026-03-09,40.00,0.00
E0261,2026-03-09,40.00,0.00
E0262,2026-03-09,40.00,6.25
E0263,2026-03-09,32.00,0.00
E0264,2026-03-09,40.00,0.00
E0265,2026-03-09,40.00,0.00
E0266,2026-03-09,40.00,4.75
E0267,2026-03-09,40.00,0.00
E0268,2026-03-09,40.00,6.25
E0269,2026-03-09,40.00,9.50
E0270,2026-03-09,40.00,2.00
E0271,2026-03-09,24.00,8.00
E0272,2026-03-09,40.00,7.75
E0273,2026-03-09,40.00,10.00
E0274,2026-03-09,40.00,0.00
E0275,2026-03-09,40.00,0.00
E0001,2026-03-16,40.00,1.25
E0002,2026-03-16,40.00,0.00
E0003,2026-03-16,40.00,0.00
E0004,2026-03-16,40.00,0.00
E0005,2026-03-16,40.00,0.00
E0006,2026-03-16,40.00,0.00
E0007,2026-03-16,40.00,0.00
E0008,2026-03-16,40.00,0.00
E0009,2026-03-16,40.00,0.00
E0010,2026-03-16,40.00,0.00
E0011,2026-03-16,40.00,0.00
E0012,2026-03-16,40.00,0.00
E0013,2026-03-16,40.00,0.00
E0014,2026-03-16,40.00,0.00
E0015,2026-03-16,40.00,0.00
E0016,2026-03-16,40.00,0.00
E0017,2026-03-16,40.00,0.00
E0018,2026-03-16,32.00,0.00
E0019,2026-03-16,24.00,0.00
E0020,2026-03-16,40.00,0.00
E0021,2026-03-16,40.00,0.00
E0022,2026-03-16,40.00,0.00
E0023,2026-03-16,40.00,0.00
E0024,2026-03-16,40.00,0.00
E0025,2026-03-16,40.00,0.00
E0026,2026-03-16,40.00,0.00
E0027,2026-03-16,40.00,0.00
E0028,2026-03-16,40.00,0.00
E0029,2026-03-16,32.00,0.00
E0030,2026-03-16,40.00,0.00
E0031,2026-03-16,40.00,0.00
E0032,2026-03-16,40.00,0.00
E0033,2026-03-16,40.00,0.00
E0034,2026-03-16,40.00,0.00
E0035,2026-03-16,32.00,0.00
E0036,2026-03-16,40.00,0.00
E0037,2026-03-16,40.00,0.00
E0038,2026-03-16,40.00,0.00
E0039,2026-03-16,40.00,0.00
E0041,2026-03-16,40.00,0.00
E0042,2026-03-16,40.00,0.00
E0043,2026-03-16,40.00,0.00
E0044,2026-03-16,40.00,0.00
E0045,2026-03-16,24.00,0.00
E0046,2026-03-16,40.00,0.00
E0047,2026-03-16,32.00,0.00
E0048,2026-03-16,40.00,0.00
E0049,2026-03-16,40.00,0.00
E0050,2026-03-16,40.00,1.50
E0051,2026-03-16,40.00,0.00
E0052,2026-03-16,40.00,0.00
E0053,2026-03-16,40.00,0.00
E0054,2026-03-16,40.00,0.00
E0055,2026-03-16,40.00,0.00
E0056,2026-03-16,24.00,0.00
E0057,2026-03-16,40.00,0.00
E0058,2026-03-16,40.00,0.00
E0059,2026-03-16,40.00,0.00
E0060,2026-03-16,40.00,0.00
E0061,2026-03-16,40.00,0.00
E0062,2026-03-16,40.00,0.00
E0063,2026-03-16,40.00,0.00
E0065,2026-03-16,40.00,0.00
E0066,2026-03-16,32.00,0.00
E0067,2026-03-16,40.00,0.00
E0068,2026-03-16,40.00,0.00
E0069,2026-03-16,40.00,0.00
E0070,2026-03-16,40.00,0.00
E0071,2026-03-16,40.00,0.00
E0072,2026-03-16,40.00,0.00
E0073,2026-03-16,40.00,0.00
E0074,2026-03-16,24.00,0.00
E0075,2026-03-16,40.00,0.00
E0076,2026-03-16,40.00,0.00
E0077,2026-03-16,40.00,0.00
E0078,2026-03-16,40.00,0.00
E0079,2026-03-16,40.00,0.00
E0081,2026-03-16,40.00,0.00
E0082,2026-03-16,40.00,0.00
E0083,2026-03-16,40.00,0.00
E0084,2026-03-16,40.00,0.00
E0085,2026-03-16,40.00,2.00
E0086,2026-03-16,40.00,0.75
E0087,2026-03-16,40.00,0.00
E0088,2026-03-16,40.00,1.50
E0091,2026-03-16,40.00,0.00
E0092,2026-03-16,40.00,0.00
E0093,2026-03-16,40.00,0.00
E0094,2026-03-16,24.00,0.00
E0095,2026-03-16,40.00,0.00
E0096,2026-03-16,40.00,0.00
E0097,2026-03-16,40.00,0.00
E0098,2026-03-16,40.00,0.00
E0099,2026-03-16,40.00,0.00
E0100,2026-03-16,40.00,0.00
E0101,2026-03-16,40.00,2.00
E0102,2026-03-16,24.00,0.00
E0104,2026-03-16,40.00,0.00
E0105,2026-03-16,32.00,0.00
E0106,2026-03-16,40.00,2.25
E0107,2026-03-16,40.00,2.25
E0108,2026-03-16,32.00,0.00
E0109,2026-03-16,40.00,3.50
E0110,2026-03-16,40.00,0.00
E0111,2026-03-16,40.00,3.50
E0112,2026-03-16,40.00,0.00
E0113,2026-03-16,40.00,2.25
E0114,2026-03-16,40.00,2.00
E0115,2026-03-16,24.00,0.00
E0116,2026-03-16,24.00,0.00
E0118,2026-03-16,24.00,0.00
E0119,2026-03-16,40.00,0.25
E0120,2026-03-16,24.00,0.00
E0122,2026-03-16,40.00,5.00
E0123,2026-03-16,40.00,1.50
E0124,2026-03-16,40.00,4.00
E0125,2026-03-16,40.00,2.50
E0126,2026-03-16,32.00,0.00
E0127,2026-03-16,40.00,0.00
E0128,2026-03-16,40.00,2.75
E0129,2026-03-16,40.00,4.50
E0132,2026-03-16,40.00,0.00
E0134,2026-03-16,40.00,4.75
E0135,2026-03-16,40.00,0.00
E0136,2026-03-16,40.00,0.00
E0137,2026-03-16,40.00,0.00
E0138,2026-03-16,40.00,0.00
E0139,2026-03-16,40.00,0.00
E0140,2026-03-16,40.00,0.00
E0141,2026-03-16,40.00,0.00
E0142,2026-03-16,40.00,9.00
E0143,2026-03-16,32.00,0.00
E0144,2026-03-16,24.00,0.00
E0145,2026-03-16,40.00,0.00
E0146,2026-03-16,40.00,0.00
E0147,2026-03-16,40.00,0.00
E0148,2026-03-16,40.00,0.00
E0149,2026-03-16,40.00,0.00
E0150,2026-03-16,24.00,5.50
E0151,2026-03-16,40.00,5.00
E0152,2026-03-16,40.00,1.75
E0153,2026-03-16,40.00,0.00
E0154,2026-03-16,40.00,2.00
E0155,2026-03-16,40.00,0.00
E0156,2026-03-16,40.00,6.75
E0157,2026-03-16,40.00,0.00
E0159,2026-03-16,40.00,0.00
E0160,2026-03-16,40.00,1.25
E0161,2026-03-16,40.00,0.00
E0162,2026-03-16,40.00,0.00
E0163,2026-03-16,40.00,7.25
E0164,2026-03-16,40.00,8.00
E0165,2026-03-16,40.00,0.00
E0166,2026-03-16,40.00,0.00
E0167,2026-03-16,24.00,0.00
E0169,2026-03-16,40.00,8.00
E0170,2026-03-16,40.00,5.75
E0171,2026-03-16,40.00,0.00
E0172,2026-03-16,32.00,0.00
E0173,2026-03-16,40.00,9.00
E0175,2026-03-16,40.00,11.25
E0176,2026-03-16,40.00,0.00
E0177,2026-03-16,24.00,5.50
E0178,2026-03-16,40.00,0.00
E0179,2026-03-16,40.00,7.00
E0180,2026-03-16,40.00,0.00
E0181,2026-03-16,40.00,0.00
E0182,2026-03-16,24.00,5.50
E0184,2026-03-16,40.00,14.00
E0186,2026-03-16,24.00,6.75
E0187,2026-03-16,40.00,0.00
E0188,2026-03-16,40.00,8.75
E0189,2026-03-16,40.00,0.00
E0190,2026-03-16,40.00,7.25
E0191,2026-03-16,40.00,9.50
E0192,2026-03-16,40.00,0.00
E0193,2026-03-16,40.00,5.75
E0194,2026-03-16,40.00,6.50
E0196,2026-03-16,40.00,0.00
E0197,2026-03-16,40.00,8.25
E0198,2026-03-16,40.00,3.75
E0199,2026-03-16,40.00,13.00
E0200,2026-03-16,32.00,0.00
E0202,2026-03-16,40.00,0.00
E0203,2026-03-16,40.00,6.50
E0204,2026-03-16,24.00,0.00
E0205,2026-03-16,40.00,6.25
E0206,2026-03-16,40.00,5.25
E0207,2026-03-16,40.00,0.00
E0209,2026-03-16,40.00,0.00
E0210,2026-03-16,40.00,0.00
E0211,2026-03-16,40.00,5.00
E0212,2026-03-16,40.00,0.00
E0213,2026-03-16,32.00,0.00
E0214,2026-03-16,40.00,0.00
E0215,2026-03-16,40.00,9.00
E0216,2026-03-16,40.00,0.00
E0218,2026-03-16,40.00,3.00
E0219,2026-03-16,24.00,5.50
E0221,2026-03-16,40.00,7.25
E0222,2026-03-16,32.00,0.00
E0223,2026-03-16,40.00,7.50
E0224,2026-03-16,40.00,7.75
E0225,2026-03-16,40.00,0.00
E0226,2026-03-16,8.00,0.00
E0227,2026-03-16,24.00,9.00
E0228,2026-03-16,40.00,10.75
E0230,2026-03-16,40.00,10.25
E0232,2026-03-16,40.00,4.75
E0233,2026-03-16,40.00,0.00
E0234,2026-03-16,40.00,0.00
E0249,2026-03-16,40.00,0.00
E0250,2026-03-16,40.00,0.75
E0251,2026-03-16,40.00,0.00
E0252,2026-03-16,32.00,0.00
E0253,2026-03-16,40.00,0.00
E0254,2026-03-16,40.00,0.00
E0255,2026-03-16,40.00,2.75
E0256,2026-03-16,40.00,5.50
E0257,2026-03-16,32.00,0.00
E0259,2026-03-16,40.00,0.00
E0260,2026-03-16,40.00,0.00
E0261,2026-03-16,40.00,0.00
E0262,2026-03-16,40.00,3.75
E0263,2026-03-16,40.00,6.00
E0264,2026-03-16,40.00,0.00
E0265,2026-03-16,40.00,0.00
E0266,2026-03-16,40.00,5.50
E0267,2026-03-16,40.00,0.00
E0268,2026-03-16,40.00,0.00
E0269,2026-03-16,40.00,0.00
E0270,2026-03-16,40.00,7.00
E0271,2026-03-16,24.00,0.00
E0272,2026-03-16,40.00,6.50
E0273,2026-03-16,40.00,8.25
E0274,2026-03-16,40.00,0.00
E0275,2026-03-16,40.00,0.00
E0278,2026-03-16,32.00,0.00
E0279,2026-03-16,40.00,0.00
E0001,2026-03-23,40.00,0.00
E0002,2026-03-23,40.00,0.00
E0003,2026-03-23,40.00,0.00
E0004,2026-03-23,40.00,0.00
E0005,2026-03-23,40.00,0.00
E0006,2026-03-23,40.00,0.00
E0007,2026-03-23,40.00,0.00
E0008,2026-03-23,40.00,0.00
E0009,2026-03-23,40.00,0.00
E0010,2026-03-23,40.00,0.00
E0011,2026-03-23,40.00,3.00
E0012,2026-03-23,40.00,3.25
E0013,2026-03-23,40.00,0.00
E0014,2026-03-23,32.00,0.00
E0015,2026-03-23,40.00,0.75
E0016,2026-03-23,40.00,0.00
E0017,2026-03-23,40.00,0.00
E0018,2026-03-23,24.00,0.00
E0019,2026-03-23,40.00,0.00
E0020,2026-03-23,40.00,0.00
E0021,2026-03-23,40.00,0.00
E0022,2026-03-23,32.00,0.00
E0023,2026-03-23,40.00,0.00
E0024,2026-03-23,40.00,0.00
E0025,2026-03-23,40.00,0.00
E0026,2026-03-23,40.00,0.00
E0027,2026-03-23,40.00,0.00
E0028,2026-03-23,40.00,0.00
E0029,2026-03-23,40.00,3.25
E0030,2026-03-23,32.00,0.00
E0031,2026-03-23,40.00,0.00
E0032,2026-03-23,40.00,0.00
E0033,2026-03-23,40.00,0.00
E0034,2026-03-23,40.00,0.00
E0035,2026-03-23,40.00,0.00
E0036,2026-03-23,40.00,0.00
E0037,2026-03-23,40.00,0.00
E0038,2026-03-23,40.00,0.00
E0039,2026-03-23,40.00,0.00
E0041,2026-03-23,40.00,0.00
E0042,2026-03-23,24.00,0.00
E0043,2026-03-23,40.00,0.00
E0044,2026-03-23,40.00,0.00
E0045,2026-03-23,40.00,0.00
E0046,2026-03-23,40.00,0.00
E0047,2026-03-23,40.00,0.00
E0048,2026-03-23,32.00,0.00
E0049,2026-03-23,40.00,0.00
E0050,2026-03-23,40.00,1.50
E0051,2026-03-23,40.00,0.00
E0052,2026-03-23,40.00,0.00
E0053,2026-03-23,40.00,0.00
E0054,2026-03-23,40.00,0.00
E0055,2026-03-23,40.00,0.00
E0056,2026-03-23,40.00,0.00
E0057,2026-03-23,40.00,1.75
E0058,2026-03-23,40.00,0.00
E0059,2026-03-23,40.00,0.00
E0060,2026-03-23,40.00,0.00
E0061,2026-03-23,32.00,0.00
E0062,2026-03-23,40.00,0.00
E0063,2026-03-23,40.00,0.00
E0065,2026-03-23,40.00,0.00
E0066,2026-03-23,32.00,0.00
E0067,2026-03-23,40.00,0.00
E0068,2026-03-23,40.00,0.00
E0069,2026-03-23,40.00,0.00
E0070,2026-03-23,40.00,0.00
E0071,2026-03-23,40.00,0.00
E0072,2026-03-23,40.00,0.00
E0073,2026-03-23,24.00,0.00
E0074,2026-03-23,40.00,0.00
E0075,2026-03-23,40.00,0.00
E0076,2026-03-23,40.00,0.00
E0077,2026-03-23,40.00,0.00
E0078,2026-03-23,40.00,0.00
E0079,2026-03-23,24.00,0.00
E0081,2026-03-23,40.00,0.00
E0082,2026-03-23,40.00,0.00
E0083,2026-03-23,32.00,0.00
E0084,2026-03-23,24.00,0.00
E0085,2026-03-23,40.00,1.00
E0086,2026-03-23,40.00,0.00
E0087,2026-03-23,40.00,0.00
E0088,2026-03-23,32.00,0.00
E0091,2026-03-23,40.00,0.00
E0092,2026-03-23,40.00,0.00
E0093,2026-03-23,40.00,0.00
E0094,2026-03-23,32.00,0.00
E0095,2026-03-23,40.00,0.00
E0096,2026-03-23,40.00,0.00
E0097,2026-03-23,40.00,0.00
E0098,2026-03-23,40.00,0.00
E0099,2026-03-23,40.00,0.00
E0100,2026-03-23,40.00,0.00
E0101,2026-03-23,40.00,1.00
E0102,2026-03-23,40.00,0.00
E0104,2026-03-23,40.00,0.00
E0105,2026-03-23,32.00,0.00
E0106,2026-03-23,40.00,1.00
E0107,2026-03-23,40.00,4.50
E0108,2026-03-23,40.00,0.00
E0109,2026-03-23,40.00,0.00
E0110,2026-03-23,40.00,0.00
E0111,2026-03-23,24.00,0.00
E0112,2026-03-23,40.00,0.00
E0113,2026-03-23,40.00,2.50
E0114,2026-03-23,40.00,3.00
E0115,2026-03-23,8.00,0.00
E0116,2026-03-23,8.00,0.00
E0118,2026-03-23,24.00,0.00
E0119,2026-03-23,40.00,2.75
E0120,2026-03-23,40.00,0.00
E0122,2026-03-23,40.00,0.00
E0123,2026-03-23,40.00,4.00
E0124,2026-03-23,40.00,1.75
E0125,2026-03-23,40.00,4.75
E0126,2026-03-23,40.00,3.75
E0127,2026-03-23,40.00,5.50
E0128,2026-03-23,40.00,0.00
E0129,2026-03-23,32.00,0.00
E0132,2026-03-23,32.00,0.00
E0134,2026-03-23,40.00,1.25
E0135,2026-03-23,40.00,5.50
E0136,2026-03-23,40.00,0.00
E0137,2026-03-23,40.00,0.00
E0138,2026-03-23,40.00,0.00
E0139,2026-03-23,40.00,0.00
E0140,2026-03-23,24.00,0.00
E0141,2026-03-23,40.00,0.00
E0142,2026-03-23,40.00,0.00
E0143,2026-03-23,40.00,0.00
E0144,2026-03-23,40.00,0.00
E0145,2026-03-23,40.00,0.00
E0146,2026-03-23,40.00,0.00
E0147,2026-03-23,40.00,0.00
E0148,2026-03-23,40.00,0.00
E0149,2026-03-23,40.00,0.00
E0150,2026-03-23,24.00,4.00
E0151,2026-03-23,40.00,0.00
E0152,2026-03-23,40.00,0.00
E0153,2026-03-23,40.00,0.00
E0154,2026-03-23,40.00,0.00
E0155,2026-03-23,40.00,0.00
E0156,2026-03-23,40.00,8.75
E0157,2026-03-23,40.00,0.00
E0159,2026-03-23,24.00,0.00
E0160,2026-03-23,32.00,0.00
E0161,2026-03-23,40.00,5.00
E0162,2026-03-23,40.00,0.00
E0163,2026-03-23,40.00,4.75
E0164,2026-03-23,40.00,5.50
E0165,2026-03-23,40.00,5.50
E0166,2026-03-23,40.00,0.00
E0167,2026-03-23,40.00,5.75
E0169,2026-03-23,40.00,3.50
E0170,2026-03-23,32.00,0.00
E0171,2026-03-23,40.00,6.50
E0172,2026-03-23,40.00,0.00
E0173,2026-03-23,40.00,11.50
E0175,2026-03-23,32.00,0.00
E0176,2026-03-23,40.00,0.00
E0177,2026-03-23,24.00,4.00
E0178,2026-03-23,40.00,0.00
E0179,2026-03-23,40.00,5.50
E0180,2026-03-23,40.00,4.75
E0181,2026-03-23,40.00,0.00
E0182,2026-03-23,24.00,8.00
E0184,2026-03-23,32.00,0.00
E0186,2026-03-23,24.00,15.25
E0187,2026-03-23,40.00,4.50
E0188,2026-03-23,40.00,2.75
E0189,2026-03-23,40.00,12.25
E0190,2026-03-23,40.00,5.50
E0191,2026-03-23,40.00,10.00
E0192,2026-03-23,40.00,2.50
E0193,2026-03-23,40.00,0.00
E0194,2026-03-23,40.00,0.00
E0196,2026-03-23,40.00,5.00
E0197,2026-03-23,40.00,7.75
E0198,2026-03-23,40.00,0.00
E0199,2026-03-23,40.00,0.00
E0200,2026-03-23,32.00,0.00
E0202,2026-03-23,32.00,0.00
E0203,2026-03-23,40.00,10.75
E0204,2026-03-23,24.00,6.75
E0205,2026-03-23,40.00,0.00
E0206,2026-03-23,40.00,9.75
E0207,2026-03-23,24.00,0.00
E0209,2026-03-23,32.00,0.00
E0210,2026-03-23,40.00,0.00
E0211,2026-03-23,40.00,0.00
E0212,2026-03-23,40.00,7.25
E0213,2026-03-23,40.00,7.75
E0214,2026-03-23,40.00,11.00
E0215,2026-03-23,40.00,5.50
E0216,2026-03-23,40.00,4.25
E0218,2026-03-23,40.00,7.25
E0219,2026-03-23,24.00,7.25
E0221,2026-03-23,40.00,7.75
E0222,2026-03-23,40.00,0.00
E0223,2026-03-23,40.00,0.00
E0224,2026-03-23,40.00,6.25
E0225,2026-03-23,40.00,0.00
E0226,2026-03-23,24.00,8.50
E0227,2026-03-23,24.00,5.75
E0228,2026-03-23,40.00,0.00
E0230,2026-03-23,40.00,8.50
E0232,2026-03-23,40.00,0.00
E0233,2026-03-23,40.00,0.00
E0234,2026-03-23,40.00,2.25
E0249,2026-03-23,40.00,0.00
E0250,2026-03-23,40.00,6.50
E0251,2026-03-23,32.00,0.00
E0252,2026-03-23,40.00,0.00
E0253,2026-03-23,40.00,0.00
E0254,2026-03-23,40.00,0.00
E0255,2026-03-23,40.00,4.75
E0256,2026-03-23,40.00,5.00
E0257,2026-03-23,40.00,11.50
E0259,2026-03-23,40.00,0.00
E0260,2026-03-23,40.00,0.00
E0261,2026-03-23,40.00,0.00
E0262,2026-03-23,40.00,2.50
E0263,2026-03-23,40.00,7.25
E0264,2026-03-23,32.00,0.00
E0265,2026-03-23,32.00,0.00
E0266,2026-03-23,40.00,11.00
E0267,2026-03-23,40.00,0.00
E0268,2026-03-23,40.00,0.00
E0269,2026-03-23,40.00,5.50
E0270,2026-03-23,40.00,0.00
E0271,2026-03-23,24.00,0.00
E0272,2026-03-23,24.00,0.00
E0273,2026-03-23,40.00,3.00
E0274,2026-03-23,40.00,0.00
E0275,2026-03-23,40.00,0.00
E0276,2026-03-23,40.00,3.25
E0278,2026-03-23,40.00,0.00
E0279,2026-03-23,40.00,2.00
E0001,2026-03-30,40.00,3.50
E0002,2026-03-30,40.00,0.00
E0003,2026-03-30,40.00,0.00
E0004,2026-03-30,40.00,0.00
E0005,2026-03-30,40.00,0.00
E0006,2026-03-30,40.00,0.00
E0007,2026-03-30,40.00,0.00
E0008,2026-03-30,40.00,0.00
E0009,2026-03-30,40.00,0.00
E0010,2026-03-30,40.00,3.50
E0011,2026-03-30,40.00,0.00
E0012,2026-03-30,40.00,0.00
E0013,2026-03-30,40.00,0.00
E0014,2026-03-30,40.00,0.00
E0015,2026-03-30,40.00,1.25
E0016,2026-03-30,40.00,0.00
E0017,2026-03-30,40.00,0.00
E0018,2026-03-30,40.00,0.00
E0019,2026-03-30,40.00,0.00
E0020,2026-03-30,40.00,0.00
E0021,2026-03-30,40.00,0.00
E0022,2026-03-30,40.00,0.00
E0023,2026-03-30,40.00,0.00
E0024,2026-03-30,40.00,0.00
E0025,2026-03-30,40.00,0.00
E0026,2026-03-30,40.00,0.00
E0027,2026-03-30,40.00,0.00
E0028,2026-03-30,40.00,0.00
E0029,2026-03-30,40.00,0.00
E0030,2026-03-30,40.00,0.00
E0031,2026-03-30,40.00,0.00
E0032,2026-03-30,40.00,0.00
E0033,2026-03-30,24.00,0.00
E0034,2026-03-30,40.00,0.00
E0035,2026-03-30,40.00,0.00
E0036,2026-03-30,40.00,0.00
E0037,2026-03-30,40.00,0.00
E0038,2026-03-30,24.00,0.00
E0039,2026-03-30,40.00,0.00
E0041,2026-03-30,40.00,0.00
E0042,2026-03-30,40.00,0.00
E0043,2026-03-30,32.00,0.00
E0044,2026-03-30,40.00,0.00
E0045,2026-03-30,40.00,0.00
E0046,2026-03-30,40.00,0.00
E0047,2026-03-30,40.00,0.00
E0048,2026-03-30,40.00,0.00
E0049,2026-03-30,40.00,0.00
E0050,2026-03-30,40.00,3.25
E0051,2026-03-30,40.00,0.00
E0052,2026-03-30,40.00,0.00
E0053,2026-03-30,40.00,0.00
E0054,2026-03-30,40.00,0.00
E0055,2026-03-30,40.00,0.00
E0056,2026-03-30,40.00,0.00
E0057,2026-03-30,40.00,0.00
E0058,2026-03-30,40.00,3.25
E0059,2026-03-30,32.00,0.00
E0060,2026-03-30,40.00,0.00
E0061,2026-03-30,40.00,0.25
E0062,2026-03-30,40.00,0.00
E0063,2026-03-30,40.00,0.00
E0065,2026-03-30,40.00,0.00
E0066,2026-03-30,40.00,0.00
E0067,2026-03-30,40.00,0.00
E0068,2026-03-30,32.00,0.00
E0069,2026-03-30,40.00,0.00
E0070,2026-03-30,40.00,0.00
E0071,2026-03-30,24.00,0.00
E0072,2026-03-30,40.00,0.00
E0073,2026-03-30,40.00,0.00
E0074,2026-03-30,40.00,0.00
E0075,2026-03-30,40.00,0.00
E0076,2026-03-30,40.00,0.00
E0077,2026-03-30,40.00,0.00
E0078,2026-03-30,40.00,0.00
E0079,2026-03-30,40.00,0.00
E0081,2026-03-30,40.00,0.00
E0082,2026-03-30,40.00,0.00
E0083,2026-03-30,40.00,0.00
E0084,2026-03-30,40.00,0.00
E0085,2026-03-30,40.00,0.00
E0086,2026-03-30,40.00,0.50
E0087,2026-03-30,40.00,1.00
E0088,2026-03-30,32.00,0.00
E0091,2026-03-30,40.00,0.00
E0092,2026-03-30,40.00,0.00
E0093,2026-03-30,40.00,0.00
E0095,2026-03-30,40.00,0.00
E0096,2026-03-30,40.00,0.00
E0097,2026-03-30,40.00,0.00
E0098,2026-03-30,40.00,0.00
E0099,2026-03-30,40.00,0.00
E0100,2026-03-30,40.00,0.00
E0101,2026-03-30,40.00,0.00
E0102,2026-03-30,40.00,0.00
E0104,2026-03-30,40.00,0.00
E0105,2026-03-30,40.00,0.00
E0106,2026-03-30,40.00,0.00
E0107,2026-03-30,40.00,3.25
E0108,2026-03-30,40.00,0.00
E0109,2026-03-30,40.00,4.25
E0110,2026-03-30,40.00,0.00
E0111,2026-03-30,40.00,5.25
E0112,2026-03-30,32.00,0.00
E0113,2026-03-30,40.00,2.75
E0114,2026-03-30,40.00,6.25
E0115,2026-03-30,24.00,1.00
E0116,2026-03-30,24.00,2.50
E0118,2026-03-30,24.00,0.00
E0119,2026-03-30,40.00,3.00
E0120,2026-03-30,40.00,4.75
E0122,2026-03-30,40.00,2.75
E0123,2026-03-30,40.00,3.50
E0124,2026-03-30,40.00,2.75
E0125,2026-03-30,40.00,0.00
E0126,2026-03-30,40.00,0.00
E0128,2026-03-30,40.00,3.75
E0129,2026-03-30,40.00,4.00
E0132,2026-03-30,40.00,4.75
E0134,2026-03-30,40.00,6.00
E0135,2026-03-30,40.00,0.00
E0136,2026-03-30,40.00,0.00
E0137,2026-03-30,40.00,0.00
E0138,2026-03-30,40.00,0.00
E0139,2026-03-30,32.00,0.00
E0140,2026-03-30,40.00,0.00
E0141,2026-03-30,40.00,3.00
E0142,2026-03-30,24.00,0.00
E0143,2026-03-30,40.00,4.50
E0144,2026-03-30,32.00,0.00
E0145,2026-03-30,40.00,0.00
E0146,2026-03-30,40.00,0.00
E0147,2026-03-30,40.00,2.00
E0148,2026-03-30,40.00,0.00
E0149,2026-03-30,40.00,0.00
E0150,2026-03-30,24.00,2.50
E0151,2026-03-30,40.00,5.50
E0152,2026-03-30,40.00,0.00
E0153,2026-03-30,40.00,0.00
E0154,2026-03-30,40.00,0.00
E0155,2026-03-30,40.00,0.00
E0156,2026-03-30,40.00,4.50
E0157,2026-03-30,40.00,0.00
E0159,2026-03-30,40.00,7.50
E0160,2026-03-30,40.00,1.75
E0161,2026-03-30,40.00,4.50
E0162,2026-03-30,40.00,0.00
E0163,2026-03-30,40.00,6.25
E0164,2026-03-30,40.00,0.00
E0165,2026-03-30,40.00,5.50
E0166,2026-03-30,40.00,0.00
E0167,2026-03-30,40.00,7.50
E0169,2026-03-30,40.00,9.75
E0170,2026-03-30,40.00,0.00
E0171,2026-03-30,40.00,12.00
E0172,2026-03-30,40.00,5.00
E0173,2026-03-30,40.00,0.00
E0175,2026-03-30,40.00,0.00
E0176,2026-03-30,40.00,0.00
E0177,2026-03-30,24.00,0.00
E0178,2026-03-30,40.00,0.00
E0179,2026-03-30,40.00,9.25
E0180,2026-03-30,40.00,6.75
E0181,2026-03-30,32.00,0.00
E0182,2026-03-30,24.00,0.00
E0184,2026-03-30,40.00,11.00
E0186,2026-03-30,24.00,10.75
E0187,2026-03-30,40.00,6.75
E0188,2026-03-30,40.00,0.00
E0189,2026-03-30,40.00,0.00
E0190,2026-03-30,40.00,0.00
E0191,2026-03-30,40.00,8.50
E0192,2026-03-30,40.00,7.25
E0193,2026-03-30,40.00,6.50
E0194,2026-03-30,40.00,7.25
E0196,2026-03-30,40.00,3.50
E0197,2026-03-30,40.00,5.00
E0198,2026-03-30,40.00,0.00
E0199,2026-03-30,40.00,0.00
E0200,2026-03-30,40.00,0.00
E0202,2026-03-30,40.00,3.75
E0203,2026-03-30,40.00,4.25
E0204,2026-03-30,16.00,0.00
E0205,2026-03-30,40.00,9.75
E0206,2026-03-30,40.00,0.00
E0207,2026-03-30,40.00,4.00
E0209,2026-03-30,40.00,4.25
E0210,2026-03-30,40.00,6.50
E0211,2026-03-30,40.00,0.00
E0212,2026-03-30,40.00,0.00
E0213,2026-03-30,24.00,0.00
E0214,2026-03-30,40.00,3.75
E0215,2026-03-30,40.00,1.00
E0216,2026-03-30,40.00,4.75
E0218,2026-03-30,40.00,3.75
E0219,2026-03-30,24.00,8.25
E0221,2026-03-30,32.00,0.00
E0222,2026-03-30,40.00,0.00
E0223,2026-03-30,40.00,0.00
E0224,2026-03-30,40.00,0.00
E0225,2026-03-30,40.00,7.50
E0226,2026-03-30,24.00,0.00
E0227,2026-03-30,24.00,11.00
E0228,2026-03-30,40.00,0.00
E0230,2026-03-30,40.00,8.50
E0232,2026-03-30,40.00,6.75
E0233,2026-03-30,40.00,0.00
E0234,2026-03-30,40.00,7.50
E0249,2026-03-30,32.00,0.00
E0250,2026-03-30,40.00,6.75
E0251,2026-03-30,40.00,0.00
E0252,2026-03-30,40.00,0.00
E0253,2026-03-30,40.00,0.00
E0254,2026-03-30,40.00,0.00
E0255,2026-03-30,40.00,2.75
E0256,2026-03-30,40.00,0.00
E0257,2026-03-30,40.00,7.25
E0259,2026-03-30,40.00,0.00
E0260,2026-03-30,40.00,0.00
E0261,2026-03-30,40.00,0.00
E0262,2026-03-30,40.00,4.50
E0263,2026-03-30,40.00,8.00
E0264,2026-03-30,40.00,0.00
E0265,2026-03-30,40.00,0.00
E0266,2026-03-30,40.00,0.00
E0267,2026-03-30,40.00,0.00
E0268,2026-03-30,40.00,5.50
E0269,2026-03-30,40.00,3.25
E0270,2026-03-30,40.00,10.75
E0271,2026-03-30,24.00,0.00
E0272,2026-03-30,40.00,0.00
E0273,2026-03-30,40.00,3.00
E0274,2026-03-30,40.00,0.00
E0275,2026-03-30,40.00,0.00
E0276,2026-03-30,40.00,5.50
E0277,2026-03-30,40.00,0.00
E0278,2026-03-30,32.00,0.00
E0279,2026-03-30,40.00,0.00
E0283,2026-03-30,40.00,0.00
E0001,2026-04-06,40.00,2.25
E0002,2026-04-06,40.00,0.00
E0003,2026-04-06,32.00,0.00
E0004,2026-04-06,40.00,0.00
E0005,2026-04-06,40.00,0.00
E0006,2026-04-06,40.00,0.00
E0007,2026-04-06,40.00,0.00
E0008,2026-04-06,40.00,0.00
E0009,2026-04-06,40.00,0.00
E0010,2026-04-06,40.00,0.00
E0011,2026-04-06,40.00,0.00
E0012,2026-04-06,32.00,0.00
E0013,2026-04-06,40.00,0.00
E0014,2026-04-06,40.00,0.00
E0015,2026-04-06,40.00,1.75
E0016,2026-04-06,40.00,0.00
E0017,2026-04-06,40.00,0.00
E0018,2026-04-06,24.00,0.00
E0019,2026-04-06,40.00,0.00
E0020,2026-04-06,32.00,0.00
E0021,2026-04-06,40.00,0.00
E0022,2026-04-06,40.00,0.00
E0023,2026-04-06,40.00,0.00
E0024,2026-04-06,40.00,0.00
E0025,2026-04-06,40.00,0.00
E0026,2026-04-06,40.00,0.00
E0027,2026-04-06,40.00,0.00
E0028,2026-04-06,40.00,0.00
E0029,2026-04-06,40.00,1.50
E0030,2026-04-06,40.00,0.00
E0031,2026-04-06,40.00,0.00
E0032,2026-04-06,40.00,0.00
E0033,2026-04-06,40.00,0.00
E0034,2026-04-06,40.00,0.00
E0035,2026-04-06,32.00,0.00
E0036,2026-04-06,40.00,0.00
E0037,2026-04-06,40.00,0.00
E0038,2026-04-06,32.00,0.00
E0039,2026-04-06,40.00,0.00
E0041,2026-04-06,40.00,0.00
E0042,2026-04-06,24.00,0.00
E0043,2026-04-06,40.00,0.00
E0044,2026-04-06,40.00,0.00
E0045,2026-04-06,40.00,0.00
E0046,2026-04-06,40.00,0.00
E0047,2026-04-06,24.00,0.00
E0048,2026-04-06,32.00,0.00
E0049,2026-04-06,40.00,0.00
E0050,2026-04-06,40.00,0.00
E0051,2026-04-06,40.00,0.00
E0052,2026-04-06,40.00,0.00
E0053,2026-04-06,24.00,0.00
E0054,2026-04-06,40.00,0.00
E0055,2026-04-06,40.00,0.00
E0056,2026-04-06,40.00,0.00
E0057,2026-04-06,40.00,0.00
E0058,2026-04-06,40.00,3.25
E0059,2026-04-06,40.00,0.00
E0060,2026-04-06,40.00,0.00
E0061,2026-04-06,40.00,3.00
E0062,2026-04-06,40.00,0.00
E0063,2026-04-06,40.00,0.00
E0065,2026-04-06,40.00,0.00
E0066,2026-04-06,40.00,0.00
E0067,2026-04-06,40.00,0.00
E0068,2026-04-06,24.00,0.00
E0069,2026-04-06,40.00,0.00
E0070,2026-04-06,40.00,0.00
E0071,2026-04-06,40.00,0.00
E0072,2026-04-06,32.00,0.00
E0073,2026-04-06,40.00,0.00
E0074,2026-04-06,24.00,0.00
E0075,2026-04-06,40.00,0.00
E0076,2026-04-06,40.00,0.00
E0077,2026-04-06,40.00,0.00
E0078,2026-04-06,40.00,0.00
E0079,2026-04-06,40.00,2.75
E0081,2026-04-06,40.00,0.00
E0082,2026-04-06,40.00,0.00
E0083,2026-04-06,40.00,0.00
E0084,2026-04-06,40.00,0.00
E0085,2026-04-06,40.00,2.75
E0086,2026-04-06,40.00,1.50
E0087,2026-04-06,40.00,0.00
E0088,2026-04-06,40.00,0.00
E0091,2026-04-06,40.00,0.00
E0092,2026-04-06,40.00,0.00
E0093,2026-04-06,40.00,0.00
E0095,2026-04-06,40.00,0.00
E0096,2026-04-06,40.00,0.00
E0097,2026-04-06,32.00,0.00
E0098,2026-04-06,40.00,0.00
E0099,2026-04-06,40.00,0.00
E0100,2026-04-06,40.00,0.00
E0101,2026-04-06,40.00,1.00
E0102,2026-04-06,40.00,0.00
E0104,2026-04-06,40.00,0.00
E0105,2026-04-06,40.00,0.00
E0106,2026-04-06,40.00,1.50
E0107,2026-04-06,40.00,0.00
E0108,2026-04-06,40.00,3.75
E0109,2026-04-06,40.00,0.00
E0110,2026-04-06,40.00,0.00
E0111,2026-04-06,40.00,5.50
E0112,2026-04-06,40.00,0.00
E0113,2026-04-06,40.00,0.00
E0114,2026-04-06,40.00,0.00
E0115,2026-04-06,24.00,1.75
E0116,2026-04-06,24.00,0.00
E0118,2026-04-06,24.00,0.00
E0119,2026-04-06,40.00,2.25
E0120,2026-04-06,40.00,6.50
E0122,2026-04-06,40.00,5.75
E0123,2026-04-06,40.00,0.00
E0124,2026-04-06,40.00,0.75
E0125,2026-04-06,40.00,6.00
E0126,2026-04-06,40.00,0.25
E0128,2026-04-06,40.00,0.00
E0129,2026-04-06,40.00,3.50
E0132,2026-04-06,40.00,3.00
E0134,2026-04-06,40.00,4.75
E0135,2026-04-06,40.00,2.50
E0136,2026-04-06,40.00,0.00
E0137,2026-04-06,40.00,0.00
E0138,2026-04-06,40.00,0.00
E0139,2026-04-06,24.00,0.00
E0140,2026-04-06,40.00,0.00
E0141,2026-04-06,40.00,0.00
E0142,2026-04-06,40.00,0.00
E0143,2026-04-06,40.00,1.75
E0144,2026-04-06,40.00,0.00
E0145,2026-04-06,40.00,0.00
E0146,2026-04-06,40.00,0.00
E0147,2026-04-06,40.00,2.25
E0148,2026-04-06,40.00,0.00
E0149,2026-04-06,40.00,0.00
E0150,2026-04-06,24.00,0.00
E0151,2026-04-06,32.00,0.00
E0152,2026-04-06,40.00,7.25
E0153,2026-04-06,40.00,0.00
E0154,2026-04-06,40.00,0.00
E0155,2026-04-06,40.00,0.00
E0156,2026-04-06,40.00,0.00
E0157,2026-04-06,40.00,0.00
E0159,2026-04-06,40.00,0.00
E0160,2026-04-06,40.00,7.75
E0161,2026-04-06,40.00,6.75
E0162,2026-04-06,40.00,0.00
E0163,2026-04-06,40.00,5.25
E0164,2026-04-06,40.00,0.00
E0165,2026-04-06,40.00,2.50
E0166,2026-04-06,40.00,0.00
E0167,2026-04-06,40.00,8.75
E0169,2026-04-06,32.00,0.00
E0170,2026-04-06,40.00,0.00
E0171,2026-04-06,40.00,5.50
E0172,2026-04-06,32.00,0.00
E0173,2026-04-06,40.00,14.00
E0175,2026-04-06,40.00,11.25
E0176,2026-04-06,32.00,0.00
E0177,2026-04-06,24.00,11.00
E0178,2026-04-06,40.00,0.00
E0179,2026-04-06,40.00,8.25
E0180,2026-04-06,40.00,9.50
E0181,2026-04-06,24.00,0.00
E0182,2026-04-06,24.00,5.75
E0184,2026-04-06,24.00,0.00
E0186,2026-04-06,24.00,2.25
E0187,2026-04-06,40.00,8.25
E0188,2026-04-06,40.00,0.00
E0189,2026-04-06,40.00,5.25
E0190,2026-04-06,40.00,0.00
E0191,2026-04-06,24.00,0.00
E0192,2026-04-06,24.00,0.00
E0193,2026-04-06,40.00,0.00
E0194,2026-04-06,40.00,11.50
E0196,2026-04-06,40.00,5.75
E0197,2026-04-06,40.00,4.00
E0198,2026-04-06,32.00,0.00
E0199,2026-04-06,40.00,3.50
E0200,2026-04-06,40.00,0.00
E0202,2026-04-06,40.00,0.00
E0203,2026-04-06,40.00,3.50
E0204,2026-04-06,24.00,10.00
E0205,2026-04-06,40.00,9.75
E0206,2026-04-06,32.00,0.00
E0207,2026-04-06,40.00,0.00
E0209,2026-04-06,40.00,7.00
E0210,2026-04-06,40.00,0.00
E0211,2026-04-06,40.00,8.00
E0212,2026-04-06,32.00,0.00
E0214,2026-04-06,40.00,0.00
E0215,2026-04-06,40.00,5.25
E0216,2026-04-06,32.00,0.00
E0218,2026-04-06,40.00,0.00
E0219,2026-04-06,24.00,0.00
E0221,2026-04-06,32.00,0.00
E0222,2026-04-06,40.00,2.50
E0223,2026-04-06,40.00,9.75
E0224,2026-04-06,40.00,0.00
E0225,2026-04-06,40.00,0.00
E0226,2026-04-06,24.00,5.25
E0227,2026-04-06,24.00,5.00
E0228,2026-04-06,40.00,6.00
E0230,2026-04-06,40.00,0.00
E0232,2026-04-06,40.00,7.50
E0233,2026-04-06,40.00,1.50
E0234,2026-04-06,40.00,8.25
E0249,2026-04-06,40.00,0.00
E0250,2026-04-06,40.00,0.00
E0251,2026-04-06,32.00,0.00
E0252,2026-04-06,40.00,0.00
E0253,2026-04-06,32.00,0.00
E0254,2026-04-06,40.00,0.00
E0255,2026-04-06,40.00,2.00
E0256,2026-04-06,40.00,6.75
E0257,2026-04-06,32.00,0.00
E0259,2026-04-06,32.00,0.00
E0260,2026-04-06,40.00,0.00
E0261,2026-04-06,40.00,0.00
E0262,2026-04-06,40.00,2.00
E0263,2026-04-06,32.00,0.00
E0264,2026-04-06,40.00,0.00
E0265,2026-04-06,40.00,0.00
E0266,2026-04-06,40.00,0.00
E0267,2026-04-06,40.00,0.00
E0268,2026-04-06,40.00,1.50
E0269,2026-04-06,40.00,0.00
E0270,2026-04-06,40.00,8.50
E0271,2026-04-06,24.00,8.00
E0272,2026-04-06,40.00,0.00
E0273,2026-04-06,40.00,13.25
E0274,2026-04-06,40.00,0.00
E0275,2026-04-06,40.00,0.00
E0276,2026-04-06,40.00,0.00
E0277,2026-04-06,40.00,1.25
E0278,2026-04-06,40.00,0.00
E0279,2026-04-06,40.00,2.75
E0283,2026-04-06,32.00,0.00
E0284,2026-04-06,40.00,0.00
E0001,2026-04-13,40.00,0.00
E0002,2026-04-13,40.00,0.00
E0003,2026-04-13,40.00,0.00
E0004,2026-04-13,40.00,0.00
E0005,2026-04-13,40.00,0.00
E0006,2026-04-13,40.00,0.00
E0007,2026-04-13,32.00,0.00
E0008,2026-04-13,40.00,0.00
E0009,2026-04-13,32.00,0.00
E0010,2026-04-13,40.00,0.00
E0011,2026-04-13,40.00,1.75
E0012,2026-04-13,24.00,0.00
E0013,2026-04-13,32.00,0.00
E0014,2026-04-13,32.00,0.00
E0015,2026-04-13,40.00,5.75
E0016,2026-04-13,40.00,0.00
E0017,2026-04-13,40.00,0.00
E0018,2026-04-13,24.00,0.00
E0019,2026-04-13,40.00,0.00
E0020,2026-04-13,40.00,0.00
E0021,2026-04-13,40.00,0.00
E0022,2026-04-13,40.00,0.00
E0023,2026-04-13,40.00,0.00
E0024,2026-04-13,40.00,0.00
E0025,2026-04-13,40.00,0.00
E0026,2026-04-13,40.00,0.00
E0027,2026-04-13,40.00,0.00
E0028,2026-04-13,40.00,0.00
E0029,2026-04-13,40.00,0.00
E0030,2026-04-13,40.00,0.00
E0031,2026-04-13,40.00,0.00
E0032,2026-04-13,24.00,0.00
E0033,2026-04-13,40.00,0.00
E0034,2026-04-13,40.00,0.00
E0035,2026-04-13,40.00,0.00
E0036,2026-04-13,32.00,0.00
E0037,2026-04-13,40.00,0.00
E0038,2026-04-13,40.00,0.00
E0039,2026-04-13,40.00,0.00
E0041,2026-04-13,40.00,0.00
E0042,2026-04-13,40.00,0.00
E0043,2026-04-13,40.00,0.00
E0044,2026-04-13,40.00,0.00
E0045,2026-04-13,40.00,0.00
E0046,2026-04-13,40.00,0.00
E0047,2026-04-13,40.00,0.00
E0048,2026-04-13,40.00,0.00
E0049,2026-04-13,40.00,0.00
E0050,2026-04-13,40.00,0.00
E0051,2026-04-13,40.00,0.00
E0052,2026-04-13,40.00,0.00
E0053,2026-04-13,32.00,0.00
E0054,2026-04-13,40.00,0.00
E0055,2026-04-13,40.00,0.00
E0056,2026-04-13,40.00,0.00
E0057,2026-04-13,40.00,2.50
E0058,2026-04-13,40.00,2.00
E0059,2026-04-13,40.00,0.00
E0060,2026-04-13,40.00,0.00
E0061,2026-04-13,40.00,3.00
E0062,2026-04-13,40.00,0.00
E0063,2026-04-13,40.00,0.00
E0065,2026-04-13,40.00,0.00
E0066,2026-04-13,32.00,0.00
E0067,2026-04-13,40.00,0.00
E0068,2026-04-13,40.00,0.00
E0069,2026-04-13,40.00,0.00
E0070,2026-04-13,40.00,0.00
E0071,2026-04-13,40.00,0.00
E0072,2026-04-13,40.00,0.00
E0073,2026-04-13,32.00,0.00
E0074,2026-04-13,40.00,0.00
E0075,2026-04-13,40.00,0.00
E0076,2026-04-13,40.00,0.00
E0077,2026-04-13,40.00,0.00
E0078,2026-04-13,40.00,0.00
E0079,2026-04-13,40.00,1.25
E0081,2026-04-13,32.00,0.00
E0082,2026-04-13,40.00,0.00
E0083,2026-04-13,40.00,0.00
E0084,2026-04-13,40.00,0.00
E0085,2026-04-13,40.00,0.75
E0086,2026-04-13,40.00,0.00
E0087,2026-04-13,40.00,1.25
E0088,2026-04-13,40.00,1.50
E0091,2026-04-13,40.00,0.00
E0092,2026-04-13,40.00,0.00
E0093,2026-04-13,40.00,0.00
E0095,2026-04-13,32.00,0.00
E0096,2026-04-13,40.00,0.00
E0097,2026-04-13,40.00,0.00
E0098,2026-04-13,40.00,0.00
E0099,2026-04-13,40.00,0.00
E0100,2026-04-13,40.00,0.00
E0101,2026-04-13,40.00,0.00
E0102,2026-04-13,40.00,0.00
E0104,2026-04-13,32.00,0.00
E0105,2026-04-13,40.00,0.00
E0106,2026-04-13,40.00,2.25
E0107,2026-04-13,40.00,1.75
E0108,2026-04-13,24.00,0.00
E0109,2026-04-13,40.00,4.75
E0110,2026-04-13,40.00,0.00
E0111,2026-04-13,40.00,3.50
E0112,2026-04-13,40.00,3.75
E0113,2026-04-13,40.00,5.25
E0114,2026-04-13,40.00,3.25
E0115,2026-04-13,24.00,2.00
E0116,2026-04-13,24.00,4.25
E0118,2026-04-13,24.00,0.00
E0119,2026-04-13,40.00,0.00
E0120,2026-04-13,40.00,4.00
E0122,2026-04-13,40.00,0.00
E0123,2026-04-13,40.00,0.00
E0124,2026-04-13,32.00,0.00
E0125,2026-04-13,40.00,2.50
E0126,2026-04-13,40.00,0.00
E0128,2026-04-13,40.00,0.00
E0129,2026-04-13,24.00,0.00
E0132,2026-04-13,32.00,0.00
E0134,2026-04-13,40.00,4.25
E0135,2026-04-13,40.00,1.75
E0136,2026-04-13,24.00,0.00
E0137,2026-04-13,40.00,0.00
E0138,2026-04-13,40.00,0.00
E0139,2026-04-13,32.00,0.00
E0140,2026-04-13,40.00,0.00
E0141,2026-04-13,40.00,4.25
E0142,2026-04-13,40.00,0.00
E0143,2026-04-13,40.00,2.75
E0144,2026-04-13,40.00,0.00
E0145,2026-04-13,40.00,0.00
E0146,2026-04-13,40.00,0.00
E0147,2026-04-13,40.00,1.75
E0148,2026-04-13,40.00,0.00
E0149,2026-04-13,40.00,0.00
E0150,2026-04-13,24.00,1.75
E0151,2026-04-13,24.00,0.00
E0152,2026-04-13,40.00,0.00
E0153,2026-04-13,40.00,0.00
E0154,2026-04-13,40.00,0.25
E0155,2026-04-13,40.00,0.00
E0156,2026-04-13,40.00,0.00
E0157,2026-04-13,40.00,0.00
E0159,2026-04-13,40.00,6.00
E0160,2026-04-13,40.00,0.00
E0161,2026-04-13,40.00,0.00
E0162,2026-04-13,40.00,0.00
E0163,2026-04-13,40.00,6.00
E0164,2026-04-13,32.00,0.00
E0165,2026-04-13,40.00,7.25
E0166,2026-04-13,40.00,0.00
E0167,2026-04-13,40.00,7.25
E0169,2026-04-13,40.00,0.00
E0170,2026-04-13,32.00,0.00
E0171,2026-04-13,40.00,0.00
E0172,2026-04-13,40.00,11.00
E0173,2026-04-13,40.00,6.00
E0175,2026-04-13,40.00,12.00
E0176,2026-04-13,40.00,9.75
E0177,2026-04-13,24.00,0.00
E0178,2026-04-13,40.00,0.00
E0179,2026-04-13,40.00,6.00
E0180,2026-04-13,40.00,0.00
E0181,2026-04-13,40.00,5.75
E0182,2026-04-13,24.00,11.50
E0184,2026-04-13,40.00,3.50
E0186,2026-04-13,24.00,4.50
E0187,2026-04-13,24.00,0.00
E0188,2026-04-13,40.00,5.25
E0189,2026-04-13,40.00,9.75
E0190,2026-04-13,32.00,0.00
E0191,2026-04-13,40.00,0.00
E0192,2026-04-13,40.00,8.25
E0193,2026-04-13,40.00,10.75
E0194,2026-04-13,40.00,7.50
E0196,2026-04-13,40.00,0.00
E0197,2026-04-13,24.00,0.00
E0198,2026-04-13,24.00,0.00
E0199,2026-04-13,40.00,5.50
E0200,2026-04-13,40.00,0.00
E0202,2026-04-13,40.00,5.00
E0203,2026-04-13,40.00,0.00
E0204,2026-04-13,24.00,0.00
E0205,2026-04-13,40.00,7.75
E0206,2026-04-13,40.00,0.00
E0207,2026-04-13,32.00,0.00
E0209,2026-04-13,40.00,0.00
E0210,2026-04-13,40.00,7.50
E0211,2026-04-13,40.00,0.00
E0212,2026-04-13,40.00,5.00
E0214,2026-04-13,32.00,0.00
E0215,2026-04-13,32.00,0.00
E0216,2026-04-13,40.00,0.00
E0218,2026-04-13,40.00,0.00
E0219,2026-04-13,24.00,3.50
E0221,2026-04-13,40.00,2.00
E0222,2026-04-13,40.00,0.00
E0223,2026-04-13,40.00,8.00
E0224,2026-04-13,40.00,0.00
E0225,2026-04-13,40.00,5.75
E0226,2026-04-13,24.00,0.00
E0227,2026-04-13,24.00,3.25
E0228,2026-04-13,40.00,12.75
E0230,2026-04-13,32.00,0.00
E0232,2026-04-13,32.00,0.00
E0233,2026-04-13,32.00,0.00
E0234,2026-04-13,40.00,5.75
E0249,2026-04-13,40.00,0.00
E0250,2026-04-13,40.00,0.00
E0251,2026-04-13,32.00,0.00
E0252,2026-04-13,40.00,0.00
E0253,2026-04-13,40.00,0.00
E0254,2026-04-13,40.00,0.00
E0255,2026-04-13,40.00,1.50
E0256,2026-04-13,40.00,5.50
E0257,2026-04-13,40.00,4.25
E0259,2026-04-13,40.00,0.00
E0260,2026-04-13,40.00,0.00
E0261,2026-04-13,40.00,0.00
E0262,2026-04-13,40.00,0.00
E0263,2026-04-13,40.00,6.00
E0264,2026-04-13,32.00,0.00
E0265,2026-04-13,40.00,0.00
E0266,2026-04-13,40.00,0.00
E0267,2026-04-13,40.00,0.00
E0268,2026-04-13,40.00,0.00
E0269,2026-04-13,40.00,1.75
E0270,2026-04-13,40.00,0.00
E0271,2026-04-13,24.00,0.00
E0272,2026-04-13,40.00,14.25
E0273,2026-04-13,40.00,6.50
E0274,2026-04-13,40.00,0.00
E0275,2026-04-13,40.00,0.00
E0276,2026-04-13,40.00,0.00
E0277,2026-04-13,40.00,0.00
E0278,2026-04-13,40.00,0.00
E0279,2026-04-13,32.00,0.00
E0282,2026-04-13,32.00,0.00
E0283,2026-04-13,40.00,0.00
E0284,2026-04-13,40.00,0.00
E0001,2026-04-20,40.00,2.00
E0002,2026-04-20,40.00,0.00
E0003,2026-04-20,40.00,0.00
E0004,2026-04-20,40.00,0.00
E0005,2026-04-20,40.00,0.00
E0006,2026-04-20,40.00,0.00
E0007,2026-04-20,32.00,0.00
E0008,2026-04-20,40.00,0.00
E0009,2026-04-20,40.00,0.00
E0010,2026-04-20,40.00,2.25
E0011,2026-04-20,40.00,0.00
E0012,2026-04-20,40.00,4.25
E0013,2026-04-20,24.00,0.00
E0014,2026-04-20,40.00,0.00
E0015,2026-04-20,40.00,1.25
E0016,2026-04-20,40.00,0.00
E0017,2026-04-20,40.00,0.00
E0018,2026-04-20,40.00,0.00
E0019,2026-04-20,32.00,0.00
E0020,2026-04-20,40.00,0.00
E0021,2026-04-20,40.00,0.00
E0022,2026-04-20,40.00,0.00
E0023,2026-04-20,40.00,0.00
E0024,2026-04-20,32.00,0.00
E0025,2026-04-20,40.00,0.00
E0026,2026-04-20,40.00,0.00
E0027,2026-04-20,40.00,0.00
E0028,2026-04-20,40.00,0.00
E0029,2026-04-20,40.00,2.50
E0030,2026-04-20,32.00,0.00
E0031,2026-04-20,40.00,0.00
E0032,2026-04-20,24.00,0.00
E0033,2026-04-20,32.00,0.00
E0034,2026-04-20,40.00,0.00
E0035,2026-04-20,32.00,0.00
E0036,2026-04-20,40.00,0.00
E0037,2026-04-20,40.00,0.00
E0038,2026-04-20,40.00,0.00
E0039,2026-04-20,40.00,0.00
E0041,2026-04-20,40.00,0.00
E0042,2026-04-20,32.00,0.00
E0043,2026-04-20,40.00,0.00
E0044,2026-04-20,40.00,0.00
E0045,2026-04-20,40.00,0.00
E0046,2026-04-20,40.00,0.00
E0047,2026-04-20,40.00,0.00
E0048,2026-04-20,40.00,0.00
E0049,2026-04-20,40.00,0.00
E0050,2026-04-20,32.00,0.00
E0051,2026-04-20,40.00,0.00
E0052,2026-04-20,40.00,0.00
E0053,2026-04-20,32.00,0.00
E0054,2026-04-20,40.00,0.00
E0055,2026-04-20,40.00,0.00
E0056,2026-04-20,40.00,0.00
E0057,2026-04-20,40.00,0.00
E0058,2026-04-20,32.00,0.00
E0059,2026-04-20,40.00,0.00
E0060,2026-04-20,40.00,0.00
E0061,2026-04-20,32.00,0.00
E0062,2026-04-20,40.00,0.00
E0063,2026-04-20,40.00,0.00
E0065,2026-04-20,40.00,0.00
E0066,2026-04-20,40.00,0.00
E0067,2026-04-20,40.00,0.00
E0068,2026-04-20,40.00,0.00
E0069,2026-04-20,40.00,0.00
E0070,2026-04-20,40.00,0.00
E0071,2026-04-20,40.00,0.00
E0072,2026-04-20,40.00,0.00
E0073,2026-04-20,40.00,0.00
E0074,2026-04-20,40.00,0.00
E0075,2026-04-20,40.00,0.00
E0076,2026-04-20,40.00,0.00
E0077,2026-04-20,40.00,0.00
E0078,2026-04-20,40.00,0.00
E0079,2026-04-20,40.00,0.00
E0081,2026-04-20,32.00,0.00
E0082,2026-04-20,40.00,0.00
E0083,2026-04-20,40.00,0.00
E0084,2026-04-20,40.00,0.00
E0085,2026-04-20,40.00,0.75
E0086,2026-04-20,40.00,2.75
E0087,2026-04-20,40.00,1.25
E0088,2026-04-20,40.00,0.25
E0091,2026-04-20,40.00,0.00
E0092,2026-04-20,32.00,0.00
E0093,2026-04-20,40.00,0.00
E0095,2026-04-20,40.00,0.00
E0096,2026-04-20,40.00,0.00
E0097,2026-04-20,40.00,0.00
E0098,2026-04-20,40.00,0.00
E0099,2026-04-20,40.00,0.00
E0100,2026-04-20,40.00,0.00
E0101,2026-04-20,40.00,2.25
E0102,2026-04-20,24.00,0.00
E0104,2026-04-20,40.00,0.00
E0105,2026-04-20,40.00,0.00
E0106,2026-04-20,40.00,1.25
E0107,2026-04-20,40.00,3.75
E0108,2026-04-20,40.00,0.00
E0109,2026-04-20,32.00,0.00
E0111,2026-04-20,40.00,3.25
E0112,2026-04-20,40.00,0.00
E0113,2026-04-20,40.00,8.25
E0114,2026-04-20,40.00,2.75
E0115,2026-04-20,16.00,0.00
E0116,2026-04-20,24.00,0.00
E0118,2026-04-20,24.00,1.50
E0119,2026-04-20,40.00,1.00
E0120,2026-04-20,40.00,1.75
E0122,2026-04-20,40.00,4.00
E0123,2026-04-20,40.00,4.00
E0124,2026-04-20,32.00,0.00
E0125,2026-04-20,40.00,5.25
E0126,2026-04-20,40.00,0.00
E0128,2026-04-20,40.00,5.25
E0129,2026-04-20,40.00,3.00
E0132,2026-04-20,40.00,3.50
E0134,2026-04-20,40.00,0.00
E0135,2026-04-20,40.00,0.50
E0136,2026-04-20,24.00,0.00
E0137,2026-04-20,40.00,0.00
E0138,2026-04-20,32.00,0.00
E0139,2026-04-20,40.00,0.00
E0140,2026-04-20,40.00,0.00
E0141,2026-04-20,40.00,2.00
E0142,2026-04-20,40.00,2.00
E0143,2026-04-20,40.00,3.50
E0144,2026-04-20,40.00,0.00
E0145,2026-04-20,40.00,0.00
E0146,2026-04-20,40.00,0.00
E0147,2026-04-20,32.00,0.00
E0148,2026-04-20,40.00,0.00
E0149,2026-04-20,40.00,0.00
E0150,2026-04-20,24.00,2.75
E0151,2026-04-20,40.00,5.75
E0152,2026-04-20,40.00,5.00
E0153,2026-04-20,32.00,0.00
E0154,2026-04-20,40.00,3.00
E0155,2026-04-20,40.00,0.00
E0156,2026-04-20,40.00,6.00
E0157,2026-04-20,40.00,0.00
E0159,2026-04-20,40.00,2.75
E0160,2026-04-20,40.00,4.00
E0161,2026-04-20,40.00,0.00
E0162,2026-04-20,40.00,2.25
E0163,2026-04-20,40.00,5.00
E0164,2026-04-20,40.00,0.00
E0165,2026-04-20,32.00,0.00
E0166,2026-04-20,40.00,0.00
E0167,2026-04-20,40.00,6.75
E0169,2026-04-20,40.00,6.00
E0170,2026-04-20,40.00,12.25
E0171,2026-04-20,32.00,0.00
E0172,2026-04-20,40.00,0.00
E0173,2026-04-20,40.00,12.75
E0175,2026-04-20,40.00,0.00
E0176,2026-04-20,40.00,8.00
E0177,2026-04-20,24.00,0.00
E0178,2026-04-20,40.00,0.00
E0179,2026-04-20,40.00,0.00
E0180,2026-04-20,40.00,2.50
E0181,2026-04-20,32.00,0.00
E0182,2026-04-20,24.00,10.50
E0184,2026-04-20,40.00,6.25
E0186,2026-04-20,24.00,0.00
E0187,2026-04-20,40.00,10.25
E0188,2026-04-20,40.00,7.75
E0189,2026-04-20,40.00,0.00
E0190,2026-04-20,40.00,4.50
E0191,2026-04-20,40.00,10.50
E0192,2026-04-20,40.00,11.50
E0193,2026-04-20,40.00,5.50
E0194,2026-04-20,40.00,8.50
E0196,2026-04-20,40.00,3.50
E0197,2026-04-20,40.00,0.00
E0198,2026-04-20,32.00,0.00
E0199,2026-04-20,40.00,12.25
E0200,2026-04-20,40.00,0.00
E0202,2026-04-20,40.00,9.75
E0203,2026-04-20,40.00,6.25
E0204,2026-04-20,24.00,0.00
E0205,2026-04-20,24.00,0.00
E0206,2026-04-20,32.00,0.00
E0207,2026-04-20,32.00,0.00
E0209,2026-04-20,40.00,7.25
E0210,2026-04-20,40.00,0.00
E0211,2026-04-20,40.00,0.00
E0212,2026-04-20,40.00,0.00
E0214,2026-04-20,40.00,0.50
E0215,2026-04-20,40.00,4.75
E0216,2026-04-20,40.00,0.00
E0218,2026-04-20,40.00,7.25
E0219,2026-04-20,24.00,0.00
E0221,2026-04-20,40.00,0.00
E0222,2026-04-20,40.00,6.50
E0223,2026-04-20,40.00,0.00
E0224,2026-04-20,40.00,7.25
E0225,2026-04-20,40.00,0.00
E0226,2026-04-20,16.00,0.00
E0227,2026-04-20,24.00,0.00
E0228,2026-04-20,24.00,0.00
E0230,2026-04-20,40.00,0.00
E0232,2026-04-20,40.00,8.00
E0233,2026-04-20,40.00,7.50
E0234,2026-04-20,32.00,0.00
E0249,2026-04-20,40.00,0.00
E0250,2026-04-20,40.00,2.00
E0251,2026-04-20,40.00,7.75
E0252,2026-04-20,40.00,0.00
E0253,2026-04-20,40.00,0.00
E0254,2026-04-20,40.00,0.00
E0255,2026-04-20,40.00,0.00
E0256,2026-04-20,40.00,0.00
E0257,2026-04-20,40.00,4.50
E0259,2026-04-20,24.00,0.00
E0260,2026-04-20,40.00,0.00
E0261,2026-04-20,40.00,0.00
E0262,2026-04-20,40.00,0.00
E0263,2026-04-20,40.00,0.00
E0264,2026-04-20,32.00,0.00
E0265,2026-04-20,40.00,0.00
E0266,2026-04-20,40.00,6.75
E0267,2026-04-20,40.00,0.00
E0268,2026-04-20,40.00,2.50
E0269,2026-04-20,24.00,0.00
E0270,2026-04-20,40.00,9.50
E0272,2026-04-20,40.00,5.75
E0273,2026-04-20,40.00,13.50
E0274,2026-04-20,40.00,0.00
E0275,2026-04-20,40.00,0.00
E0276,2026-04-20,40.00,5.25
E0277,2026-04-20,40.00,1.75
E0278,2026-04-20,40.00,4.75
E0279,2026-04-20,32.00,0.00
E0280,2026-04-20,40.00,0.00
E0282,2026-04-20,24.00,0.00
E0283,2026-04-20,40.00,0.00
E0284,2026-04-20,40.00,0.00
E0001,2026-04-27,24.00,0.00
E0002,2026-04-27,40.00,0.00
E0003,2026-04-27,40.00,0.00
E0004,2026-04-27,40.00,0.00
E0005,2026-04-27,40.00,0.00
E0006,2026-04-27,40.00,0.00
E0007,2026-04-27,40.00,0.00
E0008,2026-04-27,40.00,0.00
E0009,2026-04-27,32.00,0.00
E0010,2026-04-27,40.00,4.50
E0011,2026-04-27,40.00,0.75
E0012,2026-04-27,40.00,2.75
E0013,2026-04-27,40.00,0.00
E0014,2026-04-27,40.00,0.00
E0015,2026-04-27,40.00,2.50
E0016,2026-04-27,40.00,0.00
E0017,2026-04-27,40.00,0.00
E0018,2026-04-27,24.00,0.00
E0019,2026-04-27,40.00,0.00
E0020,2026-04-27,40.00,0.00
E0021,2026-04-27,40.00,0.00
E0022,2026-04-27,40.00,0.00
E0023,2026-04-27,40.00,0.00
E0024,2026-04-27,40.00,0.00
E0025,2026-04-27,40.00,0.00
E0026,2026-04-27,40.00,0.00
E0027,2026-04-27,40.00,0.00
E0028,2026-04-27,40.00,0.00
E0029,2026-04-27,40.00,2.75
E0030,2026-04-27,40.00,0.00
E0031,2026-04-27,32.00,0.00
E0032,2026-04-27,40.00,0.00
E0033,2026-04-27,40.00,0.00
E0034,2026-04-27,32.00,0.00
E0035,2026-04-27,40.00,0.00
E0036,2026-04-27,40.00,0.00
E0037,2026-04-27,40.00,0.00
E0038,2026-04-27,40.00,0.00
E0039,2026-04-27,40.00,0.00
E0041,2026-04-27,40.00,0.00
E0042,2026-04-27,32.00,0.00
E0043,2026-04-27,24.00,0.00
E0044,2026-04-27,40.00,0.00
E0045,2026-04-27,40.00,0.00
E0046,2026-04-27,40.00,0.00
E0047,2026-04-27,32.00,0.00
E0048,2026-04-27,32.00,0.00
E0049,2026-04-27,40.00,0.00
E0050,2026-04-27,40.00,2.25
E0051,2026-04-27,40.00,0.00
E0052,2026-04-27,40.00,0.00
E0053,2026-04-27,40.00,0.00
E0054,2026-04-27,40.00,0.00
E0055,2026-04-27,40.00,0.00
E0056,2026-04-27,40.00,0.00
E0057,2026-04-27,40.00,1.75
E0058,2026-04-27,40.00,1.25
E0059,2026-04-27,40.00,0.00
E0060,2026-04-27,24.00,0.00
E0061,2026-04-27,40.00,3.00
E0062,2026-04-27,24.00,0.00
E0063,2026-04-27,40.00,0.00
E0065,2026-04-27,40.00,0.00
E0066,2026-04-27,40.00,0.00
E0067,2026-04-27,40.00,0.00
E0068,2026-04-27,40.00,0.00
E0069,2026-04-27,40.00,0.00
E0070,2026-04-27,40.00,0.00
E0071,2026-04-27,40.00,0.00
E0072,2026-04-27,40.00,0.00
E0073,2026-04-27,40.00,0.00
E0074,2026-04-27,24.00,0.00
E0075,2026-04-27,40.00,0.00
E0076,2026-04-27,40.00,0.00
E0077,2026-04-27,40.00,0.00
E0078,2026-04-27,32.00,0.00
E0079,2026-04-27,40.00,0.00
E0081,2026-04-27,40.00,0.00
E0082,2026-04-27,40.00,0.00
E0083,2026-04-27,40.00,0.00
E0084,2026-04-27,32.00,0.00
E0085,2026-04-27,40.00,1.00
E0086,2026-04-27,40.00,1.50
E0087,2026-04-27,40.00,0.00
E0088,2026-04-27,24.00,0.00
E0091,2026-04-27,40.00,0.00
E0092,2026-04-27,40.00,0.00
E0093,2026-04-27,40.00,0.00
E0095,2026-04-27,40.00,0.00
E0096,2026-04-27,40.00,0.00
E0097,2026-04-27,32.00,0.00
E0098,2026-04-27,40.00,0.00
E0099,2026-04-27,40.00,0.00
E0100,2026-04-27,40.00,0.00
E0101,2026-04-27,24.00,0.00
E0102,2026-04-27,24.00,0.00
E0104,2026-04-27,40.00,0.00
E0105,2026-04-27,40.00,0.00
E0106,2026-04-27,40.00,0.50
E0107,2026-04-27,40.00,4.25
E0108,2026-04-27,40.00,4.50
E0109,2026-04-27,40.00,5.25
E0111,2026-04-27,24.00,0.00
E0112,2026-04-27,40.00,0.00
E0113,2026-04-27,40.00,4.25
E0114,2026-04-27,40.00,2.75
E0115,2026-04-27,24.00,1.75
E0116,2026-04-27,24.00,0.00
E0118,2026-04-27,24.00,7.75
E0119,2026-04-27,40.00,2.50
E0120,2026-04-27,40.00,1.50
E0122,2026-04-27,40.00,0.00
E0123,2026-04-27,40.00,0.00
E0124,2026-04-27,40.00,0.00
E0125,2026-04-27,40.00,2.50
E0126,2026-04-27,40.00,2.25
E0128,2026-04-27,40.00,0.00
E0129,2026-04-27,40.00,5.75
E0132,2026-04-27,32.00,0.00
E0134,2026-04-27,40.00,2.25
E0135,2026-04-27,40.00,4.50
E0136,2026-04-27,40.00,0.00
E0137,2026-04-27,40.00,0.00
E0138,2026-04-27,40.00,0.00
E0139,2026-04-27,40.00,0.00
E0140,2026-04-27,40.00,0.00
E0141,2026-04-27,40.00,0.00
E0142,2026-04-27,40.00,0.00
E0143,2026-04-27,40.00,2.00
E0144,2026-04-27,40.00,0.00
E0145,2026-04-27,24.00,0.00
E0146,2026-04-27,40.00,0.00
E0147,2026-04-27,40.00,5.00
E0148,2026-04-27,40.00,0.00
E0149,2026-04-27,40.00,0.00
E0150,2026-04-27,24.00,2.50
E0151,2026-04-27,40.00,7.75
E0152,2026-04-27,40.00,0.00
E0153,2026-04-27,40.00,0.00
E0154,2026-04-27,40.00,0.00
E0155,2026-04-27,40.00,0.00
E0156,2026-04-27,40.00,0.00
E0157,2026-04-27,40.00,0.00
E0159,2026-04-27,40.00,7.00
E0160,2026-04-27,40.00,3.75
E0161,2026-04-27,40.00,0.00
E0162,2026-04-27,40.00,0.00
E0163,2026-04-27,40.00,5.00
E0164,2026-04-27,40.00,0.00
E0165,2026-04-27,32.00,0.00
E0166,2026-04-27,40.00,0.00
E0167,2026-04-27,40.00,4.50
E0169,2026-04-27,40.00,2.75
E0170,2026-04-27,40.00,0.00
E0171,2026-04-27,40.00,0.00
E0172,2026-04-27,40.00,6.75
E0173,2026-04-27,40.00,0.00
E0175,2026-04-27,40.00,3.75
E0176,2026-04-27,40.00,10.75
E0177,2026-04-27,24.00,0.00
E0178,2026-04-27,40.00,0.00
E0179,2026-04-27,40.00,5.75
E0180,2026-04-27,40.00,4.75
E0181,2026-04-27,32.00,0.00
E0182,2026-04-27,24.00,10.75
E0184,2026-04-27,40.00,9.75
E0186,2026-04-27,24.00,0.00
E0187,2026-04-27,24.00,0.00
E0188,2026-04-27,40.00,0.00
E0189,2026-04-27,32.00,0.00
E0190,2026-04-27,40.00,0.00
E0191,2026-04-27,40.00,0.00
E0192,2026-04-27,40.00,3.75
E0193,2026-04-27,40.00,0.00
E0194,2026-04-27,40.00,12.00
E0196,2026-04-27,40.00,9.75
E0197,2026-04-27,40.00,0.00
E0198,2026-04-27,40.00,0.00
E0199,2026-04-27,40.00,9.50
E0200,2026-04-27,40.00,0.00
E0202,2026-04-27,40.00,4.00
E0203,2026-04-27,40.00,3.50
E0204,2026-04-27,24.00,8.00
E0205,2026-04-27,32.00,0.00
E0206,2026-04-27,40.00,0.00
E0207,2026-04-27,40.00,6.75
E0209,2026-04-27,40.00,9.50
E0210,2026-04-27,40.00,11.50
E0211,2026-04-27,24.00,0.00
E0212,2026-04-27,40.00,3.25
E0214,2026-04-27,40.00,0.00
E0215,2026-04-27,40.00,5.00
E0216,2026-04-27,40.00,0.00
E0218,2026-04-27,40.00,0.00
E0219,2026-04-27,24.00,0.25
E0221,2026-04-27,40.00,0.00
E0222,2026-04-27,32.00,0.00
E0223,2026-04-27,40.00,5.75
E0224,2026-04-27,40.00,0.00
E0225,2026-04-27,32.00,0.00
E0226,2026-04-27,24.00,8.25
E0227,2026-04-27,24.00,0.00
E0228,2026-04-27,40.00,0.75
E0230,2026-04-27,40.00,5.25
E0232,2026-04-27,40.00,4.00
E0233,2026-04-27,40.00,4.50
E0234,2026-04-27,40.00,10.75
E0249,2026-04-27,40.00,0.00
E0250,2026-04-27,40.00,3.50
E0251,2026-04-27,40.00,7.00
E0252,2026-04-27,40.00,0.00
E0253,2026-04-27,40.00,0.00
E0254,2026-04-27,40.00,0.00
E0255,2026-04-27,40.00,3.50
E0256,2026-04-27,24.00,0.00
E0257,2026-04-27,40.00,7.75
E0259,2026-04-27,40.00,0.00
E0260,2026-04-27,40.00,0.00
E0261,2026-04-27,40.00,0.00
E0262,2026-04-27,40.00,0.00
E0263,2026-04-27,40.00,3.25
E0264,2026-04-27,40.00,0.00
E0265,2026-04-27,24.00,0.00
E0266,2026-04-27,40.00,7.50
E0267,2026-04-27,40.00,0.00
E0268,2026-04-27,40.00,1.50
E0269,2026-04-27,40.00,5.75
E0270,2026-04-27,40.00,0.00
E0272,2026-04-27,40.00,0.00
E0273,2026-04-27,40.00,2.25
E0274,2026-04-27,40.00,0.00
E0275,2026-04-27,32.00,0.00
E0276,2026-04-27,40.00,1.25
E0277,2026-04-27,40.00,0.00
E0278,2026-04-27,40.00,7.25
E0279,2026-04-27,40.00,0.00
E0280,2026-04-27,40.00,0.00
E0281,2026-04-27,40.00,6.50
E0282,2026-04-27,40.00,3.75
E0283,2026-04-27,40.00,0.00
E0284,2026-04-27,40.00,0.00
E0285,2026-04-27,40.00,0.00
E0289,2026-04-27,40.00,0.00
E0001,2026-05-04,40.00,0.00
E0002,2026-05-04,40.00,0.00
E0003,2026-05-04,40.00,0.00
E0004,2026-05-04,40.00,0.00
E0005,2026-05-04,40.00,0.00
E0006,2026-05-04,40.00,0.00
E0007,2026-05-04,40.00,0.00
E0008,2026-05-04,40.00,0.00
E0009,2026-05-04,40.00,0.00
E0010,2026-05-04,40.00,0.00
E0011,2026-05-04,40.00,0.00
E0012,2026-05-04,40.00,1.00
E0013,2026-05-04,40.00,0.00
E0014,2026-05-04,40.00,0.00
E0015,2026-05-04,40.00,0.00
E0016,2026-05-04,40.00,0.00
E0017,2026-05-04,40.00,0.00
E0018,2026-05-04,40.00,0.00
E0019,2026-05-04,40.00,0.00
E0020,2026-05-04,32.00,0.00
E0021,2026-05-04,40.00,0.00
E0022,2026-05-04,40.00,0.00
E0023,2026-05-04,40.00,0.00
E0024,2026-05-04,40.00,0.00
E0025,2026-05-04,40.00,0.00
E0026,2026-05-04,32.00,0.00
E0027,2026-05-04,40.00,0.00
E0028,2026-05-04,40.00,0.00
E0029,2026-05-04,40.00,1.75
E0030,2026-05-04,40.00,0.00
E0031,2026-05-04,40.00,0.00
E0032,2026-05-04,40.00,0.00
E0033,2026-05-04,40.00,0.00
E0034,2026-05-04,32.00,0.00
E0035,2026-05-04,40.00,0.00
E0036,2026-05-04,40.00,0.00
E0037,2026-05-04,40.00,0.00
E0038,2026-05-04,40.00,0.00
E0039,2026-05-04,40.00,0.00
E0041,2026-05-04,40.00,0.00
E0042,2026-05-04,40.00,0.00
E0043,2026-05-04,40.00,0.00
E0044,2026-05-04,24.00,0.00
E0045,2026-05-04,40.00,0.00
E0046,2026-05-04,40.00,0.00
E0047,2026-05-04,40.00,0.00
E0048,2026-05-04,40.00,0.00
E0049,2026-05-04,24.00,0.00
E0050,2026-05-04,40.00,0.75
E0051,2026-05-04,32.00,0.00
E0052,2026-05-04,40.00,0.00
E0053,2026-05-04,40.00,0.00
E0054,2026-05-04,40.00,0.00
E0055,2026-05-04,40.00,0.00
E0056,2026-05-04,40.00,0.00
E0057,2026-05-04,40.00,1.00
E0058,2026-05-04,40.00,3.00
E0059,2026-05-04,40.00,0.00
E0060,2026-05-04,40.00,0.00
E0061,2026-05-04,40.00,0.00
E0062,2026-05-04,40.00,0.00
E0063,2026-05-04,40.00,0.00
E0065,2026-05-04,40.00,0.00
E0066,2026-05-04,40.00,0.00
E0067,2026-05-04,40.00,0.00
E0068,2026-05-04,40.00,0.00
E0069,2026-05-04,40.00,0.00
E0070,2026-05-04,40.00,0.00
E0071,2026-05-04,40.00,0.00
E0072,2026-05-04,32.00,0.00
E0073,2026-05-04,40.00,0.00
E0074,2026-05-04,40.00,0.00
E0075,2026-05-04,40.00,0.00
E0076,2026-05-04,40.00,0.00
E0077,2026-05-04,40.00,0.00
E0078,2026-05-04,24.00,0.00
E0079,2026-05-04,24.00,0.00
E0081,2026-05-04,40.00,0.00
E0082,2026-05-04,40.00,0.00
E0083,2026-05-04,40.00,0.00
E0084,2026-05-04,40.00,0.00
E0085,2026-05-04,40.00,3.00
E0086,2026-05-04,40.00,1.75
E0087,2026-05-04,32.00,0.00
E0088,2026-05-04,40.00,1.25
E0091,2026-05-04,40.00,0.00
E0092,2026-05-04,40.00,0.00
E0093,2026-05-04,40.00,0.00
E0095,2026-05-04,40.00,0.00
E0096,2026-05-04,40.00,0.00
E0097,2026-05-04,40.00,0.00
E0098,2026-05-04,40.00,0.00
E0099,2026-05-04,40.00,0.00
E0100,2026-05-04,40.00,0.00
E0101,2026-05-04,32.00,0.00
E0102,2026-05-04,40.00,0.00
E0104,2026-05-04,40.00,0.00
E0105,2026-05-04,40.00,0.00
E0106,2026-05-04,24.00,0.00
E0107,2026-05-04,40.00,0.00
E0108,2026-05-04,32.00,0.00
E0109,2026-05-04,40.00,0.00
E0111,2026-05-04,40.00,0.00
E0112,2026-05-04,40.00,0.00
E0113,2026-05-04,40.00,0.00
E0114,2026-05-04,40.00,6.75
E0115,2026-05-04,24.00,4.25
E0116,2026-05-04,24.00,4.50
E0118,2026-05-04,24.00,2.75
E0119,2026-05-04,24.00,0.00
E0120,2026-05-04,40.00,1.50
E0122,2026-05-04,40.00,5.00
E0123,2026-05-04,40.00,7.50
E0124,2026-05-04,32.00,0.00
E0125,2026-05-04,40.00,4.25
E0126,2026-05-04,40.00,1.50
E0128,2026-05-04,40.00,7.50
E0129,2026-05-04,40.00,0.00
E0132,2026-05-04,40.00,5.00
E0134,2026-05-04,40.00,5.25
E0135,2026-05-04,32.00,0.00
E0136,2026-05-04,40.00,0.00
E0137,2026-05-04,40.00,0.00
E0138,2026-05-04,40.00,0.00
E0139,2026-05-04,40.00,0.00
E0140,2026-05-04,40.00,0.00
E0141,2026-05-04,40.00,5.50
E0142,2026-05-04,40.00,2.00
E0143,2026-05-04,40.00,3.75
E0144,2026-05-04,32.00,0.00
E0145,2026-05-04,40.00,0.00
E0146,2026-05-04,40.00,0.00
E0147,2026-05-04,40.00,3.50
E0148,2026-05-04,40.00,0.00
E0149,2026-05-04,40.00,0.00
E0150,2026-05-04,24.00,0.00
E0151,2026-05-04,40.00,7.75
E0152,2026-05-04,40.00,6.25
E0153,2026-05-04,40.00,0.00
E0154,2026-05-04,24.00,0.00
E0155,2026-05-04,40.00,0.00
E0156,2026-05-04,40.00,4.25
E0157,2026-05-04,40.00,0.00
E0159,2026-05-04,40.00,4.75
E0160,2026-05-04,32.00,0.00
E0161,2026-05-04,40.00,6.50
E0162,2026-05-04,24.00,0.00
E0163,2026-05-04,24.00,0.00
E0164,2026-05-04,40.00,5.75
E0165,2026-05-04,40.00,0.00
E0166,2026-05-04,40.00,0.00
E0167,2026-05-04,32.00,0.00
E0169,2026-05-04,40.00,0.00
E0170,2026-05-04,40.00,1.75
E0171,2026-05-04,40.00,0.00
E0172,2026-05-04,40.00,0.00
E0173,2026-05-04,40.00,0.00
E0175,2026-05-04,32.00,0.00
E0176,2026-05-04,24.00,0.00
E0177,2026-05-04,16.00,0.00
E0178,2026-05-04,40.00,0.00
E0179,2026-05-04,40.00,9.25
E0180,2026-05-04,40.00,8.00
E0181,2026-05-04,40.00,13.25
E0182,2026-05-04,24.00,7.25
E0184,2026-05-04,40.00,9.50
E0186,2026-05-04,24.00,0.00
E0187,2026-05-04,40.00,6.50
E0188,2026-05-04,40.00,9.00
E0189,2026-05-04,40.00,0.00
E0190,2026-05-04,32.00,0.00
E0191,2026-05-04,40.00,8.50
E0192,2026-05-04,40.00,10.25
E0193,2026-05-04,40.00,6.00
E0194,2026-05-04,40.00,5.75
E0196,2026-05-04,40.00,4.75
E0197,2026-05-04,40.00,2.75
E0198,2026-05-04,40.00,3.25
E0199,2026-05-04,40.00,5.75
E0200,2026-05-04,40.00,0.00
E0202,2026-05-04,40.00,0.00
E0203,2026-05-04,40.00,0.00
E0204,2026-05-04,24.00,11.25
E0205,2026-05-04,40.00,0.00
E0206,2026-05-04,40.00,9.75
E0207,2026-05-04,40.00,2.25
E0209,2026-05-04,32.00,0.00
E0210,2026-05-04,32.00,0.00
E0211,2026-05-04,40.00,8.25
E0212,2026-05-04,40.00,5.50
E0214,2026-05-04,40.00,0.00
E0215,2026-05-04,40.00,0.00
E0216,2026-05-04,40.00,3.75
E0218,2026-05-04,40.00,3.75
E0219,2026-05-04,24.00,0.00
E0221,2026-05-04,40.00,4.00
E0222,2026-05-04,40.00,0.00
E0223,2026-05-04,40.00,0.00
E0224,2026-05-04,24.00,0.00
E0225,2026-05-04,40.00,4.75
E0226,2026-05-04,24.00,4.50
E0227,2026-05-04,24.00,7.25
E0228,2026-05-04,40.00,4.00
E0230,2026-05-04,40.00,7.00
E0232,2026-05-04,40.00,10.00
E0233,2026-05-04,40.00,9.00
E0234,2026-05-04,40.00,7.00
E0249,2026-05-04,40.00,0.00
E0250,2026-05-04,24.00,0.00
E0251,2026-05-04,40.00,5.25
E0252,2026-05-04,40.00,0.00
E0253,2026-05-04,40.00,0.00
E0254,2026-05-04,40.00,0.00
E0255,2026-05-04,40.00,2.00
E0256,2026-05-04,24.00,0.00
E0257,2026-05-04,32.00,0.00
E0259,2026-05-04,40.00,0.00
E0260,2026-05-04,40.00,0.00
E0261,2026-05-04,40.00,0.00
E0262,2026-05-04,40.00,0.00
E0263,2026-05-04,24.00,0.00
E0264,2026-05-04,40.00,0.00
E0265,2026-05-04,40.00,0.00
E0266,2026-05-04,40.00,6.25
E0267,2026-05-04,40.00,0.00
E0268,2026-05-04,40.00,0.00
E0269,2026-05-04,40.00,4.75
E0270,2026-05-04,40.00,0.00
E0272,2026-05-04,32.00,0.00
E0273,2026-05-04,40.00,10.00
E0274,2026-05-04,40.00,0.00
E0275,2026-05-04,40.00,0.00
E0276,2026-05-04,40.00,0.00
E0277,2026-05-04,40.00,0.00
E0278,2026-05-04,40.00,8.75
E0279,2026-05-04,40.00,1.75
E0280,2026-05-04,40.00,0.00
E0281,2026-05-04,40.00,0.00
E0282,2026-05-04,40.00,6.25
E0283,2026-05-04,40.00,0.00
E0284,2026-05-04,40.00,0.00
E0285,2026-05-04,40.00,0.00
E0286,2026-05-04,40.00,0.00
E0289,2026-05-04,40.00,0.00
E0290,2026-05-04,40.00,2.25
E0001,2026-05-11,40.00,0.00
E0002,2026-05-11,40.00,0.00
E0003,2026-05-11,40.00,0.00
E0004,2026-05-11,40.00,0.00
E0005,2026-05-11,40.00,0.00
E0006,2026-05-11,40.00,0.00
E0007,2026-05-11,40.00,0.00
E0008,2026-05-11,40.00,0.00
E0009,2026-05-11,40.00,0.00
E0010,2026-05-11,24.00,0.00
E0011,2026-05-11,40.00,0.00
E0012,2026-05-11,40.00,2.50
E0013,2026-05-11,40.00,0.00
E0014,2026-05-11,40.00,0.00
E0015,2026-05-11,32.00,0.00
E0016,2026-05-11,40.00,0.00
E0017,2026-05-11,32.00,0.00
E0018,2026-05-11,32.00,0.00
E0019,2026-05-11,40.00,0.00
E0020,2026-05-11,40.00,0.00
E0021,2026-05-11,40.00,0.00
E0022,2026-05-11,40.00,0.00
E0023,2026-05-11,40.00,0.00
E0024,2026-05-11,32.00,0.00
E0025,2026-05-11,24.00,0.00
E0026,2026-05-11,40.00,0.00
E0027,2026-05-11,40.00,0.00
E0028,2026-05-11,40.00,0.00
E0029,2026-05-11,40.00,2.50
E0030,2026-05-11,40.00,0.00
E0031,2026-05-11,40.00,0.00
E0032,2026-05-11,40.00,0.00
E0033,2026-05-11,40.00,0.00
E0034,2026-05-11,40.00,0.00
E0035,2026-05-11,32.00,0.00
E0036,2026-05-11,40.00,0.00
E0037,2026-05-11,40.00,0.00
E0038,2026-05-11,40.00,0.00
E0039,2026-05-11,32.00,0.00
E0041,2026-05-11,40.00,0.00
E0042,2026-05-11,40.00,0.00
E0043,2026-05-11,24.00,0.00
E0044,2026-05-11,40.00,0.00
E0045,2026-05-11,40.00,0.00
E0046,2026-05-11,40.00,0.00
E0047,2026-05-11,40.00,0.00
E0048,2026-05-11,32.00,0.00
E0049,2026-05-11,40.00,0.00
E0050,2026-05-11,40.00,1.75
E0051,2026-05-11,40.00,0.00
E0052,2026-05-11,40.00,0.00
E0053,2026-05-11,40.00,0.00
E0054,2026-05-11,40.00,0.00
E0055,2026-05-11,40.00,0.00
E0056,2026-05-11,40.00,0.00
E0057,2026-05-11,40.00,2.00
E0058,2026-05-11,40.00,1.50
E0059,2026-05-11,40.00,0.00
E0060,2026-05-11,32.00,0.00
E0061,2026-05-11,40.00,0.00
E0062,2026-05-11,40.00,0.00
E0063,2026-05-11,24.00,0.00
E0065,2026-05-11,40.00,0.00
E0066,2026-05-11,40.00,0.00
E0067,2026-05-11,40.00,0.00
E0068,2026-05-11,40.00,0.00
E0069,2026-05-11,32.00,0.00
E0070,2026-05-11,32.00,0.00
E0071,2026-05-11,40.00,0.00
E0072,2026-05-11,40.00,0.00
E0073,2026-05-11,40.00,0.00
E0074,2026-05-11,40.00,0.00
E0075,2026-05-11,40.00,0.00
E0076,2026-05-11,40.00,0.00
E0077,2026-05-11,40.00,0.00
E0078,2026-05-11,40.00,0.00
E0079,2026-05-11,40.00,1.50
E0081,2026-05-11,40.00,0.00
E0082,2026-05-11,40.00,0.00
E0083,2026-05-11,40.00,0.00
E0084,2026-05-11,40.00,0.00
E0085,2026-05-11,40.00,0.00
E0086,2026-05-11,32.00,0.00
E0087,2026-05-11,32.00,0.00
E0088,2026-05-11,40.00,1.25
E0091,2026-05-11,32.00,0.00
E0092,2026-05-11,40.00,0.00
E0093,2026-05-11,40.00,0.00
E0095,2026-05-11,40.00,0.00
E0096,2026-05-11,40.00,0.00
E0097,2026-05-11,24.00,0.00
E0098,2026-05-11,40.00,0.00
E0099,2026-05-11,40.00,0.00
E0100,2026-05-11,40.00,0.00
E0101,2026-05-11,40.00,0.00
E0102,2026-05-11,40.00,0.00
E0104,2026-05-11,40.00,0.00
E0105,2026-05-11,40.00,0.00
E0106,2026-05-11,40.00,0.00
E0107,2026-05-11,40.00,0.00
E0108,2026-05-11,24.00,0.00
E0109,2026-05-11,40.00,3.50
E0111,2026-05-11,40.00,4.50
E0112,2026-05-11,40.00,0.00
E0113,2026-05-11,40.00,5.50
E0114,2026-05-11,40.00,0.00
E0115,2026-05-11,24.00,0.00
E0116,2026-05-11,24.00,4.00
E0118,2026-05-11,24.00,3.75
E0119,2026-05-11,40.00,4.25
E0120,2026-05-11,40.00,4.75
E0122,2026-05-11,40.00,6.50
E0123,2026-05-11,40.00,3.50
E0124,2026-05-11,40.00,0.00
E0125,2026-05-11,40.00,0.00
E0126,2026-05-11,40.00,5.00
E0128,2026-05-11,40.00,4.50
E0129,2026-05-11,40.00,0.00
E0132,2026-05-11,40.00,0.00
E0134,2026-05-11,40.00,0.50
E0135,2026-05-11,40.00,0.00
E0136,2026-05-11,40.00,0.00
E0137,2026-05-11,40.00,0.00
E0138,2026-05-11,40.00,0.00
E0139,2026-05-11,40.00,0.00
E0140,2026-05-11,40.00,0.00
E0141,2026-05-11,24.00,0.00
E0142,2026-05-11,40.00,0.00
E0143,2026-05-11,40.00,0.00
E0144,2026-05-11,40.00,0.00
E0145,2026-05-11,32.00,0.00
E0146,2026-05-11,24.00,0.00
E0147,2026-05-11,40.00,2.00
E0148,2026-05-11,40.00,0.00
E0149,2026-05-11,40.00,0.00
E0150,2026-05-11,16.00,0.00
E0151,2026-05-11,40.00,8.75
E0152,2026-05-11,40.00,0.00
E0153,2026-05-11,40.00,0.00
E0154,2026-05-11,40.00,0.00
E0155,2026-05-11,40.00,0.00
E0156,2026-05-11,40.00,3.25
E0157,2026-05-11,40.00,0.00
E0159,2026-05-11,40.00,1.25
E0160,2026-05-11,40.00,4.50
E0161,2026-05-11,40.00,0.00
E0162,2026-05-11,40.00,4.50
E0163,2026-05-11,40.00,3.00
E0164,2026-05-11,40.00,5.50
E0165,2026-05-11,32.00,0.00
E0166,2026-05-11,40.00,0.00
E0167,2026-05-11,40.00,0.00
E0169,2026-05-11,40.00,7.75
E0170,2026-05-11,40.00,8.50
E0171,2026-05-11,40.00,0.00
E0172,2026-05-11,40.00,5.50
E0173,2026-05-11,40.00,0.00
E0175,2026-05-11,40.00,0.00
E0176,2026-05-11,40.00,0.00
E0177,2026-05-11,24.00,13.25
E0178,2026-05-11,40.00,0.00
E0179,2026-05-11,24.00,0.00
E0180,2026-05-11,40.00,4.50
E0181,2026-05-11,40.00,7.00
E0182,2026-05-11,24.00,0.00
E0184,2026-05-11,40.00,7.25
E0186,2026-05-11,24.00,4.50
E0187,2026-05-11,24.00,0.00
E0188,2026-05-11,40.00,9.75
E0189,2026-05-11,40.00,0.00
E0190,2026-05-11,40.00,11.50
E0191,2026-05-11,40.00,6.75
E0192,2026-05-11,32.00,0.00
E0193,2026-05-11,40.00,7.75
E0194,2026-05-11,40.00,2.75
E0196,2026-05-11,40.00,0.00
E0197,2026-05-11,40.00,9.50
E0198,2026-05-11,40.00,0.00
E0199,2026-05-11,40.00,4.50
E0200,2026-05-11,40.00,0.00
E0202,2026-05-11,40.00,0.00
E0203,2026-05-11,32.00,0.00
E0204,2026-05-11,24.00,4.75
E0205,2026-05-11,40.00,8.25
E0206,2026-05-11,40.00,0.00
E0207,2026-05-11,40.00,8.50
E0209,2026-05-11,40.00,11.00
E0210,2026-05-11,40.00,5.75
E0211,2026-05-11,40.00,5.75
E0212,2026-05-11,40.00,5.75
E0214,2026-05-11,40.00,13.00
E0215,2026-05-11,24.00,0.00
E0216,2026-05-11,40.00,0.00
E0218,2026-05-11,40.00,7.75
E0219,2026-05-11,24.00,7.00
E0221,2026-05-11,40.00,0.00
E0222,2026-05-11,40.00,0.00
E0223,2026-05-11,32.00,0.00
E0224,2026-05-11,24.00,0.00
E0225,2026-05-11,32.00,0.00
E0226,2026-05-11,24.00,0.00
E0227,2026-05-11,16.00,0.00
E0228,2026-05-11,40.00,5.75
E0230,2026-05-11,40.00,8.75
E0232,2026-05-11,40.00,6.25
E0233,2026-05-11,32.00,0.00
E0234,2026-05-11,40.00,5.75
E0249,2026-05-11,32.00,0.00
E0250,2026-05-11,40.00,3.50
E0251,2026-05-11,40.00,0.00
E0252,2026-05-11,40.00,0.00
E0253,2026-05-11,40.00,0.00
E0254,2026-05-11,40.00,0.00
E0255,2026-05-11,32.00,0.00
E0256,2026-05-11,40.00,0.00
E0257,2026-05-11,40.00,8.00
E0259,2026-05-11,40.00,0.00
E0260,2026-05-11,40.00,0.00
E0261,2026-05-11,32.00,0.00
E0262,2026-05-11,40.00,2.00
E0263,2026-05-11,40.00,3.25
E0264,2026-05-11,40.00,0.00
E0265,2026-05-11,40.00,0.00
E0266,2026-05-11,40.00,7.00
E0267,2026-05-11,40.00,0.00
E0268,2026-05-11,24.00,0.00
E0269,2026-05-11,32.00,0.00
E0270,2026-05-11,40.00,2.25
E0272,2026-05-11,40.00,7.50
E0273,2026-05-11,40.00,8.25
E0274,2026-05-11,40.00,0.00
E0275,2026-05-11,40.00,0.00
E0276,2026-05-11,40.00,2.75
E0277,2026-05-11,40.00,0.00
E0278,2026-05-11,40.00,0.00
E0279,2026-05-11,32.00,0.00
E0280,2026-05-11,40.00,0.00
E0281,2026-05-11,40.00,0.00
E0282,2026-05-11,40.00,0.00
E0283,2026-05-11,40.00,0.00
E0284,2026-05-11,32.00,0.00
E0285,2026-05-11,40.00,0.00
E0286,2026-05-11,40.00,0.00
E0287,2026-05-11,24.00,2.50
E0289,2026-05-11,40.00,0.00
E0290,2026-05-11,40.00,1.50
E0001,2026-05-18,40.00,3.75
E0002,2026-05-18,40.00,0.00
E0003,2026-05-18,40.00,0.00
E0004,2026-05-18,40.00,0.00
E0005,2026-05-18,40.00,0.00
E0006,2026-05-18,40.00,0.00
E0007,2026-05-18,40.00,0.00
E0008,2026-05-18,40.00,0.00
E0009,2026-05-18,40.00,0.00
E0010,2026-05-18,40.00,1.00
E0011,2026-05-18,40.00,0.00
E0012,2026-05-18,40.00,2.00
E0013,2026-05-18,40.00,0.00
E0014,2026-05-18,40.00,0.00
E0015,2026-05-18,40.00,2.00
E0016,2026-05-18,40.00,0.00
E0017,2026-05-18,40.00,0.00
E0018,2026-05-18,40.00,0.00
E0019,2026-05-18,40.00,0.00
E0020,2026-05-18,40.00,0.00
E0021,2026-05-18,40.00,0.00
E0022,2026-05-18,40.00,0.00
E0023,2026-05-18,32.00,0.00
E0024,2026-05-18,40.00,0.00
E0025,2026-05-18,40.00,0.00
E0026,2026-05-18,40.00,0.00
E0027,2026-05-18,40.00,0.00
E0028,2026-05-18,40.00,0.00
E0029,2026-05-18,40.00,2.50
E0030,2026-05-18,24.00,0.00
E0031,2026-05-18,40.00,0.00
E0032,2026-05-18,40.00,0.00
E0033,2026-05-18,32.00,0.00
E0034,2026-05-18,40.00,0.00
E0035,2026-05-18,40.00,0.00
E0036,2026-05-18,40.00,0.00
E0037,2026-05-18,40.00,0.00
E0038,2026-05-18,40.00,0.00
E0039,2026-05-18,40.00,0.00
E0041,2026-05-18,40.00,0.00
E0042,2026-05-18,40.00,0.00
E0043,2026-05-18,40.00,0.00
E0044,2026-05-18,40.00,0.00
E0045,2026-05-18,40.00,0.00
E0046,2026-05-18,40.00,0.00
E0047,2026-05-18,40.00,0.00
E0048,2026-05-18,40.00,0.00
E0049,2026-05-18,40.00,0.00
E0050,2026-05-18,24.00,0.00
E0051,2026-05-18,40.00,0.00
E0052,2026-05-18,40.00,0.00
E0053,2026-05-18,40.00,0.00
E0054,2026-05-18,40.00,0.00
E0055,2026-05-18,40.00,0.00
E0056,2026-05-18,40.00,0.00
E0057,2026-05-18,40.00,0.00
E0058,2026-05-18,40.00,0.00
E0059,2026-05-18,40.00,0.00
E0060,2026-05-18,40.00,0.00
E0061,2026-05-18,40.00,0.00
E0063,2026-05-18,40.00,0.00
E0065,2026-05-18,40.00,0.00
E0066,2026-05-18,40.00,0.00
E0067,2026-05-18,40.00,0.00
E0068,2026-05-18,32.00,0.00
E0069,2026-05-18,40.00,0.00
E0070,2026-05-18,40.00,0.00
E0071,2026-05-18,40.00,0.00
E0072,2026-05-18,40.00,0.00
E0073,2026-05-18,40.00,0.00
E0074,2026-05-18,40.00,0.00
E0075,2026-05-18,40.00,0.00
E0076,2026-05-18,40.00,0.00
E0077,2026-05-18,40.00,0.00
E0078,2026-05-18,40.00,0.00
E0079,2026-05-18,40.00,0.00
E0081,2026-05-18,40.00,0.00
E0082,2026-05-18,40.00,0.00
E0083,2026-05-18,40.00,0.00
E0084,2026-05-18,40.00,0.00
E0085,2026-05-18,40.00,1.00
E0086,2026-05-18,40.00,0.00
E0087,2026-05-18,40.00,2.00
E0088,2026-05-18,40.00,1.00
E0091,2026-05-18,40.00,0.00
E0092,2026-05-18,40.00,0.00
E0093,2026-05-18,40.00,0.00
E0095,2026-05-18,40.00,0.00
E0096,2026-05-18,40.00,0.00
E0097,2026-05-18,40.00,0.00
E0098,2026-05-18,40.00,0.00
E0099,2026-05-18,40.00,0.00
E0100,2026-05-18,40.00,0.00
E0101,2026-05-18,40.00,1.25
E0104,2026-05-18,40.00,0.00
E0105,2026-05-18,40.00,0.00
E0106,2026-05-18,40.00,2.50
E0107,2026-05-18,40.00,4.00
E0108,2026-05-18,40.00,0.00
E0109,2026-05-18,40.00,5.50
E0111,2026-05-18,40.00,0.00
E0112,2026-05-18,40.00,0.00
E0113,2026-05-18,40.00,5.50
E0114,2026-05-18,40.00,4.75
E0115,2026-05-18,24.00,2.75
E0116,2026-05-18,24.00,3.50
E0118,2026-05-18,24.00,7.00
E0119,2026-05-18,32.00,0.00
E0120,2026-05-18,40.00,0.00
E0122,2026-05-18,32.00,0.00
E0123,2026-05-18,40.00,0.00
E0124,2026-05-18,40.00,0.00
E0125,2026-05-18,32.00,0.00
E0126,2026-05-18,40.00,5.50
E0128,2026-05-18,40.00,3.75
E0129,2026-05-18,40.00,0.00
E0132,2026-05-18,40.00,0.00
E0134,2026-05-18,40.00,2.75
E0135,2026-05-18,40.00,0.00
E0136,2026-05-18,40.00,0.00
E0137,2026-05-18,40.00,0.00
E0138,2026-05-18,40.00,0.00
E0139,2026-05-18,40.00,0.00
E0140,2026-05-18,40.00,0.00
E0141,2026-05-18,40.00,3.00
E0142,2026-05-18,24.00,0.00
E0143,2026-05-18,40.00,3.75
E0144,2026-05-18,40.00,0.00
E0145,2026-05-18,40.00,0.00
E0146,2026-05-18,40.00,0.00
E0147,2026-05-18,40.00,4.25
E0148,2026-05-18,40.00,0.00
E0149,2026-05-18,40.00,0.00
E0150,2026-05-18,24.00,4.50
E0151,2026-05-18,40.00,5.25
E0152,2026-05-18,40.00,5.75
E0153,2026-05-18,40.00,0.00
E0154,2026-05-18,40.00,0.00
E0155,2026-05-18,40.00,0.00
E0156,2026-05-18,40.00,4.75
E0157,2026-05-18,40.00,0.00
E0159,2026-05-18,24.00,0.00
E0160,2026-05-18,40.00,2.75
E0161,2026-05-18,40.00,7.00
E0162,2026-05-18,40.00,8.75
E0163,2026-05-18,40.00,0.00
E0164,2026-05-18,40.00,3.75
E0165,2026-05-18,40.00,0.00
E0166,2026-05-18,40.00,0.00
E0167,2026-05-18,24.00,0.00
E0169,2026-05-18,40.00,6.00
E0170,2026-05-18,24.00,0.00
E0171,2026-05-18,40.00,0.00
E0172,2026-05-18,40.00,0.00
E0173,2026-05-18,40.00,0.00
E0175,2026-05-18,40.00,11.75
E0176,2026-05-18,40.00,7.00
E0177,2026-05-18,24.00,2.25
E0178,2026-05-18,40.00,0.00
E0179,2026-05-18,40.00,3.75
E0180,2026-05-18,32.00,0.00
E0181,2026-05-18,24.00,0.00
E0182,2026-05-18,16.00,0.00
E0186,2026-05-18,24.00,5.00
E0187,2026-05-18,40.00,0.00
E0188,2026-05-18,40.00,0.00
E0189,2026-05-18,24.00,0.00
E0190,2026-05-18,40.00,10.50
E0191,2026-05-18,40.00,0.00
E0192,2026-05-18,40.00,0.00
E0193,2026-05-18,40.00,11.50
E0194,2026-05-18,40.00,0.00
E0196,2026-05-18,40.00,9.75
E0197,2026-05-18,40.00,2.75
E0198,2026-05-18,40.00,8.75
E0199,2026-05-18,40.00,12.00
E0200,2026-05-18,40.00,0.00
E0202,2026-05-18,40.00,8.50
E0203,2026-05-18,40.00,0.00
E0204,2026-05-18,16.00,0.00
E0205,2026-05-18,40.00,6.75
E0206,2026-05-18,40.00,0.00
E0207,2026-05-18,40.00,8.75
E0209,2026-05-18,40.00,8.00
E0210,2026-05-18,40.00,0.00
E0211,2026-05-18,40.00,0.00
E0212,2026-05-18,24.00,0.00
E0214,2026-05-18,40.00,8.75
E0215,2026-05-18,40.00,10.00
E0216,2026-05-18,40.00,9.00
E0218,2026-05-18,40.00,0.00
E0219,2026-05-18,24.00,0.00
E0221,2026-05-18,40.00,9.75
E0222,2026-05-18,40.00,3.75
E0223,2026-05-18,40.00,8.50
E0224,2026-05-18,40.00,7.50
E0225,2026-05-18,40.00,5.75
E0226,2026-05-18,24.00,3.50
E0227,2026-05-18,24.00,10.25
E0228,2026-05-18,40.00,5.75
E0230,2026-05-18,24.00,0.00
E0232,2026-05-18,40.00,0.00
E0233,2026-05-18,40.00,3.75
E0234,2026-05-18,40.00,0.00
E0249,2026-05-18,40.00,0.00
E0250,2026-05-18,40.00,7.00
E0251,2026-05-18,40.00,10.00
E0252,2026-05-18,40.00,0.00
E0253,2026-05-18,32.00,0.00
E0254,2026-05-18,40.00,0.00
E0255,2026-05-18,40.00,3.75
E0256,2026-05-18,40.00,0.00
E0257,2026-05-18,40.00,0.00
E0259,2026-05-18,40.00,0.00
E0260,2026-05-18,40.00,0.00
E0261,2026-05-18,40.00,0.00
E0262,2026-05-18,40.00,4.50
E0263,2026-05-18,40.00,0.00
E0264,2026-05-18,40.00,0.00
E0265,2026-05-18,24.00,0.00
E0266,2026-05-18,40.00,2.75
E0267,2026-05-18,40.00,0.00
E0268,2026-05-18,40.00,4.25
E0269,2026-05-18,40.00,3.50
E0270,2026-05-18,40.00,11.25
E0272,2026-05-18,40.00,5.25
E0273,2026-05-18,40.00,0.00
E0274,2026-05-18,24.00,0.00
E0275,2026-05-18,32.00,0.00
E0276,2026-05-18,40.00,4.75
E0277,2026-05-18,24.00,0.00
E0278,2026-05-18,24.00,0.00
E0279,2026-05-18,40.00,2.75
E0280,2026-05-18,40.00,0.00
E0281,2026-05-18,24.00,0.00
E0282,2026-05-18,40.00,0.00
E0284,2026-05-18,40.00,0.00
E0285,2026-05-18,40.00,0.00
E0286,2026-05-18,40.00,0.00
E0287,2026-05-18,24.00,0.00
E0289,2026-05-18,40.00,0.00
E0290,2026-05-18,40.00,0.00
E0001,2026-05-25,40.00,3.25
E0002,2026-05-25,40.00,0.00
E0003,2026-05-25,24.00,0.00
E0004,2026-05-25,40.00,0.00
E0005,2026-05-25,40.00,0.00
E0006,2026-05-25,40.00,0.00
E0007,2026-05-25,32.00,0.00
E0008,2026-05-25,40.00,0.00
E0009,2026-05-25,40.00,0.00
E0010,2026-05-25,40.00,2.25
E0011,2026-05-25,40.00,3.00
E0012,2026-05-25,40.00,0.75
E0013,2026-05-25,24.00,0.00
E0014,2026-05-25,40.00,0.00
E0015,2026-05-25,40.00,5.00
E0016,2026-05-25,40.00,0.00
E0017,2026-05-25,40.00,0.00
E0018,2026-05-25,40.00,0.00
E0019,2026-05-25,40.00,0.00
E0020,2026-05-25,40.00,0.00
E0021,2026-05-25,40.00,0.00
E0022,2026-05-25,40.00,0.00
E0023,2026-05-25,40.00,0.00
E0024,2026-05-25,24.00,0.00
E0025,2026-05-25,32.00,0.00
E0026,2026-05-25,40.00,0.00
E0027,2026-05-25,40.00,0.00
E0028,2026-05-25,40.00,0.00
E0029,2026-05-25,40.00,4.25
E0030,2026-05-25,40.00,0.00
E0031,2026-05-25,40.00,0.00
E0032,2026-05-25,40.00,0.00
E0033,2026-05-25,40.00,0.00
E0034,2026-05-25,40.00,0.00
E0035,2026-05-25,40.00,0.00
E0036,2026-05-25,40.00,0.00
E0037,2026-05-25,40.00,0.00
E0038,2026-05-25,40.00,0.00
E0039,2026-05-25,32.00,0.00
E0041,2026-05-25,40.00,0.00
E0042,2026-05-25,24.00,0.00
E0043,2026-05-25,40.00,0.00
E0044,2026-05-25,40.00,0.00
E0045,2026-05-25,40.00,0.00
E0046,2026-05-25,40.00,0.00
E0047,2026-05-25,40.00,0.00
E0048,2026-05-25,40.00,0.00
E0049,2026-05-25,40.00,0.00
E0050,2026-05-25,40.00,0.00
E0051,2026-05-25,40.00,0.00
E0052,2026-05-25,40.00,0.00
E0053,2026-05-25,40.00,0.00
E0054,2026-05-25,40.00,0.00
E0055,2026-05-25,40.00,0.00
E0056,2026-05-25,32.00,0.00
E0057,2026-05-25,32.00,0.00
E0058,2026-05-25,40.00,0.00
E0059,2026-05-25,40.00,0.00
E0060,2026-05-25,32.00,0.00
E0061,2026-05-25,40.00,0.00
E0063,2026-05-25,40.00,0.00
E0065,2026-05-25,40.00,0.00
E0066,2026-05-25,40.00,0.00
E0067,2026-05-25,40.00,0.00
E0068,2026-05-25,40.00,0.00
E0069,2026-05-25,24.00,0.00
E0070,2026-05-25,40.00,0.00
E0071,2026-05-25,40.00,0.00
E0072,2026-05-25,40.00,0.00
E0073,2026-05-25,40.00,0.00
E0074,2026-05-25,40.00,0.00
E0075,2026-05-25,40.00,0.00
E0076,2026-05-25,40.00,0.00
E0077,2026-05-25,40.00,0.00
E0078,2026-05-25,40.00,0.00
E0079,2026-05-25,40.00,0.50
E0081,2026-05-25,40.00,0.00
E0082,2026-05-25,40.00,0.00
E0083,2026-05-25,40.00,0.00
E0084,2026-05-25,32.00,0.00
E0085,2026-05-25,40.00,2.00
E0086,2026-05-25,40.00,0.00
E0087,2026-05-25,40.00,1.00
E0088,2026-05-25,32.00,0.00
E0091,2026-05-25,40.00,0.00
E0092,2026-05-25,40.00,0.00
E0093,2026-05-25,40.00,0.00
E0095,2026-05-25,40.00,0.00
E0096,2026-05-25,40.00,0.00
E0097,2026-05-25,40.00,0.00
E0098,2026-05-25,24.00,0.00
E0099,2026-05-25,40.00,0.00
E0100,2026-05-25,40.00,0.00
E0101,2026-05-25,40.00,0.75
E0104,2026-05-25,40.00,0.00
E0105,2026-05-25,40.00,0.00
E0106,2026-05-25,40.00,0.75
E0107,2026-05-25,40.00,0.00
E0108,2026-05-25,40.00,5.25
E0109,2026-05-25,40.00,0.00
E0111,2026-05-25,40.00,0.00
E0112,2026-05-25,24.00,0.00
E0113,2026-05-25,40.00,0.00
E0114,2026-05-25,32.00,0.00
E0115,2026-05-25,24.00,4.75
E0116,2026-05-25,24.00,3.00
E0118,2026-05-25,24.00,0.00
E0119,2026-05-25,40.00,3.75
E0120,2026-05-25,40.00,0.00
E0122,2026-05-25,40.00,2.75
E0123,2026-05-25,40.00,4.50
E0124,2026-05-25,40.00,0.00
E0125,2026-05-25,40.00,5.50
E0126,2026-05-25,40.00,0.00
E0128,2026-05-25,40.00,4.50
E0129,2026-05-25,40.00,0.00
E0132,2026-05-25,40.00,0.00
E0134,2026-05-25,40.00,4.50
E0135,2026-05-25,40.00,0.00
E0136,2026-05-25,40.00,0.00
E0137,2026-05-25,40.00,0.00
E0138,2026-05-25,40.00,0.00
E0139,2026-05-25,40.00,0.00
E0140,2026-05-25,40.00,0.00
E0141,2026-05-25,40.00,0.00
E0142,2026-05-25,40.00,1.75
E0143,2026-05-25,40.00,2.75
E0144,2026-05-25,40.00,0.00
E0145,2026-05-25,40.00,0.00
E0146,2026-05-25,40.00,0.00
E0147,2026-05-25,40.00,2.75
E0148,2026-05-25,40.00,0.00
E0149,2026-05-25,40.00,0.00
E0150,2026-05-25,24.00,3.00
E0151,2026-05-25,24.00,0.00
E0152,2026-05-25,40.00,6.75
E0153,2026-05-25,40.00,0.00
E0154,2026-05-25,40.00,3.25
E0155,2026-05-25,40.00,0.00
E0156,2026-05-25,40.00,0.00
E0157,2026-05-25,40.00,0.00
E0159,2026-05-25,40.00,0.00
E0160,2026-05-25,40.00,2.50
E0161,2026-05-25,40.00,0.00
E0162,2026-05-25,32.00,0.00
E0163,2026-05-25,40.00,8.00
E0164,2026-05-25,40.00,0.00
E0165,2026-05-25,40.00,0.00
E0166,2026-05-25,40.00,0.00
E0167,2026-05-25,40.00,0.00
E0169,2026-05-25,40.00,10.00
E0170,2026-05-25,40.00,0.25
E0171,2026-05-25,40.00,0.00
E0172,2026-05-25,32.00,0.00
E0173,2026-05-25,40.00,7.00
E0175,2026-05-25,40.00,5.75
E0176,2026-05-25,40.00,3.00
E0177,2026-05-25,24.00,4.50
E0178,2026-05-25,40.00,0.00
E0179,2026-05-25,40.00,6.00
E0180,2026-05-25,40.00,2.75
E0181,2026-05-25,40.00,9.75
E0182,2026-05-25,24.00,8.75
E0186,2026-05-25,24.00,0.00
E0187,2026-05-25,32.00,0.00
E0188,2026-05-25,40.00,7.75
E0189,2026-05-25,40.00,3.00
E0190,2026-05-25,40.00,9.00
E0191,2026-05-25,40.00,8.75
E0192,2026-05-25,40.00,11.50
E0193,2026-05-25,40.00,5.50
E0194,2026-05-25,40.00,0.00
E0196,2026-05-25,40.00,4.50
E0197,2026-05-25,24.00,0.00
E0198,2026-05-25,40.00,3.75
E0199,2026-05-25,40.00,0.00
E0200,2026-05-25,32.00,0.00
E0202,2026-05-25,40.00,0.00
E0203,2026-05-25,40.00,0.00
E0204,2026-05-25,24.00,6.75
E0205,2026-05-25,40.00,0.00
E0206,2026-05-25,40.00,5.50
E0207,2026-05-25,40.00,0.00
E0209,2026-05-25,40.00,12.75
E0210,2026-05-25,24.00,0.00
E0211,2026-05-25,40.00,0.00
E0212,2026-05-25,40.00,0.00
E0214,2026-05-25,40.00,5.25
E0215,2026-05-25,40.00,0.00
E0216,2026-05-25,40.00,7.25
E0218,2026-05-25,32.00,0.00
E0219,2026-05-25,24.00,3.75
E0221,2026-05-25,40.00,0.00
E0222,2026-05-25,40.00,3.00
E0223,2026-05-25,40.00,4.00
E0224,2026-05-25,40.00,0.00
E0225,2026-05-25,40.00,7.00
E0226,2026-05-25,8.00,0.00
E0227,2026-05-25,24.00,1.75
E0228,2026-05-25,40.00,8.25
E0230,2026-05-25,40.00,10.00
E0232,2026-05-25,40.00,4.25
E0233,2026-05-25,40.00,0.00
E0234,2026-05-25,40.00,6.00
E0249,2026-05-25,40.00,0.00
E0250,2026-05-25,40.00,0.00
E0251,2026-05-25,40.00,0.00
E0252,2026-05-25,24.00,0.00
E0253,2026-05-25,40.00,0.00
E0255,2026-05-25,40.00,5.00
E0256,2026-05-25,40.00,5.50
E0257,2026-05-25,40.00,0.00
E0259,2026-05-25,40.00,0.00
E0260,2026-05-25,40.00,0.00
E0261,2026-05-25,40.00,0.00
E0262,2026-05-25,40.00,3.25
E0263,2026-05-25,40.00,7.75
E0264,2026-05-25,40.00,0.00
E0265,2026-05-25,40.00,0.00
E0266,2026-05-25,32.00,0.00
E0267,2026-05-25,40.00,0.00
E0268,2026-05-25,40.00,3.75
E0269,2026-05-25,32.00,0.00
E0270,2026-05-25,40.00,2.00
E0272,2026-05-25,40.00,4.75
E0273,2026-05-25,40.00,6.00
E0274,2026-05-25,40.00,0.00
E0275,2026-05-25,40.00,0.00
E0276,2026-05-25,40.00,5.00
E0277,2026-05-25,40.00,3.25
E0278,2026-05-25,40.00,0.00
E0279,2026-05-25,40.00,0.00
E0280,2026-05-25,40.00,0.00
E0281,2026-05-25,32.00,0.00
E0282,2026-05-25,40.00,0.00
E0284,2026-05-25,40.00,0.00
E0285,2026-05-25,40.00,0.00
E0286,2026-05-25,40.00,0.00
E0287,2026-05-25,24.00,2.75
E0288,2026-05-25,40.00,6.75
E0289,2026-05-25,40.00,0.00
E0290,2026-05-25,24.00,0.00
E0001,2026-06-01,40.00,0.00
E0002,2026-06-01,32.00,0.00
E0003,2026-06-01,40.00,0.00
E0004,2026-06-01,40.00,0.00
E0005,2026-06-01,40.00,0.00
E0006,2026-06-01,40.00,0.00
E0007,2026-06-01,40.00,0.00
E0008,2026-06-01,40.00,0.00
E0009,2026-06-01,40.00,0.00
E0010,2026-06-01,40.00,3.75
E0011,2026-06-01,24.00,0.00
E0012,2026-06-01,40.00,0.00
E0013,2026-06-01,40.00,0.00
E0014,2026-06-01,40.00,0.00
E0015,2026-06-01,40.00,0.50
E0016,2026-06-01,40.00,0.00
E0017,2026-06-01,40.00,0.00
E0018,2026-06-01,40.00,0.00
E0019,2026-06-01,40.00,0.00
E0020,2026-06-01,32.00,0.00
E0021,2026-06-01,40.00,0.00
E0022,2026-06-01,40.00,0.00
E0023,2026-06-01,40.00,0.00
E0024,2026-06-01,40.00,0.00
E0025,2026-06-01,32.00,0.00
E0026,2026-06-01,40.00,0.00
E0027,2026-06-01,40.00,0.00
E0028,2026-06-01,40.00,0.00
E0029,2026-06-01,40.00,2.75
E0030,2026-06-01,40.00,0.00
E0031,2026-06-01,40.00,0.00
E0032,2026-06-01,40.00,0.00
E0033,2026-06-01,40.00,0.00
E0034,2026-06-01,40.00,0.00
E0035,2026-06-01,40.00,0.00
E0036,2026-06-01,40.00,0.00
E0037,2026-06-01,32.00,0.00
E0038,2026-06-01,40.00,0.00
E0039,2026-06-01,40.00,0.00
E0041,2026-06-01,40.00,0.00
E0042,2026-06-01,40.00,0.00
E0043,2026-06-01,32.00,0.00
E0044,2026-06-01,24.00,0.00
E0045,2026-06-01,40.00,0.00
E0046,2026-06-01,40.00,0.00
E0047,2026-06-01,40.00,0.00
E0048,2026-06-01,40.00,0.00
E0049,2026-06-01,40.00,0.00
E0050,2026-06-01,40.00,4.50
E0051,2026-06-01,40.00,0.00
E0052,2026-06-01,32.00,0.00
E0053,2026-06-01,40.00,0.00
E0054,2026-06-01,40.00,0.00
E0055,2026-06-01,40.00,0.00
E0056,2026-06-01,40.00,0.00
E0057,2026-06-01,40.00,1.50
E0058,2026-06-01,40.00,1.75
E0059,2026-06-01,40.00,0.00
E0060,2026-06-01,40.00,0.00
E0061,2026-06-01,40.00,0.00
E0063,2026-06-01,40.00,0.00
E0065,2026-06-01,40.00,0.00
E0066,2026-06-01,40.00,0.00
E0067,2026-06-01,40.00,0.00
E0068,2026-06-01,40.00,0.00
E0069,2026-06-01,40.00,0.00
E0070,2026-06-01,40.00,0.00
E0071,2026-06-01,40.00,0.00
E0072,2026-06-01,40.00,0.00
E0073,2026-06-01,40.00,0.00
E0074,2026-06-01,32.00,0.00
E0075,2026-06-01,24.00,0.00
E0076,2026-06-01,40.00,0.00
E0077,2026-06-01,40.00,0.00
E0078,2026-06-01,40.00,0.00
E0079,2026-06-01,40.00,1.50
E0081,2026-06-01,32.00,0.00
E0082,2026-06-01,40.00,0.00
E0083,2026-06-01,24.00,0.00
E0084,2026-06-01,24.00,0.00
E0085,2026-06-01,32.00,0.00
E0086,2026-06-01,40.00,0.75
E0087,2026-06-01,24.00,0.00
E0088,2026-06-01,40.00,1.50
E0091,2026-06-01,40.00,0.00
E0092,2026-06-01,40.00,0.00
E0093,2026-06-01,32.00,0.00
E0095,2026-06-01,32.00,0.00
E0096,2026-06-01,40.00,0.00
E0097,2026-06-01,40.00,0.00
E0098,2026-06-01,40.00,0.00
E0099,2026-06-01,40.00,0.00
E0100,2026-06-01,40.00,0.00
E0101,2026-06-01,32.00,0.00
E0104,2026-06-01,40.00,0.00
E0105,2026-06-01,40.00,0.00
E0106,2026-06-01,40.00,1.50
E0107,2026-06-01,24.00,0.00
E0108,2026-06-01,40.00,3.75
E0109,2026-06-01,40.00,0.00
E0111,2026-06-01,40.00,4.75
E0112,2026-06-01,40.00,0.00
E0113,2026-06-01,40.00,0.00
E0114,2026-06-01,40.00,6.00
E0115,2026-06-01,24.00,4.25
E0116,2026-06-01,24.00,3.25
E0118,2026-06-01,24.00,3.75
E0119,2026-06-01,40.00,7.00
E0120,2026-06-01,40.00,4.75
E0122,2026-06-01,40.00,0.00
E0123,2026-06-01,40.00,3.00
E0124,2026-06-01,40.00,0.00
E0125,2026-06-01,40.00,3.75
E0126,2026-06-01,40.00,6.50
E0128,2026-06-01,40.00,0.00
E0129,2026-06-01,32.00,0.00
E0132,2026-06-01,40.00,2.75
E0134,2026-06-01,40.00,8.50
E0135,2026-06-01,40.00,0.00
E0136,2026-06-01,40.00,0.00
E0137,2026-06-01,40.00,0.00
E0138,2026-06-01,40.00,0.00
E0139,2026-06-01,40.00,0.00
E0140,2026-06-01,40.00,0.00
E0141,2026-06-01,40.00,0.00
E0142,2026-06-01,40.00,7.75
E0143,2026-06-01,40.00,6.75
E0144,2026-06-01,40.00,0.00
E0145,2026-06-01,40.00,0.00
E0146,2026-06-01,40.00,0.00
E0147,2026-06-01,40.00,6.50
E0148,2026-06-01,40.00,0.00
E0149,2026-06-01,40.00,0.00
E0150,2026-06-01,24.00,2.75
E0151,2026-06-01,40.00,5.75
E0152,2026-06-01,40.00,5.75
E0153,2026-06-01,40.00,0.00
E0154,2026-06-01,40.00,0.00
E0155,2026-06-01,24.00,0.00
E0156,2026-06-01,40.00,2.00
E0157,2026-06-01,40.00,0.00
E0159,2026-06-01,40.00,6.50
E0160,2026-06-01,40.00,6.00
E0161,2026-06-01,32.00,0.00
E0162,2026-06-01,32.00,0.00
E0163,2026-06-01,32.00,0.00
E0164,2026-06-01,40.00,5.50
E0165,2026-06-01,40.00,0.00
E0167,2026-06-01,40.00,2.00
E0169,2026-06-01,40.00,0.50
E0170,2026-06-01,40.00,4.50
E0171,2026-06-01,40.00,9.25
E0172,2026-06-01,40.00,0.00
E0173,2026-06-01,40.00,11.50
E0175,2026-06-01,40.00,13.75
E0176,2026-06-01,40.00,0.00
E0177,2026-06-01,24.00,7.00
E0178,2026-06-01,40.00,0.00
E0179,2026-06-01,40.00,2.50
E0180,2026-06-01,40.00,6.25
E0181,2026-06-01,40.00,1.75
E0182,2026-06-01,24.00,7.25
E0186,2026-06-01,24.00,6.50
E0187,2026-06-01,40.00,5.00
E0188,2026-06-01,40.00,0.00
E0189,2026-06-01,40.00,7.50
E0190,2026-06-01,40.00,0.00
E0191,2026-06-01,40.00,6.50
E0192,2026-06-01,40.00,0.00
E0193,2026-06-01,40.00,5.50
E0194,2026-06-01,40.00,3.75
E0196,2026-06-01,40.00,0.00
E0197,2026-06-01,40.00,7.75
E0198,2026-06-01,32.00,0.00
E0199,2026-06-01,40.00,0.00
E0200,2026-06-01,40.00,0.00
E0202,2026-06-01,40.00,5.50
E0203,2026-06-01,40.00,13.25
E0204,2026-06-01,24.00,5.75
E0205,2026-06-01,40.00,4.50
E0206,2026-06-01,40.00,2.75
E0207,2026-06-01,40.00,0.00
E0209,2026-06-01,40.00,8.75
E0210,2026-06-01,32.00,0.00
E0211,2026-06-01,40.00,0.00
E0212,2026-06-01,40.00,4.75
E0214,2026-06-01,40.00,8.75
E0215,2026-06-01,40.00,14.25
E0216,2026-06-01,32.00,0.00
E0218,2026-06-01,40.00,7.00
E0219,2026-06-01,24.00,0.00
E0221,2026-06-01,40.00,6.00
E0222,2026-06-01,40.00,4.25
E0223,2026-06-01,40.00,0.00
E0224,2026-06-01,40.00,7.50
E0225,2026-06-01,40.00,8.25
E0226,2026-06-01,24.00,0.00
E0227,2026-06-01,24.00,4.50
E0228,2026-06-01,40.00,3.25
E0230,2026-06-01,40.00,7.75
E0232,2026-06-01,24.00,0.00
E0233,2026-06-01,40.00,0.00
E0234,2026-06-01,40.00,0.00
E0249,2026-06-01,40.00,0.00
E0250,2026-06-01,40.00,2.25
E0251,2026-06-01,40.00,5.50
E0252,2026-06-01,40.00,0.00
E0253,2026-06-01,40.00,0.00
E0255,2026-06-01,40.00,0.00
E0256,2026-06-01,40.00,0.00
E0257,2026-06-01,32.00,0.00
E0259,2026-06-01,32.00,0.00
E0260,2026-06-01,32.00,0.00
E0261,2026-06-01,40.00,0.00
E0262,2026-06-01,24.00,0.00
E0263,2026-06-01,40.00,2.00
E0264,2026-06-01,32.00,0.00
E0265,2026-06-01,40.00,0.00
E0266,2026-06-01,40.00,4.50
E0267,2026-06-01,40.00,0.00
E0268,2026-06-01,32.00,0.00
E0269,2026-06-01,40.00,0.50
E0270,2026-06-01,40.00,8.75
E0272,2026-06-01,40.00,7.75
E0273,2026-06-01,40.00,7.00
E0274,2026-06-01,40.00,0.00
E0275,2026-06-01,40.00,0.00
E0276,2026-06-01,40.00,0.00
E0277,2026-06-01,32.00,0.00
E0278,2026-06-01,32.00,0.00
E0279,2026-06-01,40.00,0.00
E0280,2026-06-01,40.00,0.00
E0281,2026-06-01,40.00,0.00
E0282,2026-06-01,40.00,0.00
E0284,2026-06-01,40.00,0.00
E0285,2026-06-01,40.00,0.00
E0286,2026-06-01,40.00,0.00
E0287,2026-06-01,8.00,0.00
E0288,2026-06-01,40.00,0.00
E0289,2026-06-01,40.00,0.00
E0290,2026-06-01,40.00,1.50
E0291,2026-06-01,40.00,5.00
E0001,2026-06-08,40.00,0.00
E0002,2026-06-08,40.00,0.00
E0003,2026-06-08,40.00,0.00
E0004,2026-06-08,40.00,0.00
E0006,2026-06-08,40.00,0.00
E0007,2026-06-08,40.00,0.00
E0008,2026-06-08,24.00,0.00
E0009,2026-06-08,40.00,0.00
E0010,2026-06-08,40.00,3.50
E0011,2026-06-08,40.00,0.00
E0012,2026-06-08,40.00,1.75
E0013,2026-06-08,24.00,0.00
E0014,2026-06-08,40.00,0.00
E0015,2026-06-08,24.00,0.00
E0016,2026-06-08,40.00,0.00
E0017,2026-06-08,40.00,0.00
E0018,2026-06-08,24.00,0.00
E0019,2026-06-08,40.00,0.00
E0020,2026-06-08,40.00,0.00
E0021,2026-06-08,40.00,0.00
E0022,2026-06-08,24.00,0.00
E0023,2026-06-08,40.00,0.00
E0024,2026-06-08,40.00,0.00
E0025,2026-06-08,40.00,0.00
E0026,2026-06-08,40.00,0.00
E0027,2026-06-08,32.00,0.00
E0028,2026-06-08,40.00,0.00
E0029,2026-06-08,40.00,4.50
E0030,2026-06-08,40.00,0.00
E0031,2026-06-08,40.00,0.00
E0032,2026-06-08,40.00,0.00
E0033,2026-06-08,32.00,0.00
E0034,2026-06-08,40.00,0.00
E0035,2026-06-08,40.00,0.00
E0036,2026-06-08,40.00,0.00
E0037,2026-06-08,40.00,0.00
E0038,2026-06-08,40.00,0.00
E0039,2026-06-08,40.00,0.00
E0041,2026-06-08,40.00,0.00
E0042,2026-06-08,40.00,0.00
E0043,2026-06-08,40.00,0.00
E0044,2026-06-08,40.00,0.00
E0045,2026-06-08,40.00,0.00
E0046,2026-06-08,40.00,0.00
E0047,2026-06-08,40.00,0.00
E0048,2026-06-08,40.00,0.00
E0049,2026-06-08,40.00,0.00
E0050,2026-06-08,40.00,0.00
E0051,2026-06-08,40.00,0.00
E0052,2026-06-08,40.00,0.00
E0053,2026-06-08,40.00,0.00
E0054,2026-06-08,40.00,0.00
E0055,2026-06-08,40.00,0.00
E0056,2026-06-08,40.00,0.00
E0057,2026-06-08,40.00,0.00
E0058,2026-06-08,40.00,3.00
E0059,2026-06-08,40.00,0.00
E0060,2026-06-08,40.00,0.00
E0061,2026-06-08,24.00,0.00
E0063,2026-06-08,40.00,0.00
E0065,2026-06-08,40.00,0.00
E0066,2026-06-08,32.00,0.00
E0067,2026-06-08,40.00,0.00
E0068,2026-06-08,32.00,0.00
E0069,2026-06-08,40.00,0.00
E0070,2026-06-08,40.00,0.00
E0071,2026-06-08,40.00,0.00
E0072,2026-06-08,40.00,0.00
E0073,2026-06-08,40.00,0.00
E0074,2026-06-08,40.00,0.00
E0075,2026-06-08,32.00,0.00
E0076,2026-06-08,40.00,0.00
E0077,2026-06-08,40.00,0.00
E0078,2026-06-08,40.00,0.00
E0079,2026-06-08,40.00,0.00
E0081,2026-06-08,40.00,0.00
E0082,2026-06-08,40.00,0.00
E0083,2026-06-08,40.00,0.00
E0084,2026-06-08,40.00,0.00
E0085,2026-06-08,40.00,0.00
E0086,2026-06-08,40.00,0.00
E0087,2026-06-08,40.00,1.25
E0088,2026-06-08,40.00,1.00
E0091,2026-06-08,40.00,0.00
E0092,2026-06-08,40.00,0.00
E0093,2026-06-08,40.00,0.00
E0095,2026-06-08,40.00,0.00
E0096,2026-06-08,40.00,0.00
E0097,2026-06-08,40.00,0.00
E0098,2026-06-08,40.00,0.00
E0099,2026-06-08,40.00,0.00
E0100,2026-06-08,40.00,0.00
E0101,2026-06-08,40.00,0.75
E0104,2026-06-08,40.00,0.00
E0105,2026-06-08,40.00,0.00
E0106,2026-06-08,40.00,1.75
E0107,2026-06-08,40.00,6.25
E0108,2026-06-08,40.00,0.00
E0109,2026-06-08,40.00,2.75
E0111,2026-06-08,40.00,0.00
E0112,2026-06-08,40.00,2.00
E0113,2026-06-08,24.00,0.00
E0114,2026-06-08,40.00,2.25
E0115,2026-06-08,24.00,1.25
E0116,2026-06-08,24.00,6.50
E0118,2026-06-08,24.00,6.25
E0119,2026-06-08,40.00,0.00
E0120,2026-06-08,40.00,2.25
E0122,2026-06-08,40.00,0.25
E0123,2026-06-08,40.00,0.00
E0124,2026-06-08,40.00,4.25
E0125,2026-06-08,40.00,3.00
E0126,2026-06-08,40.00,6.75
E0128,2026-06-08,40.00,0.00
E0129,2026-06-08,40.00,0.00
E0132,2026-06-08,40.00,4.25
E0134,2026-06-08,40.00,0.00
E0135,2026-06-08,40.00,0.00
E0136,2026-06-08,40.00,0.00
E0137,2026-06-08,40.00,0.00
E0138,2026-06-08,40.00,0.00
E0139,2026-06-08,40.00,0.00
E0140,2026-06-08,40.00,0.00
E0141,2026-06-08,40.00,3.00
E0142,2026-06-08,40.00,0.00
E0143,2026-06-08,40.00,0.00
E0144,2026-06-08,40.00,0.00
E0145,2026-06-08,40.00,0.00
E0146,2026-06-08,40.00,0.00
E0147,2026-06-08,40.00,0.00
E0148,2026-06-08,40.00,0.00
E0149,2026-06-08,40.00,0.00
E0150,2026-06-08,24.00,0.00
E0151,2026-06-08,24.00,0.00
E0152,2026-06-08,40.00,2.50
E0153,2026-06-08,40.00,0.00
E0154,2026-06-08,40.00,0.00
E0155,2026-06-08,40.00,0.00
E0156,2026-06-08,40.00,5.25
E0157,2026-06-08,40.00,0.00
E0159,2026-06-08,40.00,4.25
E0160,2026-06-08,40.00,0.00
E0161,2026-06-08,40.00,4.25
E0162,2026-06-08,32.00,0.00
E0163,2026-06-08,40.00,6.25
E0164,2026-06-08,40.00,0.50
E0165,2026-06-08,40.00,6.50
E0167,2026-06-08,32.00,0.00
E0169,2026-06-08,40.00,0.00
E0170,2026-06-08,40.00,2.75
E0171,2026-06-08,40.00,0.00
E0172,2026-06-08,32.00,0.00
E0173,2026-06-08,40.00,12.25
E0175,2026-06-08,40.00,6.25
E0176,2026-06-08,32.00,0.00
E0177,2026-06-08,24.00,5.75
E0178,2026-06-08,40.00,0.00
E0179,2026-06-08,40.00,8.00
E0180,2026-06-08,40.00,3.75
E0181,2026-06-08,32.00,0.00
E0182,2026-06-08,24.00,0.00
E0186,2026-06-08,24.00,9.00
E0187,2026-06-08,40.00,0.00
E0188,2026-06-08,40.00,3.75
E0189,2026-06-08,40.00,3.25
E0190,2026-06-08,40.00,0.00
E0191,2026-06-08,40.00,7.25
E0192,2026-06-08,40.00,7.25
E0193,2026-06-08,24.00,0.00
E0194,2026-06-08,40.00,5.25
E0196,2026-06-08,24.00,0.00
E0197,2026-06-08,40.00,0.00
E0198,2026-06-08,40.00,0.00
E0199,2026-06-08,40.00,9.00
E0200,2026-06-08,40.00,0.00
E0202,2026-06-08,40.00,7.25
E0203,2026-06-08,40.00,5.75
E0204,2026-06-08,24.00,6.50
E0205,2026-06-08,40.00,6.50
E0206,2026-06-08,40.00,0.00
E0207,2026-06-08,40.00,1.25
E0209,2026-06-08,40.00,0.00
E0210,2026-06-08,40.00,8.25
E0211,2026-06-08,40.00,0.00
E0212,2026-06-08,40.00,8.00
E0214,2026-06-08,40.00,0.00
E0215,2026-06-08,40.00,0.00
E0216,2026-06-08,40.00,0.00
E0218,2026-06-08,40.00,8.25
E0219,2026-06-08,24.00,5.25
E0221,2026-06-08,40.00,0.00
E0222,2026-06-08,40.00,5.00
E0223,2026-06-08,40.00,6.75
E0224,2026-06-08,40.00,0.00
E0225,2026-06-08,40.00,0.00
E0226,2026-06-08,24.00,0.00
E0227,2026-06-08,24.00,5.50
E0228,2026-06-08,32.00,0.00
E0230,2026-06-08,40.00,2.50
E0232,2026-06-08,40.00,4.00
E0233,2026-06-08,40.00,7.25
E0234,2026-06-08,40.00,0.00
E0249,2026-06-08,32.00,0.00
E0250,2026-06-08,40.00,0.00
E0251,2026-06-08,40.00,8.50
E0252,2026-06-08,40.00,0.00
E0253,2026-06-08,40.00,0.00
E0255,2026-06-08,40.00,5.00
E0256,2026-06-08,40.00,7.25
E0257,2026-06-08,24.00,0.00
E0259,2026-06-08,40.00,0.00
E0260,2026-06-08,32.00,0.00
E0261,2026-06-08,40.00,0.00
E0262,2026-06-08,40.00,0.00
E0263,2026-06-08,32.00,0.00
E0264,2026-06-08,40.00,0.00
E0265,2026-06-08,40.00,0.00
E0266,2026-06-08,32.00,0.00
E0267,2026-06-08,40.00,0.00
E0268,2026-06-08,40.00,4.00
E0269,2026-06-08,40.00,5.25
E0270,2026-06-08,40.00,0.00
E0272,2026-06-08,40.00,2.25
E0273,2026-06-08,40.00,0.00
E0274,2026-06-08,40.00,0.00
E0275,2026-06-08,40.00,0.00
E0276,2026-06-08,40.00,3.50
E0277,2026-06-08,40.00,1.00
E0278,2026-06-08,40.00,0.00
E0279,2026-06-08,40.00,0.00
E0280,2026-06-08,40.00,0.00
E0281,2026-06-08,40.00,0.00
E0282,2026-06-08,40.00,0.00
E0284,2026-06-08,40.00,0.00
E0285,2026-06-08,40.00,0.00
E0286,2026-06-08,40.00,0.00
E0287,2026-06-08,24.00,2.75
E0288,2026-06-08,40.00,0.00
E0289,2026-06-08,32.00,0.00
E0290,2026-06-08,40.00,0.00
E0291,2026-06-08,40.00,0.00
E0292,2026-06-08,24.00,0.00
E0297,2026-06-08,40.00,0.00
E0001,2026-06-15,40.00,2.25
E0002,2026-06-15,40.00,0.00
E0003,2026-06-15,40.00,0.00
E0004,2026-06-15,40.00,0.00
E0006,2026-06-15,40.00,0.00
E0007,2026-06-15,40.00,0.00
E0008,2026-06-15,40.00,0.00
E0009,2026-06-15,40.00,0.00
E0010,2026-06-15,40.00,4.25
E0011,2026-06-15,40.00,3.75
E0012,2026-06-15,32.00,0.00
E0013,2026-06-15,40.00,0.00
E0014,2026-06-15,40.00,0.00
E0015,2026-06-15,40.00,1.00
E0016,2026-06-15,40.00,0.00
E0017,2026-06-15,24.00,0.00
E0018,2026-06-15,40.00,0.00
E0019,2026-06-15,40.00,0.00
E0020,2026-06-15,40.00,0.00
E0021,2026-06-15,24.00,0.00
E0022,2026-06-15,32.00,0.00
E0023,2026-06-15,40.00,0.00
E0024,2026-06-15,40.00,0.00
E0025,2026-06-15,40.00,0.00
E0026,2026-06-15,40.00,0.00
E0027,2026-06-15,40.00,0.00
E0028,2026-06-15,40.00,0.00
E0029,2026-06-15,40.00,0.00
E0030,2026-06-15,40.00,0.00
E0031,2026-06-15,40.00,0.00
E0032,2026-06-15,40.00,0.00
E0033,2026-06-15,40.00,0.00
E0034,2026-06-15,40.00,0.00
E0035,2026-06-15,24.00,0.00
E0036,2026-06-15,32.00,0.00
E0037,2026-06-15,40.00,0.00
E0038,2026-06-15,40.00,0.00
E0039,2026-06-15,32.00,0.00
E0041,2026-06-15,40.00,0.00
E0042,2026-06-15,40.00,0.00
E0043,2026-06-15,40.00,0.00
E0044,2026-06-15,40.00,0.00
E0045,2026-06-15,40.00,0.00
E0046,2026-06-15,40.00,0.00
E0047,2026-06-15,40.00,0.00
E0048,2026-06-15,24.00,0.00
E0049,2026-06-15,32.00,0.00
E0050,2026-06-15,40.00,2.50
E0051,2026-06-15,32.00,0.00
E0052,2026-06-15,40.00,0.00
E0053,2026-06-15,40.00,0.00
E0054,2026-06-15,40.00,0.00
E0055,2026-06-15,40.00,0.00
E0056,2026-06-15,40.00,0.00
E0057,2026-06-15,40.00,0.00
E0058,2026-06-15,40.00,0.00
E0059,2026-06-15,40.00,0.00
E0060,2026-06-15,40.00,0.00
E0061,2026-06-15,40.00,2.75
E0063,2026-06-15,40.00,0.00
E0065,2026-06-15,40.00,0.00
E0066,2026-06-15,40.00,0.00
E0067,2026-06-15,40.00,0.00
E0068,2026-06-15,40.00,0.00
E0069,2026-06-15,40.00,0.00
E0070,2026-06-15,40.00,0.00
E0071,2026-06-15,40.00,0.00
E0072,2026-06-15,40.00,0.00
E0073,2026-06-15,40.00,0.00
E0074,2026-06-15,40.00,0.00
E0075,2026-06-15,40.00,0.00
E0076,2026-06-15,40.00,0.00
E0077,2026-06-15,40.00,0.00
E0078,2026-06-15,40.00,0.00
E0079,2026-06-15,40.00,1.00
E0081,2026-06-15,40.00,0.00
E0082,2026-06-15,40.00,0.00
E0083,2026-06-15,24.00,0.00
E0084,2026-06-15,40.00,0.00
E0085,2026-06-15,40.00,1.00
E0086,2026-06-15,40.00,0.00
E0087,2026-06-15,40.00,0.00
E0088,2026-06-15,40.00,1.75
E0091,2026-06-15,32.00,0.00
E0092,2026-06-15,40.00,0.00
E0093,2026-06-15,40.00,0.00
E0095,2026-06-15,40.00,0.00
E0096,2026-06-15,24.00,0.00
E0097,2026-06-15,40.00,0.00
E0098,2026-06-15,40.00,0.00
E0099,2026-06-15,40.00,0.00
E0100,2026-06-15,40.00,0.00
E0101,2026-06-15,40.00,1.50
E0104,2026-06-15,24.00,0.00
E0105,2026-06-15,32.00,0.00
E0106,2026-06-15,40.00,1.75
E0107,2026-06-15,40.00,4.50
E0108,2026-06-15,40.00,4.50
E0109,2026-06-15,40.00,7.75
E0111,2026-06-15,40.00,6.00
E0112,2026-06-15,32.00,0.00
E0113,2026-06-15,40.00,7.25
E0114,2026-06-15,40.00,3.25
E0115,2026-06-15,24.00,0.00
E0116,2026-06-15,24.00,5.00
E0118,2026-06-15,24.00,0.00
E0119,2026-06-15,40.00,7.75
E0120,2026-06-15,40.00,0.00
E0122,2026-06-15,40.00,0.00
E0123,2026-06-15,40.00,0.00
E0124,2026-06-15,40.00,3.25
E0125,2026-06-15,40.00,5.50
E0126,2026-06-15,40.00,1.75
E0128,2026-06-15,32.00,0.00
E0129,2026-06-15,32.00,0.00
E0132,2026-06-15,40.00,0.00
E0134,2026-06-15,40.00,2.50
E0135,2026-06-15,32.00,0.00
E0136,2026-06-15,40.00,0.00
E0137,2026-06-15,40.00,0.00
E0138,2026-06-15,32.00,0.00
E0139,2026-06-15,40.00,0.00
E0140,2026-06-15,40.00,0.00
E0141,2026-06-15,40.00,3.50
E0142,2026-06-15,40.00,8.25
E0143,2026-06-15,40.00,1.00
E0144,2026-06-15,40.00,0.00
E0145,2026-06-15,40.00,0.00
E0146,2026-06-15,40.00,0.00
E0147,2026-06-15,40.00,0.00
E0148,2026-06-15,40.00,0.00
E0149,2026-06-15,40.00,0.00
E0150,2026-06-15,24.00,6.50
E0151,2026-06-15,32.00,0.00
E0152,2026-06-15,40.00,5.25
E0153,2026-06-15,40.00,0.00
E0154,2026-06-15,40.00,8.25
E0155,2026-06-15,40.00,0.00
E0156,2026-06-15,32.00,0.00
E0157,2026-06-15,40.00,0.00
E0159,2026-06-15,40.00,7.25
E0160,2026-06-15,40.00,0.00
E0161,2026-06-15,40.00,1.25
E0162,2026-06-15,40.00,4.00
E0163,2026-06-15,40.00,0.00
E0164,2026-06-15,40.00,0.00
E0165,2026-06-15,40.00,9.25
E0167,2026-06-15,40.00,11.00
E0169,2026-06-15,40.00,0.00
E0170,2026-06-15,40.00,0.00
E0171,2026-06-15,40.00,8.25
E0172,2026-06-15,40.00,0.00
E0173,2026-06-15,40.00,6.25
E0175,2026-06-15,40.00,6.25
E0176,2026-06-15,40.00,0.00
E0177,2026-06-15,24.00,5.50
E0178,2026-06-15,40.00,0.00
E0179,2026-06-15,40.00,0.00
E0180,2026-06-15,40.00,0.00
E0181,2026-06-15,40.00,0.00
E0182,2026-06-15,24.00,10.00
E0186,2026-06-15,24.00,7.25
E0187,2026-06-15,40.00,0.00
E0188,2026-06-15,40.00,10.75
E0189,2026-06-15,40.00,0.00
E0190,2026-06-15,32.00,0.00
E0191,2026-06-15,40.00,10.00
E0192,2026-06-15,40.00,11.75
E0193,2026-06-15,40.00,1.75
E0194,2026-06-15,40.00,10.75
E0196,2026-06-15,40.00,0.00
E0197,2026-06-15,32.00,0.00
E0198,2026-06-15,40.00,0.00
E0199,2026-06-15,32.00,0.00
E0200,2026-06-15,40.00,0.00
E0202,2026-06-15,40.00,0.00
E0203,2026-06-15,40.00,0.00
E0204,2026-06-15,24.00,7.50
E0205,2026-06-15,40.00,9.00
E0206,2026-06-15,40.00,0.00
E0207,2026-06-15,24.00,0.00
E0209,2026-06-15,40.00,5.50
E0210,2026-06-15,40.00,3.50
E0211,2026-06-15,40.00,5.50
E0212,2026-06-15,40.00,0.00
E0214,2026-06-15,40.00,0.00
E0215,2026-06-15,40.00,0.00
E0216,2026-06-15,32.00,0.00
E0218,2026-06-15,40.00,0.00
E0219,2026-06-15,24.00,0.00
E0221,2026-06-15,40.00,6.50
E0222,2026-06-15,40.00,5.75
E0223,2026-06-15,40.00,3.50
E0224,2026-06-15,40.00,3.50
E0225,2026-06-15,40.00,0.00
E0226,2026-06-15,24.00,2.25
E0227,2026-06-15,24.00,0.00
E0228,2026-06-15,40.00,1.75
E0230,2026-06-15,40.00,10.75
E0232,2026-06-15,40.00,0.00
E0233,2026-06-15,40.00,4.75
E0234,2026-06-15,40.00,5.75
E0249,2026-06-15,40.00,0.00
E0250,2026-06-15,24.00,0.00
E0251,2026-06-15,40.00,3.75
E0252,2026-06-15,40.00,0.00
E0253,2026-06-15,40.00,0.00
E0255,2026-06-15,40.00,0.00
E0256,2026-06-15,40.00,0.00
E0257,2026-06-15,40.00,12.25
E0259,2026-06-15,40.00,0.00
E0260,2026-06-15,40.00,0.00
E0261,2026-06-15,40.00,0.00
E0262,2026-06-15,40.00,6.25
E0263,2026-06-15,40.00,6.75
E0265,2026-06-15,40.00,0.00
E0266,2026-06-15,40.00,0.00
E0267,2026-06-15,40.00,0.00
E0268,2026-06-15,40.00,4.75
E0270,2026-06-15,40.00,8.00
E0272,2026-06-15,40.00,9.25
E0273,2026-06-15,40.00,0.00
E0274,2026-06-15,40.00,0.00
E0275,2026-06-15,40.00,0.00
E0276,2026-06-15,40.00,2.50
E0277,2026-06-15,40.00,3.75
E0278,2026-06-15,40.00,7.75
E0279,2026-06-15,40.00,3.00
E0280,2026-06-15,32.00,0.00
E0281,2026-06-15,40.00,8.50
E0282,2026-06-15,40.00,8.50
E0284,2026-06-15,40.00,0.00
E0285,2026-06-15,40.00,0.00
E0286,2026-06-15,32.00,0.00
E0287,2026-06-15,24.00,3.00
E0288,2026-06-15,40.00,8.25
E0289,2026-06-15,40.00,0.00
E0290,2026-06-15,40.00,2.25
E0291,2026-06-15,24.00,0.00
E0292,2026-06-15,16.00,0.00
E0293,2026-06-15,40.00,1.00
E0297,2026-06-15,40.00,0.00
E0001,2026-06-22,40.00,4.00
E0002,2026-06-22,40.00,0.00
E0003,2026-06-22,40.00,0.00
E0004,2026-06-22,40.00,0.00
E0006,2026-06-22,40.00,0.00
E0007,2026-06-22,32.00,0.00
E0008,2026-06-22,40.00,0.00
E0009,2026-06-22,40.00,0.00
E0010,2026-06-22,40.00,1.25
E0011,2026-06-22,24.00,0.00
E0012,2026-06-22,40.00,0.00
E0013,2026-06-22,40.00,0.00
E0014,2026-06-22,40.00,0.00
E0015,2026-06-22,24.00,0.00
E0016,2026-06-22,40.00,0.00
E0017,2026-06-22,40.00,0.00
E0018,2026-06-22,40.00,0.00
E0019,2026-06-22,40.00,0.00
E0020,2026-06-22,40.00,0.00
E0021,2026-06-22,40.00,0.00
E0022,2026-06-22,40.00,0.00
E0023,2026-06-22,40.00,0.00
E0024,2026-06-22,40.00,0.00
E0025,2026-06-22,40.00,0.00
E0026,2026-06-22,40.00,0.00
E0027,2026-06-22,40.00,0.00
E0028,2026-06-22,40.00,0.00
E0029,2026-06-22,40.00,0.00
E0030,2026-06-22,40.00,0.00
E0031,2026-06-22,40.00,0.00
E0032,2026-06-22,32.00,0.00
E0033,2026-06-22,40.00,0.00
E0034,2026-06-22,40.00,0.00
E0035,2026-06-22,40.00,0.00
E0036,2026-06-22,40.00,0.00
E0037,2026-06-22,24.00,0.00
E0038,2026-06-22,40.00,0.00
E0039,2026-06-22,40.00,0.00
E0041,2026-06-22,40.00,0.00
E0042,2026-06-22,40.00,0.00
E0043,2026-06-22,40.00,0.00
E0044,2026-06-22,40.00,0.00
E0045,2026-06-22,40.00,0.00
E0046,2026-06-22,40.00,0.00
E0047,2026-06-22,40.00,0.00
E0048,2026-06-22,40.00,0.00
E0049,2026-06-22,40.00,0.00
E0050,2026-06-22,40.00,0.00
E0051,2026-06-22,40.00,0.00
E0052,2026-06-22,24.00,0.00
E0053,2026-06-22,32.00,0.00
E0054,2026-06-22,24.00,0.00
E0055,2026-06-22,40.00,0.00
E0056,2026-06-22,40.00,0.00
E0057,2026-06-22,40.00,2.75
E0058,2026-06-22,40.00,1.00
E0059,2026-06-22,40.00,0.00
E0060,2026-06-22,40.00,0.00
E0061,2026-06-22,40.00,0.00
E0063,2026-06-22,40.00,0.00
E0065,2026-06-22,40.00,0.00
E0066,2026-06-22,32.00,0.00
E0067,2026-06-22,40.00,0.00
E0068,2026-06-22,40.00,0.00
E0069,2026-06-22,40.00,0.00
E0070,2026-06-22,40.00,0.00
E0071,2026-06-22,40.00,0.00
E0072,2026-06-22,40.00,0.00
E0073,2026-06-22,40.00,0.00
E0074,2026-06-22,40.00,0.00
E0075,2026-06-22,40.00,0.00
E0076,2026-06-22,40.00,0.00
E0077,2026-06-22,40.00,0.00
E0078,2026-06-22,40.00,0.00
E0079,2026-06-22,40.00,1.75
E0081,2026-06-22,40.00,0.00
E0082,2026-06-22,40.00,0.00
E0083,2026-06-22,40.00,0.00
E0084,2026-06-22,40.00,0.00
E0085,2026-06-22,40.00,1.50
E0086,2026-06-22,40.00,0.00
E0087,2026-06-22,40.00,0.00
E0088,2026-06-22,40.00,2.25
E0091,2026-06-22,40.00,0.00
E0092,2026-06-22,40.00,0.00
E0093,2026-06-22,40.00,0.00
E0095,2026-06-22,40.00,0.00
E0096,2026-06-22,24.00,0.00
E0097,2026-06-22,40.00,0.00
E0098,2026-06-22,40.00,0.00
E0099,2026-06-22,40.00,0.00
E0100,2026-06-22,40.00,0.00
E0101,2026-06-22,40.00,1.75
E0104,2026-06-22,40.00,0.00
E0105,2026-06-22,40.00,0.00
E0106,2026-06-22,40.00,2.00
E0107,2026-06-22,40.00,3.25
E0108,2026-06-22,32.00,0.00
E0109,2026-06-22,40.00,0.00
E0111,2026-06-22,40.00,4.25
E0112,2026-06-22,40.00,8.00
E0113,2026-06-22,40.00,6.25
E0114,2026-06-22,40.00,0.00
E0115,2026-06-22,24.00,2.25
E0116,2026-06-22,24.00,0.75
E0118,2026-06-22,8.00,0.00
E0119,2026-06-22,40.00,0.00
E0120,2026-06-22,40.00,2.00
E0122,2026-06-22,40.00,0.00
E0123,2026-06-22,32.00,0.00
E0124,2026-06-22,32.00,0.00
E0125,2026-06-22,40.00,6.75
E0126,2026-06-22,40.00,6.25
E0128,2026-06-22,24.00,0.00
E0129,2026-06-22,40.00,6.50
E0132,2026-06-22,40.00,1.00
E0134,2026-06-22,40.00,0.00
E0135,2026-06-22,40.00,2.00
E0136,2026-06-22,40.00,0.00
E0137,2026-06-22,40.00,0.00
E0138,2026-06-22,40.00,0.00
E0139,2026-06-22,40.00,0.00
E0140,2026-06-22,40.00,0.00
E0141,2026-06-22,40.00,5.00
E0142,2026-06-22,40.00,0.00
E0143,2026-06-22,40.00,3.75
E0144,2026-06-22,40.00,0.00
E0145,2026-06-22,40.00,0.00
E0146,2026-06-22,40.00,0.00
E0147,2026-06-22,40.00,0.50
E0148,2026-06-22,40.00,0.00
E0149,2026-06-22,40.00,0.00
E0150,2026-06-22,8.00,0.00
E0151,2026-06-22,40.00,4.75
E0152,2026-06-22,40.00,5.75
E0153,2026-06-22,32.00,0.00
E0154,2026-06-22,40.00,0.00
E0155,2026-06-22,40.00,0.00
E0156,2026-06-22,40.00,7.75
E0157,2026-06-22,40.00,0.00
E0159,2026-06-22,40.00,5.50
E0160,2026-06-22,40.00,0.00
E0161,2026-06-22,40.00,7.00
E0162,2026-06-22,24.00,0.00
E0163,2026-06-22,40.00,0.00
E0164,2026-06-22,40.00,12.75
E0165,2026-06-22,40.00,0.00
E0167,2026-06-22,40.00,0.00
E0169,2026-06-22,40.00,0.00
E0170,2026-06-22,40.00,0.00
E0171,2026-06-22,40.00,10.25
E0172,2026-06-22,40.00,0.00
E0173,2026-06-22,40.00,0.00
E0175,2026-06-22,24.00,0.00
E0176,2026-06-22,40.00,0.00
E0177,2026-06-22,24.00,7.75
E0178,2026-06-22,40.00,0.00
E0179,2026-06-22,40.00,0.00
E0180,2026-06-22,40.00,9.75
E0181,2026-06-22,40.00,0.00
E0182,2026-06-22,8.00,0.00
E0186,2026-06-22,16.00,0.00
E0187,2026-06-22,40.00,8.50
E0188,2026-06-22,40.00,9.00
E0189,2026-06-22,40.00,7.00
E0190,2026-06-22,40.00,0.00
E0191,2026-06-22,40.00,0.00
E0192,2026-06-22,40.00,2.25
E0193,2026-06-22,40.00,0.00
E0194,2026-06-22,40.00,0.00
E0196,2026-06-22,40.00,3.75
E0197,2026-06-22,40.00,0.00
E0198,2026-06-22,40.00,4.50
E0199,2026-06-22,40.00,0.00
E0200,2026-06-22,24.00,0.00
E0202,2026-06-22,40.00,0.00
E0203,2026-06-22,40.00,1.50
E0204,2026-06-22,24.00,4.50
E0205,2026-06-22,40.00,0.00
E0206,2026-06-22,40.00,0.50
E0207,2026-06-22,40.00,0.00
E0209,2026-06-22,40.00,0.00
E0210,2026-06-22,40.00,7.00
E0211,2026-06-22,40.00,0.00
E0212,2026-06-22,40.00,0.00
E0214,2026-06-22,40.00,0.00
E0215,2026-06-22,32.00,0.00
E0216,2026-06-22,40.00,6.00
E0218,2026-06-22,24.00,0.00
E0219,2026-06-22,24.00,5.75
E0221,2026-06-22,40.00,0.00
E0222,2026-06-22,40.00,0.00
E0223,2026-06-22,32.00,0.00
E0224,2026-06-22,40.00,8.25
E0225,2026-06-22,40.00,6.25
E0226,2026-06-22,16.00,0.00
E0227,2026-06-22,16.00,0.00
E0228,2026-06-22,40.00,3.75
E0230,2026-06-22,40.00,6.75
E0232,2026-06-22,40.00,6.25
E0233,2026-06-22,40.00,8.75
E0234,2026-06-22,40.00,7.25
E0249,2026-06-22,24.00,0.00
E0250,2026-06-22,40.00,4.50
E0251,2026-06-22,40.00,0.00
E0252,2026-06-22,40.00,0.00
E0253,2026-06-22,32.00,0.00
E0255,2026-06-22,40.00,0.00
E0256,2026-06-22,40.00,0.00
E0257,2026-06-22,40.00,10.25
E0259,2026-06-22,40.00,0.00
E0260,2026-06-22,40.00,0.00
E0261,2026-06-22,40.00,0.00
E0262,2026-06-22,40.00,0.75
E0263,2026-06-22,40.00,5.25
E0265,2026-06-22,40.00,0.00
E0266,2026-06-22,40.00,5.00
E0267,2026-06-22,40.00,0.00
E0268,2026-06-22,40.00,5.25
E0270,2026-06-22,40.00,0.00
E0272,2026-06-22,40.00,0.00
E0273,2026-06-22,40.00,4.00
E0274,2026-06-22,40.00,0.00
E0275,2026-06-22,40.00,0.00
E0276,2026-06-22,40.00,0.00
E0277,2026-06-22,40.00,3.00
E0278,2026-06-22,40.00,6.00
E0279,2026-06-22,40.00,0.50
E0280,2026-06-22,24.00,0.00
E0281,2026-06-22,40.00,0.00
E0282,2026-06-22,40.00,0.00
E0284,2026-06-22,40.00,0.00
E0285,2026-06-22,40.00,0.00
E0286,2026-06-22,40.00,0.00
E0287,2026-06-22,24.00,2.25
E0288,2026-06-22,32.00,0.00
E0289,2026-06-22,40.00,0.00
E0290,2026-06-22,40.00,1.00
E0291,2026-06-22,24.00,0.00
E0292,2026-06-22,24.00,8.00
E0293,2026-06-22,40.00,4.00
E0294,2026-06-22,40.00,0.00
E0295,2026-06-22,40.00,0.00
E0296,2026-06-22,40.00,0.00
E0297,2026-06-22,40.00,0.00
E0001,2026-06-29,40.00,0.00
E0002,2026-06-29,40.00,0.00
E0003,2026-06-29,40.00,0.00
E0004,2026-06-29,40.00,0.00
E0006,2026-06-29,24.00,0.00
E0007,2026-06-29,40.00,0.00
E0008,2026-06-29,40.00,0.00
E0009,2026-06-29,40.00,0.00
E0010,2026-06-29,40.00,0.00
E0011,2026-06-29,40.00,4.25
E0012,2026-06-29,40.00,5.00
E0013,2026-06-29,40.00,0.00
E0014,2026-06-29,40.00,0.00
E0015,2026-06-29,40.00,0.00
E0016,2026-06-29,40.00,0.00
E0017,2026-06-29,40.00,0.00
E0018,2026-06-29,40.00,0.00
E0019,2026-06-29,24.00,0.00
E0020,2026-06-29,40.00,0.00
E0021,2026-06-29,40.00,0.00
E0022,2026-06-29,40.00,0.00
E0023,2026-06-29,40.00,0.00
E0024,2026-06-29,40.00,0.00
E0025,2026-06-29,40.00,0.00
E0026,2026-06-29,40.00,0.00
E0027,2026-06-29,40.00,0.00
E0028,2026-06-29,40.00,0.00
E0029,2026-06-29,40.00,4.00
E0030,2026-06-29,32.00,0.00
E0031,2026-06-29,40.00,0.00
E0032,2026-06-29,40.00,0.00
E0033,2026-06-29,40.00,0.00
E0034,2026-06-29,40.00,0.00
E0035,2026-06-29,40.00,0.00
E0036,2026-06-29,40.00,0.00
E0037,2026-06-29,40.00,0.00
E0038,2026-06-29,40.00,0.00
E0039,2026-06-29,40.00,0.00
E0041,2026-06-29,32.00,0.00
E0042,2026-06-29,40.00,0.00
E0043,2026-06-29,40.00,0.00
E0044,2026-06-29,40.00,0.00
E0045,2026-06-29,40.00,0.00
E0046,2026-06-29,40.00,0.00
E0047,2026-06-29,40.00,0.00
E0048,2026-06-29,24.00,0.00
E0049,2026-06-29,40.00,0.00
E0050,2026-06-29,40.00,0.00
E0051,2026-06-29,40.00,0.00
E0052,2026-06-29,40.00,0.00
E0053,2026-06-29,40.00,0.00
E0054,2026-06-29,40.00,0.00
E0055,2026-06-29,40.00,0.00
E0056,2026-06-29,40.00,0.00
E0057,2026-06-29,40.00,0.00
E0058,2026-06-29,40.00,1.75
E0059,2026-06-29,24.00,0.00
E0060,2026-06-29,40.00,0.00
E0061,2026-06-29,40.00,0.00
E0063,2026-06-29,40.00,0.00
E0065,2026-06-29,40.00,0.00
E0066,2026-06-29,40.00,0.00
E0067,2026-06-29,40.00,0.00
E0068,2026-06-29,40.00,0.00
E0069,2026-06-29,40.00,0.00
E0070,2026-06-29,40.00,0.00
E0071,2026-06-29,40.00,0.00
E0072,2026-06-29,40.00,0.00
E0073,2026-06-29,40.00,0.00
E0074,2026-06-29,40.00,0.00
E0075,2026-06-29,40.00,0.00
E0076,2026-06-29,40.00,0.00
E0077,2026-06-29,40.00,0.00
E0078,2026-06-29,40.00,0.00
E0079,2026-06-29,40.00,1.25
E0081,2026-06-29,40.00,0.00
E0082,2026-06-29,32.00,0.00
E0083,2026-06-29,40.00,0.00
E0084,2026-06-29,40.00,0.00
E0085,2026-06-29,40.00,0.00
E0086,2026-06-29,40.00,0.50
E0087,2026-06-29,40.00,0.50
E0088,2026-06-29,40.00,1.25
E0091,2026-06-29,40.00,0.00
E0092,2026-06-29,40.00,0.00
E0093,2026-06-29,40.00,0.00
E0095,2026-06-29,40.00,0.00
E0096,2026-06-29,40.00,0.00
E0097,2026-06-29,40.00,0.00
E0098,2026-06-29,40.00,0.00
E0099,2026-06-29,40.00,0.00
E0100,2026-06-29,40.00,0.00
E0101,2026-06-29,32.00,0.00
E0104,2026-06-29,40.00,0.00
E0105,2026-06-29,24.00,0.00
E0106,2026-06-29,40.00,0.00
E0107,2026-06-29,40.00,2.00
E0108,2026-06-29,40.00,0.00
E0109,2026-06-29,24.00,0.00
E0111,2026-06-29,32.00,0.00
E0112,2026-06-29,40.00,2.50
E0113,2026-06-29,40.00,0.00
E0114,2026-06-29,40.00,2.75
E0115,2026-06-29,24.00,2.50
E0116,2026-06-29,24.00,0.00
E0118,2026-06-29,24.00,1.75
E0119,2026-06-29,40.00,5.50
E0120,2026-06-29,40.00,0.00
E0122,2026-06-29,40.00,3.25
E0123,2026-06-29,40.00,3.75
E0124,2026-06-29,40.00,3.50
E0125,2026-06-29,40.00,0.00
E0126,2026-06-29,32.00,0.00
E0128,2026-06-29,40.00,2.75
E0129,2026-06-29,40.00,0.00
E0132,2026-06-29,40.00,4.75
E0134,2026-06-29,32.00,0.00
E0135,2026-06-29,40.00,0.00
E0136,2026-06-29,40.00,0.00
E0137,2026-06-29,40.00,0.00
E0138,2026-06-29,40.00,0.00
E0139,2026-06-29,40.00,0.00
E0140,2026-06-29,40.00,0.00
E0141,2026-06-29,40.00,2.25
E0142,2026-06-29,32.00,0.00
E0143,2026-06-29,40.00,0.00
E0144,2026-06-29,40.00,0.00
E0145,2026-06-29,40.00,0.00
E0146,2026-06-29,40.00,0.00
E0147,2026-06-29,40.00,0.00
E0148,2026-06-29,40.00,0.00
E0149,2026-06-29,40.00,0.00
E0150,2026-06-29,24.00,6.00
E0151,2026-06-29,40.00,6.25
E0152,2026-06-29,40.00,2.50
E0153,2026-06-29,40.00,0.00
E0154,2026-06-29,40.00,5.75
E0155,2026-06-29,40.00,0.00
E0156,2026-06-29,40.00,0.00
E0157,2026-06-29,32.00,0.00
E0159,2026-06-29,40.00,0.00
E0160,2026-06-29,40.00,2.75
E0161,2026-06-29,40.00,7.50
E0162,2026-06-29,40.00,0.00
E0163,2026-06-29,40.00,3.00
E0164,2026-06-29,40.00,0.00
E0165,2026-06-29,40.00,0.00
E0167,2026-06-29,40.00,0.00
E0169,2026-06-29,24.00,0.00
E0170,2026-06-29,24.00,0.00
E0171,2026-06-29,40.00,6.50
E0172,2026-06-29,40.00,6.00
E0173,2026-06-29,40.00,3.25
E0175,2026-06-29,40.00,5.25
E0176,2026-06-29,40.00,0.00
E0177,2026-06-29,24.00,6.00
E0178,2026-06-29,40.00,0.00
E0179,2026-06-29,40.00,8.00
E0180,2026-06-29,40.00,7.00
E0181,2026-06-29,40.00,7.00
E0182,2026-06-29,24.00,8.00
E0186,2026-06-29,24.00,0.00
E0187,2026-06-29,24.00,0.00
E0188,2026-06-29,40.00,10.75
E0189,2026-06-29,40.00,0.00
E0190,2026-06-29,40.00,9.00
E0191,2026-06-29,32.00,0.00
E0192,2026-06-29,40.00,4.00
E0193,2026-06-29,40.00,13.50
E0194,2026-06-29,40.00,5.00
E0196,2026-06-29,40.00,0.00
E0197,2026-06-29,40.00,0.00
E0198,2026-06-29,40.00,0.00
E0199,2026-06-29,40.00,7.25
E0200,2026-06-29,32.00,0.00
E0202,2026-06-29,40.00,10.25
E0203,2026-06-29,40.00,2.25
E0204,2026-06-29,24.00,10.50
E0205,2026-06-29,40.00,8.25
E0206,2026-06-29,40.00,0.00
E0207,2026-06-29,32.00,0.00
E0209,2026-06-29,32.00,0.00
E0210,2026-06-29,40.00,8.50
E0211,2026-06-29,40.00,0.00
E0212,2026-06-29,40.00,11.25
E0214,2026-06-29,40.00,5.50
E0215,2026-06-29,40.00,6.00
E0216,2026-06-29,40.00,4.50
E0218,2026-06-29,32.00,0.00
E0219,2026-06-29,24.00,1.75
E0221,2026-06-29,40.00,0.00
E0222,2026-06-29,40.00,5.50
E0223,2026-06-29,40.00,6.00
E0224,2026-06-29,40.00,0.00
E0225,2026-06-29,32.00,0.00
E0226,2026-06-29,24.00,0.00
E0227,2026-06-29,24.00,0.00
E0228,2026-06-29,40.00,4.25
E0230,2026-06-29,24.00,0.00
E0232,2026-06-29,40.00,0.00
E0233,2026-06-29,40.00,8.25
E0234,2026-06-29,40.00,10.00
E0249,2026-06-29,40.00,0.00
E0250,2026-06-29,32.00,0.00
E0251,2026-06-29,40.00,7.25
E0252,2026-06-29,40.00,0.00
E0253,2026-06-29,40.00,0.00
E0255,2026-06-29,40.00,0.00
E0256,2026-06-29,40.00,0.00
E0257,2026-06-29,40.00,0.00
E0259,2026-06-29,40.00,0.00
E0260,2026-06-29,24.00,0.00
E0261,2026-06-29,40.00,0.00
E0262,2026-06-29,40.00,3.50
E0263,2026-06-29,40.00,5.75
E0265,2026-06-29,40.00,0.00
E0266,2026-06-29,40.00,10.75
E0267,2026-06-29,40.00,0.00
E0268,2026-06-29,40.00,0.50
E0270,2026-06-29,40.00,6.75
E0272,2026-06-29,40.00,10.50
E0273,2026-06-29,40.00,10.75
E0274,2026-06-29,40.00,0.00
E0275,2026-06-29,40.00,0.00
E0276,2026-06-29,40.00,3.75
E0277,2026-06-29,40.00,3.50
E0278,2026-06-29,32.00,0.00
E0279,2026-06-29,40.00,2.50
E0280,2026-06-29,32.00,0.00
E0281,2026-06-29,40.00,7.50
E0282,2026-06-29,40.00,6.00
E0284,2026-06-29,40.00,0.00
E0285,2026-06-29,40.00,0.00
E0286,2026-06-29,40.00,0.00
E0287,2026-06-29,24.00,0.00
E0288,2026-06-29,40.00,8.25
E0289,2026-06-29,40.00,0.00
E0290,2026-06-29,40.00,0.75
E0291,2026-06-29,40.00,0.00
E0292,2026-06-29,24.00,6.25
E0293,2026-06-29,40.00,0.50
E0294,2026-06-29,40.00,0.00
E0295,2026-06-29,40.00,0.00
E0296,2026-06-29,40.00,0.00
E0297,2026-06-29,40.00,0.00
E0001,2026-07-06,40.00,0.00
E0002,2026-07-06,32.00,0.00
E0003,2026-07-06,32.00,0.00
E0004,2026-07-06,32.00,0.00
E0006,2026-07-06,40.00,0.00
E0007,2026-07-06,32.00,0.00
E0008,2026-07-06,40.00,0.00
E0009,2026-07-06,40.00,0.00
E0010,2026-07-06,40.00,3.25
E0011,2026-07-06,40.00,2.00
E0012,2026-07-06,40.00,3.00
E0013,2026-07-06,40.00,0.00
E0014,2026-07-06,40.00,0.00
E0015,2026-07-06,40.00,0.00
E0016,2026-07-06,40.00,0.00
E0017,2026-07-06,24.00,0.00
E0018,2026-07-06,40.00,0.00
E0019,2026-07-06,40.00,0.00
E0020,2026-07-06,40.00,0.00
E0021,2026-07-06,40.00,0.00
E0022,2026-07-06,40.00,0.00
E0023,2026-07-06,40.00,0.00
E0024,2026-07-06,40.00,0.00
E0025,2026-07-06,40.00,0.00
E0026,2026-07-06,40.00,0.00
E0027,2026-07-06,40.00,0.00
E0028,2026-07-06,40.00,0.00
E0029,2026-07-06,40.00,0.00
E0030,2026-07-06,40.00,0.00
E0031,2026-07-06,40.00,0.00
E0032,2026-07-06,40.00,0.00
E0033,2026-07-06,40.00,0.00
E0034,2026-07-06,40.00,0.00
E0035,2026-07-06,24.00,0.00
E0036,2026-07-06,40.00,0.00
E0037,2026-07-06,40.00,0.00
E0038,2026-07-06,40.00,0.00
E0039,2026-07-06,32.00,0.00
E0041,2026-07-06,40.00,0.00
E0042,2026-07-06,24.00,0.00
E0043,2026-07-06,40.00,0.00
E0044,2026-07-06,40.00,0.00
E0045,2026-07-06,40.00,0.00
E0046,2026-07-06,40.00,0.00
E0047,2026-07-06,32.00,0.00
E0048,2026-07-06,40.00,0.00
E0049,2026-07-06,40.00,0.00
E0050,2026-07-06,40.00,1.75
E0051,2026-07-06,40.00,0.00
E0052,2026-07-06,40.00,0.00
E0053,2026-07-06,40.00,0.00
E0054,2026-07-06,40.00,0.00
E0055,2026-07-06,40.00,0.00
E0056,2026-07-06,40.00,0.00
E0057,2026-07-06,40.00,0.00
E0058,2026-07-06,40.00,0.00
E0059,2026-07-06,40.00,0.00
E0060,2026-07-06,40.00,0.00
E0061,2026-07-06,24.00,0.00
E0063,2026-07-06,40.00,0.00
E0065,2026-07-06,40.00,0.00
E0066,2026-07-06,40.00,0.00
E0067,2026-07-06,40.00,0.00
E0068,2026-07-06,32.00,0.00
E0069,2026-07-06,40.00,0.00
E0070,2026-07-06,40.00,0.00
E0071,2026-07-06,40.00,0.00
E0072,2026-07-06,40.00,0.00
E0073,2026-07-06,32.00,0.00
E0074,2026-07-06,40.00,0.00
E0075,2026-07-06,40.00,0.00
E0076,2026-07-06,40.00,0.00
E0077,2026-07-06,40.00,0.00
E0078,2026-07-06,40.00,0.00
E0079,2026-07-06,32.00,0.00
E0081,2026-07-06,40.00,0.00
E0082,2026-07-06,40.00,0.00
E0083,2026-07-06,40.00,0.00
E0084,2026-07-06,32.00,0.00
E0085,2026-07-06,32.00,0.00
E0086,2026-07-06,40.00,0.00
E0087,2026-07-06,32.00,0.00
E0088,2026-07-06,40.00,0.00
E0091,2026-07-06,32.00,0.00
E0092,2026-07-06,40.00,0.00
E0093,2026-07-06,40.00,0.00
E0095,2026-07-06,40.00,0.00
E0096,2026-07-06,40.00,0.00
E0097,2026-07-06,40.00,0.00
E0098,2026-07-06,40.00,0.00
E0099,2026-07-06,40.00,0.00
E0100,2026-07-06,40.00,0.00
E0101,2026-07-06,40.00,2.00
E0104,2026-07-06,40.00,0.00
E0105,2026-07-06,40.00,0.00
E0106,2026-07-06,40.00,0.00
E0107,2026-07-06,40.00,0.00
E0108,2026-07-06,40.00,4.75
E0109,2026-07-06,40.00,6.75
E0111,2026-07-06,40.00,0.00
E0112,2026-07-06,40.00,2.50
E0113,2026-07-06,40.00,0.00
E0114,2026-07-06,24.00,0.00
E0115,2026-07-06,24.00,3.75
E0116,2026-07-06,24.00,2.50
E0118,2026-07-06,24.00,2.75
E0119,2026-07-06,40.00,5.50
E0120,2026-07-06,40.00,2.50
E0122,2026-07-06,40.00,0.00
E0123,2026-07-06,40.00,7.50
E0124,2026-07-06,40.00,3.00
E0125,2026-07-06,40.00,5.75
E0126,2026-07-06,40.00,3.25
E0128,2026-07-06,40.00,0.00
E0129,2026-07-06,40.00,2.00
E0132,2026-07-06,40.00,0.00
E0134,2026-07-06,40.00,0.00
E0135,2026-07-06,40.00,0.00
E0136,2026-07-06,40.00,0.00
E0137,2026-07-06,40.00,0.00
E0138,2026-07-06,40.00,0.00
E0139,2026-07-06,40.00,0.00
E0140,2026-07-06,40.00,0.00
E0141,2026-07-06,32.00,0.00
E0142,2026-07-06,40.00,0.00
E0143,2026-07-06,40.00,3.50
E0144,2026-07-06,40.00,0.00
E0145,2026-07-06,40.00,0.00
E0146,2026-07-06,40.00,0.00
E0147,2026-07-06,40.00,0.00
E0148,2026-07-06,40.00,0.00
E0149,2026-07-06,40.00,0.00
E0150,2026-07-06,24.00,7.00
E0151,2026-07-06,40.00,6.75
E0152,2026-07-06,40.00,2.75
E0153,2026-07-06,40.00,0.00
E0154,2026-07-06,40.00,6.00
E0155,2026-07-06,40.00,0.00
E0156,2026-07-06,40.00,0.00
E0157,2026-07-06,40.00,0.00
E0159,2026-07-06,40.00,0.00
E0160,2026-07-06,40.00,0.00
E0161,2026-07-06,40.00,8.00
E0162,2026-07-06,32.00,0.00
E0163,2026-07-06,40.00,0.00
E0164,2026-07-06,24.00,0.00
E0165,2026-07-06,32.00,0.00
E0167,2026-07-06,40.00,7.25
E0169,2026-07-06,32.00,0.00
E0170,2026-07-06,40.00,6.75
E0171,2026-07-06,40.00,9.50
E0172,2026-07-06,40.00,4.75
E0173,2026-07-06,40.00,9.25
E0175,2026-07-06,24.00,0.00
E0176,2026-07-06,40.00,12.50
E0177,2026-07-06,24.00,0.00
E0178,2026-07-06,40.00,0.00
E0179,2026-07-06,40.00,5.25
E0180,2026-07-06,40.00,10.50
E0181,2026-07-06,40.00,4.00
E0182,2026-07-06,24.00,8.50
E0186,2026-07-06,24.00,0.00
E0187,2026-07-06,40.00,0.00
E0188,2026-07-06,40.00,0.00
E0189,2026-07-06,40.00,0.00
E0190,2026-07-06,40.00,9.00
E0191,2026-07-06,40.00,4.50
E0192,2026-07-06,40.00,6.75
E0193,2026-07-06,40.00,0.00
E0194,2026-07-06,24.00,0.00
E0196,2026-07-06,40.00,0.00
E0197,2026-07-06,40.00,9.50
E0198,2026-07-06,32.00,0.00
E0199,2026-07-06,32.00,0.00
E0200,2026-07-06,40.00,0.00
E0202,2026-07-06,40.00,0.00
E0203,2026-07-06,40.00,0.00
E0204,2026-07-06,24.00,5.00
E0205,2026-07-06,40.00,0.00
E0206,2026-07-06,40.00,9.00
E0207,2026-07-06,40.00,0.00
E0209,2026-07-06,24.00,0.00
E0210,2026-07-06,40.00,3.25
E0211,2026-07-06,32.00,0.00
E0212,2026-07-06,24.00,0.00
E0214,2026-07-06,40.00,4.25
E0215,2026-07-06,40.00,5.00
E0216,2026-07-06,24.00,0.00
E0218,2026-07-06,40.00,0.00
E0219,2026-07-06,24.00,4.50
E0221,2026-07-06,32.00,0.00
E0222,2026-07-06,40.00,0.00
E0223,2026-07-06,40.00,4.00
E0224,2026-07-06,40.00,9.00
E0225,2026-07-06,40.00,3.75
E0226,2026-07-06,24.00,6.50
E0227,2026-07-06,24.00,0.00
E0228,2026-07-06,32.00,0.00
E0230,2026-07-06,32.00,0.00
E0232,2026-07-06,40.00,6.25
E0233,2026-07-06,40.00,7.75
E0234,2026-07-06,24.00,0.00
E0249,2026-07-06,40.00,0.00
E0250,2026-07-06,40.00,13.00
E0251,2026-07-06,40.00,0.00
E0252,2026-07-06,40.00,0.00
E0253,2026-07-06,40.00,0.00
E0255,2026-07-06,40.00,3.50
E0256,2026-07-06,40.00,3.50
E0257,2026-07-06,40.00,4.75
E0259,2026-07-06,40.00,0.00
E0260,2026-07-06,40.00,0.00
E0261,2026-07-06,40.00,0.00
E0262,2026-07-06,40.00,5.00
E0263,2026-07-06,40.00,0.00
E0265,2026-07-06,40.00,0.00
E0266,2026-07-06,40.00,6.50
E0267,2026-07-06,40.00,0.00
E0268,2026-07-06,24.00,0.00
E0270,2026-07-06,40.00,12.50
E0272,2026-07-06,40.00,0.00
E0273,2026-07-06,40.00,0.00
E0274,2026-07-06,40.00,0.00
E0275,2026-07-06,40.00,0.00
E0276,2026-07-06,40.00,4.75
E0277,2026-07-06,40.00,4.50
E0278,2026-07-06,40.00,0.00
E0279,2026-07-06,40.00,2.50
E0280,2026-07-06,40.00,0.00
E0281,2026-07-06,40.00,6.75
E0282,2026-07-06,40.00,2.75
E0284,2026-07-06,40.00,0.00
E0285,2026-07-06,40.00,0.00
E0286,2026-07-06,40.00,0.00
E0287,2026-07-06,24.00,0.00
E0288,2026-07-06,32.00,0.00
E0289,2026-07-06,32.00,0.00
E0290,2026-07-06,40.00,0.00
E0291,2026-07-06,40.00,4.25
E0292,2026-07-06,24.00,0.00
E0293,2026-07-06,40.00,2.00
E0294,2026-07-06,24.00,0.00
E0295,2026-07-06,40.00,0.00
E0296,2026-07-06,40.00,0.00
E0297,2026-07-06,40.00,0.00
E0299,2026-07-06,40.00,0.00
E0301,2026-07-06,40.00,4.00
E0304,2026-07-06,40.00,2.00
E0001,2026-07-13,40.00,4.00
E0002,2026-07-13,40.00,0.00
E0003,2026-07-13,40.00,0.00
E0004,2026-07-13,40.00,0.00
E0006,2026-07-13,40.00,0.00
E0007,2026-07-13,40.00,0.00
E0008,2026-07-13,40.00,0.00
E0009,2026-07-13,40.00,0.00
E0010,2026-07-13,40.00,0.00
E0011,2026-07-13,32.00,0.00
E0012,2026-07-13,40.00,3.00
E0013,2026-07-13,40.00,0.00
E0014,2026-07-13,40.00,0.00
E0015,2026-07-13,40.00,3.00
E0016,2026-07-13,40.00,0.00
E0017,2026-07-13,40.00,0.00
E0018,2026-07-13,40.00,0.00
E0019,2026-07-13,40.00,0.00
E0020,2026-07-13,40.00,0.00
E0021,2026-07-13,40.00,0.00
E0022,2026-07-13,40.00,0.00
E0023,2026-07-13,40.00,0.00
E0024,2026-07-13,40.00,0.00
E0025,2026-07-13,40.00,0.00
E0026,2026-07-13,40.00,0.00
E0027,2026-07-13,40.00,0.00
E0028,2026-07-13,24.00,0.00
E0029,2026-07-13,40.00,0.00
E0030,2026-07-13,40.00,0.00
E0031,2026-07-13,40.00,0.00
E0032,2026-07-13,40.00,0.00
E0034,2026-07-13,40.00,0.00
E0035,2026-07-13,40.00,0.00
E0036,2026-07-13,40.00,0.00
E0037,2026-07-13,40.00,0.00
E0038,2026-07-13,40.00,0.00
E0039,2026-07-13,40.00,0.00
E0041,2026-07-13,40.00,0.00
E0042,2026-07-13,40.00,0.00
E0043,2026-07-13,40.00,0.00
E0044,2026-07-13,40.00,0.00
E0045,2026-07-13,32.00,0.00
E0046,2026-07-13,40.00,0.00
E0047,2026-07-13,40.00,0.00
E0048,2026-07-13,40.00,0.00
E0049,2026-07-13,32.00,0.00
E0050,2026-07-13,24.00,0.00
E0051,2026-07-13,40.00,0.00
E0052,2026-07-13,40.00,0.00
E0053,2026-07-13,32.00,0.00
E0054,2026-07-13,40.00,0.00
E0055,2026-07-13,40.00,0.00
E0056,2026-07-13,40.00,0.00
E0057,2026-07-13,40.00,0.00
E0058,2026-07-13,40.00,0.00
E0059,2026-07-13,40.00,0.00
E0060,2026-07-13,40.00,0.00
E0061,2026-07-13,40.00,0.25
E0063,2026-07-13,40.00,0.00
E0065,2026-07-13,40.00,0.00
E0066,2026-07-13,40.00,0.00
E0067,2026-07-13,40.00,0.00
E0068,2026-07-13,40.00,0.00
E0069,2026-07-13,40.00,0.00
E0070,2026-07-13,40.00,0.00
E0071,2026-07-13,40.00,0.00
E0072,2026-07-13,40.00,0.00
E0073,2026-07-13,40.00,0.00
E0074,2026-07-13,40.00,0.00
E0075,2026-07-13,40.00,0.00
E0076,2026-07-13,40.00,0.00
E0077,2026-07-13,40.00,0.00
E0078,2026-07-13,40.00,0.00
E0079,2026-07-13,32.00,0.00
E0081,2026-07-13,40.00,0.00
E0082,2026-07-13,40.00,0.00
E0083,2026-07-13,40.00,0.00
E0084,2026-07-13,40.00,0.00
E0085,2026-07-13,40.00,1.50
E0086,2026-07-13,40.00,1.75
E0087,2026-07-13,40.00,1.75
E0088,2026-07-13,40.00,0.00
E0091,2026-07-13,40.00,0.00
E0092,2026-07-13,40.00,0.00
E0093,2026-07-13,40.00,0.00
E0095,2026-07-13,40.00,0.00
E0096,2026-07-13,40.00,0.00
E0097,2026-07-13,40.00,0.00
E0098,2026-07-13,40.00,0.00
E0099,2026-07-13,24.00,0.00
E0100,2026-07-13,40.00,0.00
E0101,2026-07-13,40.00,1.25
E0104,2026-07-13,40.00,0.00
E0105,2026-07-13,40.00,0.00
E0106,2026-07-13,40.00,2.00
E0107,2026-07-13,40.00,4.25
E0108,2026-07-13,40.00,5.00
E0109,2026-07-13,32.00,0.00
E0111,2026-07-13,40.00,0.00
E0112,2026-07-13,40.00,3.75
E0113,2026-07-13,40.00,5.25
E0114,2026-07-13,40.00,0.00
E0115,2026-07-13,24.00,0.00
E0116,2026-07-13,24.00,0.00
E0118,2026-07-13,24.00,2.50
E0119,2026-07-13,40.00,0.00
E0120,2026-07-13,40.00,3.25
E0122,2026-07-13,40.00,6.50
E0123,2026-07-13,40.00,3.00
E0124,2026-07-13,32.00,0.00
E0125,2026-07-13,40.00,4.50
E0126,2026-07-13,40.00,2.50
E0128,2026-07-13,40.00,5.50
E0129,2026-07-13,40.00,7.75
E0132,2026-07-13,32.00,0.00
E0134,2026-07-13,24.00,0.00
E0135,2026-07-13,40.00,1.50
E0136,2026-07-13,40.00,0.00
E0137,2026-07-13,40.00,0.00
E0138,2026-07-13,40.00,0.00
E0139,2026-07-13,24.00,0.00
E0140,2026-07-13,40.00,0.00
E0141,2026-07-13,40.00,0.00
E0142,2026-07-13,24.00,0.00
E0143,2026-07-13,40.00,0.00
E0144,2026-07-13,40.00,0.00
E0145,2026-07-13,40.00,0.00
E0146,2026-07-13,32.00,0.00
E0147,2026-07-13,40.00,0.00
E0148,2026-07-13,40.00,0.00
E0149,2026-07-13,40.00,0.00
E0150,2026-07-13,24.00,5.75
E0151,2026-07-13,40.00,4.25
E0152,2026-07-13,40.00,4.25
E0153,2026-07-13,40.00,0.00
E0154,2026-07-13,40.00,0.00
E0155,2026-07-13,40.00,0.00
E0156,2026-07-13,40.00,0.00
E0157,2026-07-13,32.00,0.00
E0159,2026-07-13,40.00,6.50
E0160,2026-07-13,40.00,5.00
E0161,2026-07-13,40.00,0.00
E0162,2026-07-13,40.00,4.25
E0163,2026-07-13,40.00,6.00
E0164,2026-07-13,32.00,0.00
E0165,2026-07-13,40.00,0.00
E0167,2026-07-13,40.00,0.00
E0169,2026-07-13,40.00,7.25
E0170,2026-07-13,40.00,8.75
E0171,2026-07-13,40.00,10.00
E0172,2026-07-13,40.00,10.25
E0173,2026-07-13,40.00,10.75
E0175,2026-07-13,40.00,6.00
E0176,2026-07-13,24.00,0.00
E0177,2026-07-13,24.00,12.00
E0178,2026-07-13,40.00,0.00
E0179,2026-07-13,40.00,0.00
E0180,2026-07-13,40.00,10.50
E0181,2026-07-13,40.00,6.75
E0182,2026-07-13,24.00,5.00
E0186,2026-07-13,24.00,5.75
E0187,2026-07-13,40.00,12.00
E0188,2026-07-13,40.00,0.00
E0189,2026-07-13,40.00,0.00
E0190,2026-07-13,40.00,11.50
E0191,2026-07-13,40.00,0.00
E0192,2026-07-13,40.00,8.00
E0193,2026-07-13,24.00,0.00
E0194,2026-07-13,40.00,0.00
E0196,2026-07-13,40.00,0.00
E0197,2026-07-13,40.00,0.00
E0198,2026-07-13,40.00,9.00
E0199,2026-07-13,40.00,0.00
E0200,2026-07-13,40.00,0.00
E0202,2026-07-13,40.00,6.50
E0203,2026-07-13,40.00,9.50
E0204,2026-07-13,24.00,0.00
E0205,2026-07-13,40.00,15.25
E0206,2026-07-13,40.00,0.00
E0207,2026-07-13,40.00,0.00
E0209,2026-07-13,40.00,9.00
E0210,2026-07-13,40.00,0.25
E0211,2026-07-13,40.00,7.25
E0212,2026-07-13,40.00,5.75
E0214,2026-07-13,40.00,2.50
E0215,2026-07-13,40.00,6.50
E0216,2026-07-13,40.00,4.25
E0218,2026-07-13,40.00,5.75
E0219,2026-07-13,24.00,0.00
E0221,2026-07-13,40.00,0.00
E0222,2026-07-13,40.00,4.00
E0223,2026-07-13,40.00,12.50
E0224,2026-07-13,40.00,0.00
E0225,2026-07-13,40.00,0.00
E0226,2026-07-13,16.00,0.00
E0227,2026-07-13,24.00,0.00
E0228,2026-07-13,32.00,0.00
E0230,2026-07-13,40.00,0.00
E0232,2026-07-13,40.00,4.75
E0233,2026-07-13,40.00,6.00
E0234,2026-07-13,40.00,8.00
E0249,2026-07-13,40.00,0.00
E0250,2026-07-13,40.00,10.75
E0251,2026-07-13,40.00,0.00
E0252,2026-07-13,40.00,0.00
E0253,2026-07-13,40.00,0.00
E0255,2026-07-13,32.00,0.00
E0256,2026-07-13,40.00,6.00
E0257,2026-07-13,40.00,9.25
E0259,2026-07-13,40.00,0.00
E0260,2026-07-13,40.00,0.00
E0261,2026-07-13,40.00,0.00
E0262,2026-07-13,40.00,0.00
E0263,2026-07-13,40.00,4.50
E0265,2026-07-13,40.00,0.00
E0266,2026-07-13,40.00,4.25
E0267,2026-07-13,40.00,0.00
E0268,2026-07-13,40.00,0.00
E0270,2026-07-13,40.00,13.50
E0272,2026-07-13,40.00,7.50
E0273,2026-07-13,40.00,8.50
E0274,2026-07-13,32.00,0.00
E0275,2026-07-13,40.00,0.00
E0276,2026-07-13,40.00,3.50
E0277,2026-07-13,40.00,0.00
E0278,2026-07-13,40.00,9.00
E0279,2026-07-13,40.00,1.75
E0280,2026-07-13,40.00,0.00
E0281,2026-07-13,40.00,0.25
E0282,2026-07-13,40.00,8.50
E0284,2026-07-13,40.00,0.00
E0285,2026-07-13,40.00,0.00
E0286,2026-07-13,40.00,0.00
E0287,2026-07-13,24.00,3.25
E0288,2026-07-13,40.00,0.00
E0289,2026-07-13,40.00,0.00
E0290,2026-07-13,40.00,2.00
E0291,2026-07-13,40.00,3.00
E0292,2026-07-13,24.00,15.00
E0293,2026-07-13,40.00,2.50
E0294,2026-07-13,40.00,0.00
E0295,2026-07-13,40.00,0.00
E0296,2026-07-13,32.00,0.00
E0297,2026-07-13,40.00,0.00
E0298,2026-07-13,40.00,0.00
E0299,2026-07-13,40.00,0.00
E0301,2026-07-13,40.00,6.00
E0304,2026-07-13,40.00,5.00
E0002,2026-07-20,40.00,0.00
E0003,2026-07-20,40.00,0.00
E0004,2026-07-20,40.00,0.00
E0006,2026-07-20,40.00,0.00
E0007,2026-07-20,40.00,0.00
E0008,2026-07-20,40.00,0.00
E0009,2026-07-20,40.00,0.00
E0010,2026-07-20,40.00,0.00
E0011,2026-07-20,24.00,0.00
E0012,2026-07-20,40.00,1.00
E0013,2026-07-20,40.00,0.00
E0014,2026-07-20,24.00,0.00
E0015,2026-07-20,40.00,0.25
E0016,2026-07-20,40.00,0.00
E0017,2026-07-20,40.00,0.00
E0018,2026-07-20,32.00,0.00
E0019,2026-07-20,40.00,0.00
E0020,2026-07-20,40.00,0.00
E0021,2026-07-20,40.00,0.00
E0022,2026-07-20,40.00,0.00
E0023,2026-07-20,24.00,0.00
E0024,2026-07-20,40.00,0.00
E0025,2026-07-20,40.00,0.00
E0026,2026-07-20,40.00,0.00
E0027,2026-07-20,24.00,0.00
E0028,2026-07-20,40.00,0.00
E0029,2026-07-20,40.00,4.25
E0030,2026-07-20,40.00,0.00
E0031,2026-07-20,40.00,0.00
E0032,2026-07-20,40.00,0.00
E0034,2026-07-20,40.00,0.00
E0035,2026-07-20,40.00,0.00
E0036,2026-07-20,40.00,0.00
E0037,2026-07-20,40.00,0.00
E0038,2026-07-20,24.00,0.00
E0039,2026-07-20,40.00,0.00
E0041,2026-07-20,40.00,0.00
E0042,2026-07-20,40.00,0.00
E0043,2026-07-20,40.00,0.00
E0044,2026-07-20,40.00,0.00
E0045,2026-07-20,40.00,0.00
E0046,2026-07-20,40.00,0.00
E0047,2026-07-20,40.00,0.00
E0048,2026-07-20,32.00,0.00
E0049,2026-07-20,40.00,0.00
E0050,2026-07-20,40.00,2.25
E0051,2026-07-20,40.00,0.00
E0052,2026-07-20,40.00,0.00
E0053,2026-07-20,40.00,0.00
E0054,2026-07-20,40.00,0.00
E0055,2026-07-20,40.00,0.00
E0056,2026-07-20,24.00,0.00
E0057,2026-07-20,40.00,1.50
E0058,2026-07-20,40.00,2.25
E0059,2026-07-20,40.00,0.00
E0060,2026-07-20,40.00,0.00
E0061,2026-07-20,40.00,2.50
E0063,2026-07-20,40.00,0.00
E0065,2026-07-20,40.00,0.00
E0066,2026-07-20,40.00,0.00
E0067,2026-07-20,40.00,0.00
E0068,2026-07-20,40.00,0.00
E0069,2026-07-20,40.00,0.00
E0070,2026-07-20,40.00,0.00
E0071,2026-07-20,40.00,0.00
E0072,2026-07-20,40.00,0.00
E0073,2026-07-20,40.00,0.00
E0074,2026-07-20,32.00,0.00
E0075,2026-07-20,24.00,0.00
E0076,2026-07-20,40.00,0.00
E0077,2026-07-20,32.00,0.00
E0078,2026-07-20,40.00,0.00
E0079,2026-07-20,40.00,0.00
E0081,2026-07-20,40.00,0.00
E0082,2026-07-20,40.00,0.00
E0083,2026-07-20,40.00,0.00
E0084,2026-07-20,40.00,0.00
E0085,2026-07-20,40.00,0.00
E0086,2026-07-20,24.00,0.00
E0087,2026-07-20,40.00,1.25
E0088,2026-07-20,40.00,2.75
E0091,2026-07-20,40.00,0.00
E0092,2026-07-20,40.00,0.00
E0093,2026-07-20,40.00,0.00
E0095,2026-07-20,40.00,0.00
E0096,2026-07-20,40.00,0.00
E0097,2026-07-20,24.00,0.00
E0098,2026-07-20,40.00,0.00
E0099,2026-07-20,40.00,0.00
E0100,2026-07-20,40.00,0.00
E0101,2026-07-20,24.00,0.00
E0104,2026-07-20,40.00,0.00
E0105,2026-07-20,40.00,0.00
E0106,2026-07-20,24.00,0.00
E0107,2026-07-20,40.00,0.00
E0108,2026-07-20,40.00,0.00
E0109,2026-07-20,40.00,4.25
E0111,2026-07-20,32.00,0.00
E0112,2026-07-20,40.00,3.50
E0113,2026-07-20,40.00,0.00
E0114,2026-07-20,40.00,5.75
E0115,2026-07-20,16.00,0.00
E0116,2026-07-20,24.00,0.75
E0118,2026-07-20,24.00,4.50
E0119,2026-07-20,40.00,4.00
E0120,2026-07-20,40.00,7.00
E0122,2026-07-20,40.00,3.00
E0123,2026-07-20,40.00,4.75
E0124,2026-07-20,24.00,0.00
E0125,2026-07-20,24.00,0.00
E0126,2026-07-20,40.00,0.00
E0128,2026-07-20,24.00,0.00
E0129,2026-07-20,40.00,2.25
E0132,2026-07-20,40.00,1.75
E0134,2026-07-20,40.00,0.00
E0135,2026-07-20,40.00,0.00
E0136,2026-07-20,40.00,0.00
E0137,2026-07-20,40.00,0.00
E0138,2026-07-20,40.00,0.00
E0139,2026-07-20,32.00,0.00
E0140,2026-07-20,40.00,0.00
E0141,2026-07-20,24.00,0.00
E0142,2026-07-20,32.00,0.00
E0143,2026-07-20,40.00,2.25
E0144,2026-07-20,40.00,0.00
E0145,2026-07-20,40.00,0.00
E0146,2026-07-20,40.00,0.00
E0147,2026-07-20,40.00,0.00
E0148,2026-07-20,40.00,0.00
E0149,2026-07-20,40.00,0.00
E0150,2026-07-20,24.00,0.00
E0151,2026-07-20,40.00,2.75
E0152,2026-07-20,40.00,7.50
E0153,2026-07-20,40.00,0.00
E0154,2026-07-20,40.00,6.25
E0155,2026-07-20,40.00,0.00
E0156,2026-07-20,40.00,2.00
E0157,2026-07-20,40.00,0.00
E0159,2026-07-20,40.00,0.00
E0160,2026-07-20,40.00,0.00
E0161,2026-07-20,32.00,0.00
E0162,2026-07-20,40.00,0.00
E0163,2026-07-20,40.00,0.00
E0164,2026-07-20,40.00,3.25
E0165,2026-07-20,40.00,10.50
E0167,2026-07-20,40.00,9.25
E0169,2026-07-20,32.00,0.00
E0170,2026-07-20,40.00,2.75
E0171,2026-07-20,24.00,0.00
E0172,2026-07-20,24.00,0.00
E0173,2026-07-20,40.00,8.00
E0175,2026-07-20,40.00,8.25
E0176,2026-07-20,40.00,13.50
E0177,2026-07-20,24.00,8.25
E0178,2026-07-20,40.00,0.00
E0179,2026-07-20,40.00,10.25
E0180,2026-07-20,24.00,0.00
E0181,2026-07-20,40.00,0.00
E0182,2026-07-20,24.00,0.00
E0186,2026-07-20,24.00,8.75
E0187,2026-07-20,40.00,11.00
E0188,2026-07-20,40.00,9.00
E0189,2026-07-20,40.00,0.00
E0191,2026-07-20,40.00,0.00
E0192,2026-07-20,32.00,0.00
E0193,2026-07-20,40.00,0.00
E0194,2026-07-20,40.00,4.75
E0196,2026-07-20,40.00,0.00
E0197,2026-07-20,40.00,5.75
E0198,2026-07-20,40.00,0.00
E0199,2026-07-20,40.00,3.50
E0200,2026-07-20,40.00,0.00
E0202,2026-07-20,40.00,7.50
E0203,2026-07-20,40.00,0.00
E0204,2026-07-20,24.00,0.00
E0205,2026-07-20,40.00,5.00
E0206,2026-07-20,40.00,6.00
E0207,2026-07-20,40.00,0.00
E0209,2026-07-20,40.00,0.00
E0210,2026-07-20,40.00,0.00
E0211,2026-07-20,32.00,0.00
E0212,2026-07-20,40.00,9.75
E0214,2026-07-20,40.00,0.00
E0215,2026-07-20,40.00,0.00
E0216,2026-07-20,40.00,7.25
E0218,2026-07-20,40.00,0.00
E0219,2026-07-20,24.00,8.75
E0221,2026-07-20,40.00,8.50
E0222,2026-07-20,40.00,7.00
E0223,2026-07-20,40.00,5.00
E0224,2026-07-20,32.00,0.00
E0225,2026-07-20,40.00,4.75
E0226,2026-07-20,24.00,0.00
E0227,2026-07-20,16.00,0.00
E0228,2026-07-20,40.00,0.00
E0230,2026-07-20,40.00,5.00
E0232,2026-07-20,40.00,7.50
E0233,2026-07-20,40.00,6.75
E0234,2026-07-20,40.00,2.75
E0249,2026-07-20,40.00,0.00
E0250,2026-07-20,40.00,9.50
E0251,2026-07-20,40.00,5.25
E0252,2026-07-20,40.00,0.00
E0253,2026-07-20,32.00,0.00
E0255,2026-07-20,40.00,3.25
E0256,2026-07-20,40.00,1.75
E0257,2026-07-20,40.00,0.00
E0259,2026-07-20,40.00,0.00
E0260,2026-07-20,40.00,0.00
E0261,2026-07-20,24.00,0.00
E0262,2026-07-20,24.00,0.00
E0263,2026-07-20,40.00,0.00
E0265,2026-07-20,40.00,0.00
E0266,2026-07-20,40.00,7.25
E0267,2026-07-20,40.00,0.00
E0268,2026-07-20,40.00,0.00
E0270,2026-07-20,24.00,0.00
E0272,2026-07-20,32.00,0.00
E0273,2026-07-20,40.00,0.00
E0274,2026-07-20,40.00,0.00
E0275,2026-07-20,40.00,0.00
E0276,2026-07-20,40.00,0.00
E0277,2026-07-20,40.00,6.75
E0278,2026-07-20,40.00,4.25
E0279,2026-07-20,40.00,0.00
E0280,2026-07-20,40.00,0.00
E0281,2026-07-20,40.00,8.25
E0282,2026-07-20,40.00,0.00
E0284,2026-07-20,32.00,0.00
E0285,2026-07-20,24.00,0.00
E0286,2026-07-20,40.00,0.00
E0287,2026-07-20,24.00,0.00
E0288,2026-07-20,40.00,0.00
E0289,2026-07-20,40.00,0.00
E0290,2026-07-20,40.00,2.00
E0291,2026-07-20,40.00,5.00
E0292,2026-07-20,24.00,7.00
E0293,2026-07-20,40.00,0.00
E0294,2026-07-20,40.00,0.00
E0295,2026-07-20,40.00,0.00
E0296,2026-07-20,40.00,0.00
E0297,2026-07-20,40.00,0.00
E0298,2026-07-20,32.00,0.00
E0299,2026-07-20,40.00,0.00
E0301,2026-07-20,40.00,4.00
E0303,2026-07-20,24.00,0.00
E0304,2026-07-20,40.00,7.25
E0002,2026-07-27,40.00,0.00
E0003,2026-07-27,40.00,0.00
E0004,2026-07-27,40.00,0.00
E0006,2026-07-27,40.00,0.00
E0007,2026-07-27,40.00,0.00
E0008,2026-07-27,40.00,0.00
E0009,2026-07-27,40.00,0.00
E0010,2026-07-27,40.00,0.50
E0011,2026-07-27,40.00,1.75
E0012,2026-07-27,40.00,0.00
E0013,2026-07-27,32.00,0.00
E0014,2026-07-27,40.00,0.00
E0015,2026-07-27,24.00,0.00
E0016,2026-07-27,40.00,0.00
E0017,2026-07-27,40.00,0.00
E0018,2026-07-27,40.00,0.00
E0019,2026-07-27,40.00,0.00
E0020,2026-07-27,40.00,0.00
E0021,2026-07-27,40.00,0.00
E0022,2026-07-27,24.00,0.00
E0023,2026-07-27,40.00,0.00
E0024,2026-07-27,40.00,0.00
E0025,2026-07-27,40.00,0.00
E0026,2026-07-27,40.00,0.00
E0027,2026-07-27,40.00,0.00
E0028,2026-07-27,40.00,0.00
E0029,2026-07-27,40.00,2.75
E0030,2026-07-27,40.00,0.00
E0031,2026-07-27,40.00,0.00
E0032,2026-07-27,40.00,0.00
E0034,2026-07-27,40.00,0.00
E0035,2026-07-27,40.00,0.00
E0036,2026-07-27,40.00,0.00
E0037,2026-07-27,40.00,0.00
E0038,2026-07-27,40.00,0.00
E0039,2026-07-27,40.00,0.00
E0041,2026-07-27,24.00,0.00
E0042,2026-07-27,40.00,0.00
E0043,2026-07-27,40.00,0.00
E0044,2026-07-27,40.00,0.00
E0045,2026-07-27,40.00,0.00
E0046,2026-07-27,40.00,0.00
E0047,2026-07-27,40.00,0.00
E0048,2026-07-27,40.00,0.00
E0049,2026-07-27,40.00,0.00
E0051,2026-07-27,40.00,0.00
E0052,2026-07-27,40.00,0.00
E0053,2026-07-27,40.00,0.00
E0054,2026-07-27,40.00,0.00
E0055,2026-07-27,40.00,0.00
E0056,2026-07-27,40.00,0.00
E0057,2026-07-27,40.00,0.00
E0058,2026-07-27,24.00,0.00
E0059,2026-07-27,40.00,0.00
E0060,2026-07-27,40.00,0.00
E0061,2026-07-27,40.00,0.00
E0063,2026-07-27,40.00,0.00
E0065,2026-07-27,40.00,0.00
E0066,2026-07-27,40.00,0.00
E0067,2026-07-27,40.00,0.00
E0068,2026-07-27,40.00,0.00
E0069,2026-07-27,40.00,0.00
E0070,2026-07-27,40.00,0.00
E0071,2026-07-27,40.00,0.00
E0072,2026-07-27,40.00,0.00
E0074,2026-07-27,40.00,0.00
E0075,2026-07-27,40.00,0.00
E0076,2026-07-27,40.00,0.00
E0077,2026-07-27,24.00,0.00
E0078,2026-07-27,24.00,0.00
E0079,2026-07-27,40.00,1.25
E0081,2026-07-27,40.00,0.00
E0082,2026-07-27,40.00,0.00
E0083,2026-07-27,40.00,0.00
E0084,2026-07-27,40.00,0.00
E0085,2026-07-27,40.00,0.00
E0086,2026-07-27,40.00,0.00
E0087,2026-07-27,40.00,1.75
E0088,2026-07-27,40.00,1.75
E0091,2026-07-27,40.00,0.00
E0092,2026-07-27,32.00,0.00
E0093,2026-07-27,40.00,0.00
E0095,2026-07-27,40.00,0.00
E0096,2026-07-27,40.00,0.00
E0097,2026-07-27,40.00,0.00
E0098,2026-07-27,40.00,0.00
E0099,2026-07-27,40.00,0.00
E0100,2026-07-27,40.00,0.00
E0101,2026-07-27,40.00,1.00
E0104,2026-07-27,40.00,0.00
E0105,2026-07-27,32.00,0.00
E0106,2026-07-27,32.00,0.00
E0107,2026-07-27,40.00,3.50
E0108,2026-07-27,40.00,0.00
E0109,2026-07-27,32.00,0.00
E0111,2026-07-27,40.00,6.50
E0112,2026-07-27,40.00,3.25
E0113,2026-07-27,40.00,3.00
E0114,2026-07-27,40.00,0.00
E0115,2026-07-27,24.00,5.25
E0116,2026-07-27,24.00,6.50
E0118,2026-07-27,24.00,4.00
E0119,2026-07-27,40.00,3.50
E0120,2026-07-27,40.00,3.75
E0122,2026-07-27,24.00,0.00
E0123,2026-07-27,40.00,1.25
E0124,2026-07-27,40.00,0.00
E0125,2026-07-27,32.00,0.00
E0126,2026-07-27,40.00,2.75
E0128,2026-07-27,40.00,2.50
E0129,2026-07-27,40.00,0.00
E0132,2026-07-27,40.00,4.50
E0134,2026-07-27,40.00,0.00
E0135,2026-07-27,40.00,3.25
E0136,2026-07-27,40.00,0.00
E0137,2026-07-27,40.00,0.00
E0138,2026-07-27,40.00,0.00
E0139,2026-07-27,32.00,0.00
E0140,2026-07-27,40.00,0.00
E0141,2026-07-27,40.00,3.25
E0142,2026-07-27,24.00,0.00
E0143,2026-07-27,40.00,2.50
E0144,2026-07-27,32.00,0.00
E0145,2026-07-27,40.00,0.00
E0146,2026-07-27,40.00,0.00
E0147,2026-07-27,40.00,0.50
E0148,2026-07-27,40.00,0.00
E0149,2026-07-27,40.00,0.00
E0150,2026-07-27,24.00,2.75
E0151,2026-07-27,40.00,0.00
E0152,2026-07-27,40.00,5.25
E0153,2026-07-27,32.00,0.00
E0154,2026-07-27,40.00,0.00
E0155,2026-07-27,40.00,0.00
E0156,2026-07-27,40.00,8.50
E0157,2026-07-27,40.00,0.00
E0159,2026-07-27,40.00,5.25
E0160,2026-07-27,40.00,4.25
E0161,2026-07-27,40.00,4.00
E0162,2026-07-27,40.00,0.00
E0163,2026-07-27,40.00,3.00
E0164,2026-07-27,40.00,4.50
E0165,2026-07-27,24.00,0.00
E0167,2026-07-27,40.00,7.75
E0169,2026-07-27,40.00,5.25
E0170,2026-07-27,40.00,6.25
E0171,2026-07-27,32.00,0.00
E0172,2026-07-27,40.00,7.50
E0173,2026-07-27,40.00,10.75
E0175,2026-07-27,40.00,0.00
E0176,2026-07-27,40.00,0.00
E0177,2026-07-27,24.00,0.00
E0178,2026-07-27,40.00,0.00
E0179,2026-07-27,40.00,0.00
E0180,2026-07-27,40.00,6.50
E0181,2026-07-27,40.00,8.00
E0182,2026-07-27,24.00,0.00
E0186,2026-07-27,24.00,0.00
E0187,2026-07-27,40.00,5.75
E0188,2026-07-27,40.00,2.75
E0189,2026-07-27,40.00,0.00
E0191,2026-07-27,24.00,0.00
E0192,2026-07-27,40.00,0.00
E0193,2026-07-27,40.00,0.00
E0194,2026-07-27,40.00,0.00
E0196,2026-07-27,24.00,0.00
E0197,2026-07-27,40.00,6.00
E0198,2026-07-27,40.00,11.00
E0199,2026-07-27,40.00,5.00
E0200,2026-07-27,40.00,0.00
E0202,2026-07-27,40.00,6.00
E0203,2026-07-27,40.00,9.25
E0204,2026-07-27,24.00,10.25
E0205,2026-07-27,40.00,10.75
E0206,2026-07-27,40.00,6.00
E0207,2026-07-27,40.00,7.75
E0209,2026-07-27,40.00,6.50
E0210,2026-07-27,40.00,12.00
E0211,2026-07-27,40.00,3.75
E0212,2026-07-27,40.00,5.75
E0214,2026-07-27,24.00,0.00
E0215,2026-07-27,40.00,7.25
E0216,2026-07-27,40.00,8.50
E0218,2026-07-27,40.00,4.75
E0219,2026-07-27,24.00,7.25
E0221,2026-07-27,40.00,6.25
E0222,2026-07-27,24.00,0.00
E0223,2026-07-27,40.00,2.25
E0224,2026-07-27,40.00,1.50
E0225,2026-07-27,40.00,0.00
E0226,2026-07-27,16.00,0.00
E0227,2026-07-27,24.00,0.00
E0228,2026-07-27,40.00,0.00
E0230,2026-07-27,40.00,0.00
E0232,2026-07-27,40.00,0.00
E0233,2026-07-27,32.00,0.00
E0234,2026-07-27,40.00,9.00
E0249,2026-07-27,40.00,0.00
E0250,2026-07-27,40.00,0.00
E0251,2026-07-27,40.00,3.50
E0252,2026-07-27,40.00,0.00
E0253,2026-07-27,40.00,0.00
E0255,2026-07-27,40.00,0.00
E0256,2026-07-27,40.00,5.50
E0257,2026-07-27,40.00,8.50
E0259,2026-07-27,40.00,0.00
E0260,2026-07-27,32.00,0.00
E0261,2026-07-27,32.00,0.00
E0262,2026-07-27,40.00,3.50
E0263,2026-07-27,40.00,0.00
E0265,2026-07-27,40.00,0.00
E0266,2026-07-27,32.00,0.00
E0267,2026-07-27,40.00,0.00
E0268,2026-07-27,40.00,7.75
E0270,2026-07-27,40.00,0.00
E0272,2026-07-27,24.00,0.00
E0273,2026-07-27,40.00,9.50
E0274,2026-07-27,40.00,0.00
E0275,2026-07-27,40.00,0.00
E0276,2026-07-27,40.00,6.50
E0277,2026-07-27,32.00,0.00
E0278,2026-07-27,40.00,2.00
E0279,2026-07-27,40.00,1.50
E0280,2026-07-27,40.00,0.00
E0281,2026-07-27,40.00,0.00
E0282,2026-07-27,40.00,4.50
E0284,2026-07-27,40.00,0.00
E0285,2026-07-27,40.00,0.00
E0286,2026-07-27,40.00,0.00
E0287,2026-07-27,24.00,3.25
E0288,2026-07-27,40.00,0.00
E0289,2026-07-27,40.00,0.00
E0290,2026-07-27,40.00,2.00
E0291,2026-07-27,40.00,0.50
E0292,2026-07-27,24.00,0.00
E0293,2026-07-27,40.00,0.00
E0294,2026-07-27,40.00,0.00
E0295,2026-07-27,40.00,0.00
E0296,2026-07-27,40.00,0.00
E0297,2026-07-27,40.00,0.00
E0298,2026-07-27,40.00,0.00
E0299,2026-07-27,40.00,0.00
E0300,2026-07-27,40.00,7.75
E0301,2026-07-27,40.00,10.00
E0302,2026-07-27,40.00,0.00
E0303,2026-07-27,40.00,1.25
E0304,2026-07-27,40.00,0.00
E0002,2026-08-03,40.00,0.00
E0003,2026-08-03,40.00,0.00
E0004,2026-08-03,40.00,0.00
E0006,2026-08-03,40.00,0.00
E0007,2026-08-03,40.00,0.00
E0008,2026-08-03,40.00,0.00
E0009,2026-08-03,40.00,0.00
E0010,2026-08-03,40.00,4.00
E0011,2026-08-03,40.00,0.00
E0013,2026-08-03,40.00,0.00
E0014,2026-08-03,40.00,0.00
E0015,2026-08-03,40.00,2.50
E0016,2026-08-03,40.00,0.00
E0017,2026-08-03,40.00,0.00
E0018,2026-08-03,40.00,0.00
E0019,2026-08-03,40.00,0.00
E0020,2026-08-03,40.00,0.00
E0021,2026-08-03,40.00,0.00
E0022,2026-08-03,40.00,0.00
E0023,2026-08-03,40.00,0.00
E0024,2026-08-03,40.00,0.00
E0025,2026-08-03,40.00,0.00
E0026,2026-08-03,40.00,0.00
E0027,2026-08-03,40.00,0.00
E0028,2026-08-03,40.00,0.00
E0029,2026-08-03,40.00,2.75
E0030,2026-08-03,40.00,0.00
E0031,2026-08-03,40.00,0.00
E0032,2026-08-03,40.00,0.00
E0034,2026-08-03,40.00,0.00
E0035,2026-08-03,40.00,0.00
E0036,2026-08-03,40.00,0.00
E0037,2026-08-03,40.00,0.00
E0038,2026-08-03,40.00,0.00
E0039,2026-08-03,40.00,0.00
E0041,2026-08-03,40.00,0.00
E0042,2026-08-03,40.00,0.00
E0043,2026-08-03,40.00,0.00
E0044,2026-08-03,40.00,0.00
E0045,2026-08-03,40.00,0.00
E0046,2026-08-03,40.00,0.00
E0047,2026-08-03,40.00,0.00
E0048,2026-08-03,32.00,0.00
E0049,2026-08-03,40.00,0.00
E0051,2026-08-03,40.00,0.00
E0052,2026-08-03,40.00,0.00
E0053,2026-08-03,40.00,0.00
E0054,2026-08-03,40.00,0.00
E0055,2026-08-03,40.00,0.00
E0056,2026-08-03,40.00,0.00
E0057,2026-08-03,40.00,0.00
E0058,2026-08-03,40.00,0.00
E0059,2026-08-03,32.00,0.00
E0060,2026-08-03,40.00,0.00
E0061,2026-08-03,32.00,0.00
E0063,2026-08-03,40.00,0.00
E0065,2026-08-03,40.00,0.00
E0066,2026-08-03,40.00,0.00
E0067,2026-08-03,40.00,0.00
E0068,2026-08-03,40.00,0.00
E0069,2026-08-03,40.00,0.00
E0070,2026-08-03,40.00,0.00
E0071,2026-08-03,40.00,0.00
E0072,2026-08-03,40.00,0.00
E0074,2026-08-03,40.00,0.00
E0075,2026-08-03,40.00,0.00
E0076,2026-08-03,40.00,0.00
E0077,2026-08-03,40.00,0.00
E0078,2026-08-03,40.00,0.00
E0079,2026-08-03,40.00,0.00
E0081,2026-08-03,40.00,0.00
E0082,2026-08-03,40.00,0.00
E0083,2026-08-03,24.00,0.00
E0084,2026-08-03,40.00,0.00
E0085,2026-08-03,40.00,0.00
E0086,2026-08-03,40.00,2.25
E0087,2026-08-03,40.00,0.25
E0088,2026-08-03,40.00,1.25
E0091,2026-08-03,40.00,0.00
E0092,2026-08-03,40.00,0.00
E0093,2026-08-03,40.00,0.00
E0095,2026-08-03,32.00,0.00
E0096,2026-08-03,40.00,0.00
E0097,2026-08-03,40.00,0.00
E0098,2026-08-03,40.00,0.00
E0099,2026-08-03,40.00,0.00
E0100,2026-08-03,40.00,0.00
E0101,2026-08-03,40.00,0.00
E0104,2026-08-03,40.00,0.00
E0105,2026-08-03,40.00,0.00
E0106,2026-08-03,40.00,2.25
E0107,2026-08-03,32.00,0.00
E0108,2026-08-03,40.00,3.25
E0109,2026-08-03,40.00,0.00
E0111,2026-08-03,40.00,5.25
E0112,2026-08-03,40.00,2.75
E0113,2026-08-03,40.00,4.25
E0114,2026-08-03,40.00,2.75
E0115,2026-08-03,24.00,0.00
E0116,2026-08-03,24.00,6.75
E0118,2026-08-03,8.00,0.00
E0119,2026-08-03,40.00,2.50
E0120,2026-08-03,40.00,4.75
E0122,2026-08-03,40.00,0.00
E0123,2026-08-03,40.00,4.50
E0124,2026-08-03,40.00,3.25
E0125,2026-08-03,40.00,0.00
E0126,2026-08-03,32.00,0.00
E0128,2026-08-03,40.00,0.00
E0129,2026-08-03,32.00,0.00
E0132,2026-08-03,40.00,0.00
E0134,2026-08-03,40.00,0.00
E0135,2026-08-03,40.00,2.75
E0136,2026-08-03,40.00,0.00
E0137,2026-08-03,40.00,0.00
E0138,2026-08-03,40.00,0.00
E0139,2026-08-03,32.00,0.00
E0140,2026-08-03,40.00,0.00
E0141,2026-08-03,40.00,2.00
E0142,2026-08-03,32.00,0.00
E0143,2026-08-03,40.00,2.50
E0144,2026-08-03,40.00,0.00
E0145,2026-08-03,40.00,0.00
E0146,2026-08-03,40.00,0.00
E0147,2026-08-03,40.00,0.00
E0148,2026-08-03,40.00,0.00
E0149,2026-08-03,40.00,0.00
E0150,2026-08-03,24.00,0.00
E0151,2026-08-03,40.00,3.75
E0152,2026-08-03,40.00,8.00
E0153,2026-08-03,32.00,0.00
E0154,2026-08-03,40.00,7.50
E0155,2026-08-03,24.00,0.00
E0156,2026-08-03,40.00,0.00
E0157,2026-08-03,40.00,0.00
E0159,2026-08-03,40.00,0.00
E0160,2026-08-03,40.00,0.00
E0161,2026-08-03,40.00,4.25
E0162,2026-08-03,40.00,4.75
E0163,2026-08-03,40.00,4.75
E0164,2026-08-03,40.00,6.75
E0165,2026-08-03,40.00,0.00
E0167,2026-08-03,40.00,0.00
E0169,2026-08-03,40.00,0.00
E0170,2026-08-03,40.00,10.75
E0171,2026-08-03,40.00,9.25
E0172,2026-08-03,40.00,6.00
E0173,2026-08-03,40.00,5.00
E0175,2026-08-03,40.00,11.00
E0176,2026-08-03,32.00,0.00
E0177,2026-08-03,24.00,0.00
E0178,2026-08-03,40.00,0.00
E0179,2026-08-03,40.00,8.00
E0180,2026-08-03,40.00,5.75
E0181,2026-08-03,40.00,0.00
E0182,2026-08-03,24.00,0.00
E0186,2026-08-03,24.00,16.50
E0187,2026-08-03,40.00,12.75
E0188,2026-08-03,40.00,10.50
E0189,2026-08-03,40.00,0.00
E0191,2026-08-03,40.00,0.00
E0192,2026-08-03,40.00,7.25
E0193,2026-08-03,40.00,0.00
E0194,2026-08-03,40.00,9.25
E0196,2026-08-03,40.00,4.50
E0197,2026-08-03,40.00,8.25
E0198,2026-08-03,32.00,0.00
E0199,2026-08-03,40.00,0.00
E0200,2026-08-03,40.00,0.00
E0202,2026-08-03,40.00,10.00
E0203,2026-08-03,40.00,3.75
E0204,2026-08-03,24.00,0.00
E0205,2026-08-03,40.00,6.25
E0206,2026-08-03,40.00,0.00
E0207,2026-08-03,40.00,5.50
E0209,2026-08-03,40.00,6.75
E0210,2026-08-03,40.00,10.00
E0211,2026-08-03,40.00,3.75
E0212,2026-08-03,40.00,16.25
E0214,2026-08-03,40.00,0.00
E0215,2026-08-03,40.00,0.00
E0216,2026-08-03,40.00,6.25
E0218,2026-08-03,40.00,2.75
E0219,2026-08-03,24.00,5.25
E0221,2026-08-03,32.00,0.00
E0222,2026-08-03,40.00,8.25
E0223,2026-08-03,40.00,9.00
E0224,2026-08-03,40.00,0.00
E0225,2026-08-03,40.00,2.75
E0226,2026-08-03,24.00,6.25
E0227,2026-08-03,24.00,6.75
E0228,2026-08-03,40.00,0.00
E0230,2026-08-03,40.00,3.00
E0232,2026-08-03,40.00,10.00
E0233,2026-08-03,40.00,5.25
E0234,2026-08-03,40.00,0.00
E0249,2026-08-03,40.00,0.00
E0250,2026-08-03,40.00,0.00
E0251,2026-08-03,40.00,9.25
E0252,2026-08-03,40.00,0.00
E0253,2026-08-03,40.00,0.00
E0255,2026-08-03,40.00,4.75
E0256,2026-08-03,40.00,0.00
E0257,2026-08-03,40.00,4.75
E0259,2026-08-03,40.00,0.00
E0260,2026-08-03,40.00,0.00
E0261,2026-08-03,40.00,0.00
E0262,2026-08-03,32.00,0.00
E0263,2026-08-03,32.00,0.00
E0265,2026-08-03,40.00,0.00
E0266,2026-08-03,40.00,0.00
E0267,2026-08-03,40.00,0.00
E0268,2026-08-03,40.00,0.00
E0270,2026-08-03,40.00,10.75
E0272,2026-08-03,40.00,0.00
E0273,2026-08-03,40.00,10.75
E0274,2026-08-03,40.00,0.00
E0275,2026-08-03,40.00,0.00
E0276,2026-08-03,40.00,0.00
E0277,2026-08-03,32.00,0.00
E0278,2026-08-03,40.00,4.25
E0279,2026-08-03,40.00,2.25
E0280,2026-08-03,40.00,0.00
E0281,2026-08-03,40.00,9.25
E0282,2026-08-03,40.00,8.50
E0284,2026-08-03,40.00,0.00
E0285,2026-08-03,40.00,0.00
E0286,2026-08-03,40.00,0.00
E0287,2026-08-03,24.00,3.75
E0288,2026-08-03,40.00,10.75
E0289,2026-08-03,40.00,0.00
E0290,2026-08-03,40.00,1.50
E0291,2026-08-03,40.00,5.25
E0292,2026-08-03,16.00,0.00
E0293,2026-08-03,40.00,1.75
E0294,2026-08-03,40.00,0.00
E0295,2026-08-03,40.00,0.00
E0296,2026-08-03,40.00,0.00
E0297,2026-08-03,40.00,0.00
E0298,2026-08-03,32.00,0.00
E0299,2026-08-03,40.00,0.00
E0300,2026-08-03,40.00,9.50
E0301,2026-08-03,40.00,0.00
E0302,2026-08-03,24.00,0.00
E0303,2026-08-03,40.00,3.00
E0304,2026-08-03,40.00,10.50
E0306,2026-08-03,40.00,0.00
E0002,2026-08-10,40.00,0.00
E0003,2026-08-10,40.00,0.00
E0004,2026-08-10,40.00,0.00
E0006,2026-08-10,40.00,0.00
E0007,2026-08-10,40.00,0.00
E0008,2026-08-10,40.00,0.00
E0009,2026-08-10,40.00,0.00
E0010,2026-08-10,40.00,4.00
E0011,2026-08-10,40.00,0.00
E0013,2026-08-10,40.00,0.00
E0014,2026-08-10,40.00,0.00
E0015,2026-08-10,40.00,3.75
E0016,2026-08-10,40.00,0.00
E0017,2026-08-10,40.00,0.00
E0018,2026-08-10,40.00,0.00
E0019,2026-08-10,40.00,0.00
E0020,2026-08-10,40.00,0.00
E0021,2026-08-10,40.00,0.00
E0022,2026-08-10,40.00,0.00
E0023,2026-08-10,40.00,0.00
E0024,2026-08-10,40.00,0.00
E0025,2026-08-10,40.00,0.00
E0026,2026-08-10,40.00,0.00
E0027,2026-08-10,40.00,0.00
E0028,2026-08-10,40.00,0.00
E0029,2026-08-10,40.00,0.00
E0030,2026-08-10,40.00,0.00
E0031,2026-08-10,40.00,0.00
E0032,2026-08-10,40.00,0.00
E0034,2026-08-10,40.00,0.00
E0035,2026-08-10,40.00,0.00
E0036,2026-08-10,40.00,0.00
E0037,2026-08-10,40.00,0.00
E0038,2026-08-10,40.00,0.00
E0039,2026-08-10,40.00,0.00
E0041,2026-08-10,40.00,0.00
E0042,2026-08-10,40.00,0.00
E0043,2026-08-10,40.00,0.00
E0044,2026-08-10,40.00,0.00
E0045,2026-08-10,40.00,0.00
E0046,2026-08-10,40.00,0.00
E0047,2026-08-10,40.00,0.00
E0048,2026-08-10,40.00,0.00
E0049,2026-08-10,40.00,0.00
E0051,2026-08-10,40.00,0.00
E0052,2026-08-10,32.00,0.00
E0053,2026-08-10,40.00,0.00
E0054,2026-08-10,40.00,0.00
E0055,2026-08-10,40.00,0.00
E0056,2026-08-10,40.00,0.00
E0057,2026-08-10,40.00,2.00
E0058,2026-08-10,40.00,0.00
E0059,2026-08-10,40.00,0.00
E0060,2026-08-10,40.00,0.00
E0061,2026-08-10,40.00,1.00
E0063,2026-08-10,40.00,0.00
E0065,2026-08-10,32.00,0.00
E0066,2026-08-10,40.00,0.00
E0067,2026-08-10,40.00,0.00
E0068,2026-08-10,40.00,0.00
E0069,2026-08-10,40.00,0.00
E0070,2026-08-10,24.00,0.00
E0071,2026-08-10,40.00,0.00
E0072,2026-08-10,24.00,0.00
E0074,2026-08-10,40.00,0.00
E0075,2026-08-10,40.00,0.00
E0076,2026-08-10,40.00,0.00
E0077,2026-08-10,40.00,0.00
E0078,2026-08-10,40.00,0.00
E0079,2026-08-10,40.00,0.00
E0081,2026-08-10,40.00,0.00
E0082,2026-08-10,40.00,0.00
E0083,2026-08-10,40.00,0.00
E0084,2026-08-10,40.00,0.00
E0085,2026-08-10,40.00,0.00
E0086,2026-08-10,32.00,0.00
E0087,2026-08-10,40.00,0.75
E0088,2026-08-10,40.00,0.25
E0091,2026-08-10,40.00,0.00
E0092,2026-08-10,40.00,0.00
E0093,2026-08-10,40.00,0.00
E0095,2026-08-10,40.00,0.00
E0096,2026-08-10,40.00,0.00
E0097,2026-08-10,40.00,0.00
E0098,2026-08-10,40.00,0.00
E0099,2026-08-10,40.00,0.00
E0100,2026-08-10,40.00,0.00
E0101,2026-08-10,32.00,0.00
E0104,2026-08-10,40.00,0.00
E0105,2026-08-10,40.00,0.00
E0106,2026-08-10,40.00,1.50
E0107,2026-08-10,40.00,4.00
E0108,2026-08-10,40.00,3.75
E0109,2026-08-10,40.00,0.00
E0111,2026-08-10,40.00,0.00
E0112,2026-08-10,32.00,0.00
E0113,2026-08-10,40.00,0.00
E0114,2026-08-10,32.00,0.00
E0115,2026-08-10,16.00,0.00
E0116,2026-08-10,24.00,0.00
E0118,2026-08-10,24.00,0.00
E0119,2026-08-10,40.00,4.75
E0120,2026-08-10,40.00,6.50
E0122,2026-08-10,40.00,0.00
E0123,2026-08-10,40.00,0.00
E0124,2026-08-10,40.00,4.50
E0125,2026-08-10,24.00,0.00
E0126,2026-08-10,40.00,3.75
E0128,2026-08-10,40.00,4.75
E0129,2026-08-10,40.00,6.25
E0132,2026-08-10,40.00,1.75
E0134,2026-08-10,24.00,0.00
E0135,2026-08-10,40.00,0.00
E0136,2026-08-10,40.00,0.00
E0137,2026-08-10,40.00,0.00
E0138,2026-08-10,40.00,0.00
E0139,2026-08-10,40.00,0.00
E0140,2026-08-10,40.00,0.00
E0141,2026-08-10,40.00,0.00
E0142,2026-08-10,40.00,3.00
E0143,2026-08-10,40.00,0.00
E0144,2026-08-10,40.00,0.00
E0145,2026-08-10,40.00,0.00
E0146,2026-08-10,40.00,0.00
E0147,2026-08-10,40.00,2.75
E0148,2026-08-10,40.00,0.00
E0149,2026-08-10,40.00,0.00
E0150,2026-08-10,24.00,0.00
E0151,2026-08-10,40.00,3.25
E0152,2026-08-10,40.00,1.50
E0153,2026-08-10,40.00,0.00
E0154,2026-08-10,40.00,0.00
E0155,2026-08-10,40.00,0.00
E0156,2026-08-10,40.00,0.00
E0157,2026-08-10,40.00,0.00
E0159,2026-08-10,40.00,0.00
E0160,2026-08-10,40.00,11.25
E0161,2026-08-10,40.00,6.50
E0162,2026-08-10,40.00,0.00
E0163,2026-08-10,32.00,0.00
E0164,2026-08-10,40.00,0.00
E0165,2026-08-10,40.00,1.25
E0167,2026-08-10,40.00,0.00
E0169,2026-08-10,40.00,5.50
E0170,2026-08-10,40.00,11.00
E0171,2026-08-10,40.00,0.00
E0172,2026-08-10,40.00,0.00
E0173,2026-08-10,40.00,0.00
E0175,2026-08-10,40.00,0.75
E0176,2026-08-10,40.00,11.25
E0177,2026-08-10,24.00,0.00
E0178,2026-08-10,40.00,0.00
E0179,2026-08-10,40.00,0.00
E0180,2026-08-10,40.00,5.25
E0181,2026-08-10,40.00,8.50
E0182,2026-08-10,24.00,2.25
E0186,2026-08-10,24.00,9.75
E0187,2026-08-10,40.00,3.50
E0188,2026-08-10,40.00,9.50
E0189,2026-08-10,40.00,6.00
E0191,2026-08-10,40.00,5.75
E0192,2026-08-10,40.00,13.50
E0193,2026-08-10,40.00,3.00
E0194,2026-08-10,40.00,8.75
E0196,2026-08-10,40.00,11.50
E0197,2026-08-10,40.00,0.00
E0198,2026-08-10,40.00,5.00
E0199,2026-08-10,40.00,2.25
E0200,2026-08-10,40.00,0.00
E0202,2026-08-10,40.00,12.00
E0203,2026-08-10,40.00,8.25
E0204,2026-08-10,24.00,11.75
E0205,2026-08-10,40.00,0.00
E0206,2026-08-10,40.00,6.75
E0207,2026-08-10,32.00,0.00
E0209,2026-08-10,40.00,0.00
E0210,2026-08-10,40.00,3.00
E0211,2026-08-10,40.00,10.00
E0212,2026-08-10,40.00,11.00
E0214,2026-08-10,40.00,6.75
E0215,2026-08-10,40.00,4.25
E0216,2026-08-10,40.00,4.75
E0219,2026-08-10,24.00,10.75
E0221,2026-08-10,40.00,0.00
E0222,2026-08-10,40.00,7.00
E0223,2026-08-10,40.00,0.00
E0224,2026-08-10,40.00,8.00
E0225,2026-08-10,40.00,0.00
E0226,2026-08-10,16.00,0.00
E0227,2026-08-10,8.00,0.00
E0228,2026-08-10,40.00,5.50
E0230,2026-08-10,40.00,11.00
E0232,2026-08-10,40.00,0.00
E0233,2026-08-10,40.00,1.75
E0234,2026-08-10,40.00,0.00
E0249,2026-08-10,40.00,0.00
E0250,2026-08-10,40.00,7.00
E0251,2026-08-10,40.00,0.00
E0252,2026-08-10,40.00,0.00
E0253,2026-08-10,40.00,0.00
E0255,2026-08-10,40.00,5.25
E0256,2026-08-10,40.00,0.00
E0257,2026-08-10,40.00,5.25
E0259,2026-08-10,40.00,0.00
E0260,2026-08-10,40.00,0.00
E0261,2026-08-10,40.00,0.00
E0262,2026-08-10,40.00,6.25
E0263,2026-08-10,40.00,7.00
E0265,2026-08-10,40.00,0.00
E0266,2026-08-10,40.00,0.00
E0267,2026-08-10,24.00,0.00
E0268,2026-08-10,40.00,0.00
E0270,2026-08-10,40.00,9.75
E0272,2026-08-10,40.00,6.00
E0273,2026-08-10,40.00,2.50
E0274,2026-08-10,40.00,0.00
E0275,2026-08-10,40.00,0.00
E0276,2026-08-10,40.00,2.00
E0277,2026-08-10,40.00,1.00
E0278,2026-08-10,40.00,8.50
E0279,2026-08-10,40.00,1.75
E0280,2026-08-10,32.00,0.00
E0281,2026-08-10,40.00,5.50
E0282,2026-08-10,32.00,0.00
E0284,2026-08-10,32.00,0.00
E0285,2026-08-10,40.00,0.00
E0286,2026-08-10,40.00,0.00
E0287,2026-08-10,24.00,4.50
E0288,2026-08-10,40.00,0.00
E0289,2026-08-10,40.00,0.00
E0290,2026-08-10,40.00,1.75
E0291,2026-08-10,40.00,0.00
E0292,2026-08-10,24.00,0.00
E0293,2026-08-10,40.00,2.50
E0294,2026-08-10,24.00,0.00
E0295,2026-08-10,32.00,0.00
E0296,2026-08-10,32.00,0.00
E0297,2026-08-10,24.00,0.00
E0298,2026-08-10,32.00,0.00
E0299,2026-08-10,40.00,0.00
E0300,2026-08-10,40.00,3.75
E0301,2026-08-10,40.00,9.50
E0302,2026-08-10,40.00,0.00
E0303,2026-08-10,40.00,0.00
E0304,2026-08-10,40.00,7.00
E0306,2026-08-10,40.00,0.00
E0002,2026-08-17,24.00,0.00
E0003,2026-08-17,40.00,0.00
E0004,2026-08-17,40.00,0.00
E0006,2026-08-17,40.00,0.00
E0007,2026-08-17,24.00,0.00
E0008,2026-08-17,40.00,0.00
E0009,2026-08-17,40.00,0.00
E0010,2026-08-17,40.00,0.00
E0011,2026-08-17,40.00,1.25
E0013,2026-08-17,40.00,0.00
E0014,2026-08-17,40.00,0.00
E0015,2026-08-17,32.00,0.00
E0016,2026-08-17,40.00,0.00
E0017,2026-08-17,40.00,0.00
E0018,2026-08-17,40.00,0.00
E0019,2026-08-17,40.00,0.00
E0020,2026-08-17,40.00,0.00
E0021,2026-08-17,40.00,0.00
E0022,2026-08-17,40.00,0.00
E0023,2026-08-17,40.00,0.00
E0024,2026-08-17,40.00,0.00
E0025,2026-08-17,40.00,0.00
E0026,2026-08-17,40.00,0.00
E0027,2026-08-17,40.00,0.00
E0028,2026-08-17,40.00,0.00
E0029,2026-08-17,40.00,4.25
E0030,2026-08-17,40.00,0.00
E0031,2026-08-17,40.00,0.00
E0032,2026-08-17,40.00,0.00
E0034,2026-08-17,40.00,0.00
E0035,2026-08-17,24.00,0.00
E0036,2026-08-17,40.00,0.00
E0037,2026-08-17,40.00,0.00
E0038,2026-08-17,40.00,0.00
E0039,2026-08-17,40.00,0.00
E0041,2026-08-17,40.00,0.00
E0042,2026-08-17,40.00,0.00
E0043,2026-08-17,40.00,0.00
E0044,2026-08-17,32.00,0.00
E0045,2026-08-17,40.00,0.00
E0046,2026-08-17,40.00,0.00
E0047,2026-08-17,40.00,0.00
E0048,2026-08-17,40.00,0.00
E0049,2026-08-17,40.00,0.00
E0051,2026-08-17,40.00,0.00
E0052,2026-08-17,40.00,0.00
E0053,2026-08-17,40.00,0.00
E0054,2026-08-17,32.00,0.00
E0055,2026-08-17,40.00,0.00
E0056,2026-08-17,40.00,0.00
E0057,2026-08-17,40.00,2.25
E0058,2026-08-17,40.00,1.00
E0059,2026-08-17,40.00,0.00
E0060,2026-08-17,40.00,0.00
E0061,2026-08-17,40.00,0.00
E0063,2026-08-17,40.00,0.00
E0065,2026-08-17,40.00,0.00
E0066,2026-08-17,40.00,0.00
E0067,2026-08-17,24.00,0.00
E0068,2026-08-17,40.00,0.00
E0069,2026-08-17,40.00,0.00
E0071,2026-08-17,40.00,0.00
E0072,2026-08-17,40.00,0.00
E0074,2026-08-17,40.00,0.00
E0075,2026-08-17,40.00,0.00
E0076,2026-08-17,32.00,0.00
E0077,2026-08-17,32.00,0.00
E0078,2026-08-17,40.00,0.00
E0079,2026-08-17,24.00,0.00
E0081,2026-08-17,40.00,0.00
E0082,2026-08-17,40.00,0.00
E0083,2026-08-17,40.00,0.00
E0084,2026-08-17,40.00,0.00
E0085,2026-08-17,40.00,0.00
E0086,2026-08-17,32.00,0.00
E0087,2026-08-17,24.00,0.00
E0088,2026-08-17,40.00,1.50
E0091,2026-08-17,40.00,0.00
E0092,2026-08-17,40.00,0.00
E0093,2026-08-17,40.00,0.00
E0095,2026-08-17,40.00,0.00
E0096,2026-08-17,40.00,0.00
E0097,2026-08-17,40.00,0.00
E0098,2026-08-17,40.00,0.00
E0099,2026-08-17,40.00,0.00
E0100,2026-08-17,40.00,0.00
E0101,2026-08-17,24.00,0.00
E0104,2026-08-17,40.00,0.00
E0105,2026-08-17,40.00,0.00
E0106,2026-08-17,40.00,0.00
E0107,2026-08-17,40.00,3.75
E0108,2026-08-17,32.00,0.00
E0109,2026-08-17,40.00,1.75
E0111,2026-08-17,40.00,0.00
E0112,2026-08-17,40.00,6.75
E0113,2026-08-17,40.00,3.75
E0114,2026-08-17,40.00,2.25
E0115,2026-08-17,24.00,3.25
E0116,2026-08-17,24.00,0.00
E0118,2026-08-17,24.00,5.50
E0119,2026-08-17,40.00,0.00
E0120,2026-08-17,40.00,0.00
E0122,2026-08-17,40.00,0.00
E0123,2026-08-17,40.00,5.00
E0124,2026-08-17,40.00,5.25
E0125,2026-08-17,40.00,6.25
E0126,2026-08-17,40.00,0.50
E0128,2026-08-17,40.00,3.00
E0129,2026-08-17,40.00,6.50
E0132,2026-08-17,40.00,1.25
E0134,2026-08-17,32.00,0.00
E0135,2026-08-17,40.00,3.25
E0136,2026-08-17,40.00,0.00
E0137,2026-08-17,40.00,0.00
E0138,2026-08-17,40.00,0.00
E0139,2026-08-17,40.00,0.00
E0140,2026-08-17,40.00,0.00
E0141,2026-08-17,40.00,3.00
E0142,2026-08-17,40.00,3.25
E0143,2026-08-17,32.00,0.00
E0144,2026-08-17,40.00,0.00
E0145,2026-08-17,40.00,0.00
E0146,2026-08-17,40.00,0.00
E0147,2026-08-17,40.00,0.00
E0148,2026-08-17,24.00,0.00
E0149,2026-08-17,40.00,0.00
E0150,2026-08-17,24.00,4.00
E0151,2026-08-17,40.00,4.75
E0152,2026-08-17,40.00,6.50
E0153,2026-08-17,40.00,0.00
E0154,2026-08-17,40.00,4.00
E0155,2026-08-17,40.00,0.00
E0156,2026-08-17,40.00,3.50
E0157,2026-08-17,40.00,0.00
E0159,2026-08-17,32.00,0.00
E0160,2026-08-17,40.00,3.50
E0161,2026-08-17,40.00,0.00
E0162,2026-08-17,40.00,0.00
E0163,2026-08-17,40.00,5.50
E0164,2026-08-17,40.00,0.00
E0165,2026-08-17,40.00,11.75
E0167,2026-08-17,40.00,14.50
E0169,2026-08-17,40.00,0.00
E0170,2026-08-17,40.00,2.75
E0171,2026-08-17,40.00,3.25
E0172,2026-08-17,40.00,0.00
E0173,2026-08-17,40.00,0.00
E0175,2026-08-17,40.00,6.75
E0176,2026-08-17,40.00,0.00
E0177,2026-08-17,24.00,0.00
E0178,2026-08-17,40.00,0.00
E0179,2026-08-17,40.00,0.00
E0180,2026-08-17,40.00,10.50
E0181,2026-08-17,24.00,0.00
E0182,2026-08-17,24.00,8.00
E0186,2026-08-17,24.00,0.00
E0187,2026-08-17,40.00,0.00
E0188,2026-08-17,40.00,12.50
E0189,2026-08-17,40.00,0.00
E0191,2026-08-17,40.00,0.00
E0192,2026-08-17,40.00,8.75
E0193,2026-08-17,40.00,7.50
E0194,2026-08-17,40.00,3.75
E0196,2026-08-17,32.00,0.00
E0197,2026-08-17,40.00,4.50
E0198,2026-08-17,40.00,0.00
E0199,2026-08-17,40.00,0.00
E0200,2026-08-17,40.00,0.00
E0202,2026-08-17,40.00,0.00
E0203,2026-08-17,24.00,0.00
E0204,2026-08-17,24.00,9.25
E0205,2026-08-17,40.00,0.00
E0206,2026-08-17,40.00,0.00
E0207,2026-08-17,24.00,0.00
E0209,2026-08-17,40.00,10.00
E0210,2026-08-17,40.00,8.75
E0211,2026-08-17,40.00,0.00
E0212,2026-08-17,40.00,0.00
E0214,2026-08-17,24.00,0.00
E0215,2026-08-17,40.00,0.00
E0216,2026-08-17,40.00,4.00
E0219,2026-08-17,24.00,0.00
E0221,2026-08-17,40.00,0.00
E0222,2026-08-17,40.00,6.25
E0223,2026-08-17,40.00,11.00
E0224,2026-08-17,40.00,3.50
E0225,2026-08-17,40.00,2.00
E0226,2026-08-17,24.00,0.00
E0227,2026-08-17,24.00,0.00
E0228,2026-08-17,40.00,5.50
E0230,2026-08-17,40.00,8.75
E0232,2026-08-17,40.00,0.00
E0233,2026-08-17,40.00,0.00
E0234,2026-08-17,40.00,5.00
E0249,2026-08-17,40.00,0.00
E0250,2026-08-17,40.00,0.00
E0251,2026-08-17,40.00,0.00
E0252,2026-08-17,40.00,0.00
E0253,2026-08-17,24.00,0.00
E0255,2026-08-17,40.00,4.00
E0256,2026-08-17,40.00,6.25
E0257,2026-08-17,40.00,0.00
E0259,2026-08-17,40.00,0.00
E0260,2026-08-17,40.00,0.00
E0261,2026-08-17,40.00,0.00
E0262,2026-08-17,40.00,0.00
E0263,2026-08-17,40.00,4.25
E0265,2026-08-17,24.00,0.00
E0266,2026-08-17,40.00,4.25
E0267,2026-08-17,32.00,0.00
E0268,2026-08-17,32.00,0.00
E0270,2026-08-17,32.00,0.00
E0272,2026-08-17,40.00,6.75
E0273,2026-08-17,40.00,0.00
E0274,2026-08-17,40.00,0.00
E0275,2026-08-17,32.00,0.00
E0276,2026-08-17,40.00,0.00
E0277,2026-08-17,40.00,3.75
E0278,2026-08-17,40.00,5.50
E0279,2026-08-17,40.00,3.25
E0280,2026-08-17,32.00,0.00
E0281,2026-08-17,40.00,9.25
E0282,2026-08-17,40.00,4.75
E0284,2026-08-17,40.00,0.00
E0285,2026-08-17,24.00,0.00
E0286,2026-08-17,32.00,0.00
E0287,2026-08-17,24.00,4.75
E0288,2026-08-17,40.00,9.25
E0289,2026-08-17,40.00,0.00
E0290,2026-08-17,40.00,0.00
E0291,2026-08-17,40.00,3.50
E0292,2026-08-17,24.00,0.00
E0293,2026-08-17,40.00,1.25
E0294,2026-08-17,40.00,0.00
E0295,2026-08-17,40.00,0.00
E0296,2026-08-17,40.00,0.00
E0297,2026-08-17,40.00,0.00
E0298,2026-08-17,40.00,0.00
E0299,2026-08-17,32.00,0.00
E0300,2026-08-17,24.00,0.00
E0301,2026-08-17,24.00,0.00
E0302,2026-08-17,40.00,0.00
E0303,2026-08-17,40.00,2.00
E0304,2026-08-17,40.00,0.00
E0306,2026-08-17,40.00,0.00
E0307,2026-08-17,40.00,0.00
E0308,2026-08-17,40.00,2.50
E0002,2026-08-24,40.00,0.00
E0003,2026-08-24,40.00,0.00
E0004,2026-08-24,40.00,0.00
E0006,2026-08-24,40.00,0.00
E0007,2026-08-24,40.00,0.00
E0008,2026-08-24,40.00,0.00
E0009,2026-08-24,40.00,0.00
E0010,2026-08-24,40.00,2.75
E0011,2026-08-24,40.00,4.50
E0013,2026-08-24,32.00,0.00
E0014,2026-08-24,40.00,0.00
E0015,2026-08-24,40.00,0.00
E0016,2026-08-24,40.00,0.00
E0017,2026-08-24,40.00,0.00
E0018,2026-08-24,40.00,0.00
E0019,2026-08-24,24.00,0.00
E0020,2026-08-24,40.00,0.00
E0021,2026-08-24,40.00,0.00
E0022,2026-08-24,40.00,0.00
E0023,2026-08-24,40.00,0.00
E0024,2026-08-24,40.00,0.00
E0025,2026-08-24,40.00,0.00
E0026,2026-08-24,40.00,0.00
E0027,2026-08-24,40.00,0.00
E0028,2026-08-24,40.00,0.00
E0029,2026-08-24,40.00,3.50
E0030,2026-08-24,40.00,0.00
E0031,2026-08-24,32.00,0.00
E0032,2026-08-24,40.00,0.00
E0034,2026-08-24,40.00,0.00
E0035,2026-08-24,40.00,0.00
E0036,2026-08-24,40.00,0.00
E0037,2026-08-24,32.00,0.00
E0038,2026-08-24,40.00,0.00
E0039,2026-08-24,40.00,0.00
E0041,2026-08-24,40.00,0.00
E0042,2026-08-24,40.00,0.00
E0043,2026-08-24,40.00,0.00
E0044,2026-08-24,40.00,0.00
E0045,2026-08-24,40.00,0.00
E0046,2026-08-24,40.00,0.00
E0047,2026-08-24,40.00,0.00
E0048,2026-08-24,40.00,0.00
E0049,2026-08-24,24.00,0.00
E0051,2026-08-24,40.00,0.00
E0052,2026-08-24,40.00,0.00
E0053,2026-08-24,40.00,0.00
E0054,2026-08-24,40.00,0.00
E0055,2026-08-24,40.00,0.00
E0056,2026-08-24,40.00,0.00
E0057,2026-08-24,40.00,3.00
E0058,2026-08-24,32.00,0.00
E0059,2026-08-24,40.00,0.00
E0060,2026-08-24,40.00,0.00
E0061,2026-08-24,40.00,1.25
E0063,2026-08-24,40.00,0.00
E0065,2026-08-24,40.00,0.00
E0066,2026-08-24,40.00,0.00
E0067,2026-08-24,40.00,0.00
E0068,2026-08-24,40.00,0.00
E0069,2026-08-24,32.00,0.00
E0071,2026-08-24,40.00,0.00
E0072,2026-08-24,40.00,0.00
E0074,2026-08-24,40.00,0.00
E0075,2026-08-24,32.00,0.00
E0076,2026-08-24,24.00,0.00
E0077,2026-08-24,40.00,0.00
E0078,2026-08-24,40.00,0.00
E0079,2026-08-24,40.00,0.00
E0081,2026-08-24,40.00,0.00
E0082,2026-08-24,40.00,0.00
E0083,2026-08-24,40.00,0.00
E0084,2026-08-24,32.00,0.00
E0085,2026-08-24,40.00,1.25
E0086,2026-08-24,24.00,0.00
E0087,2026-08-24,40.00,0.00
E0088,2026-08-24,40.00,0.00
E0091,2026-08-24,40.00,0.00
E0092,2026-08-24,40.00,0.00
E0093,2026-08-24,40.00,0.00
E0095,2026-08-24,40.00,0.00
E0096,2026-08-24,40.00,0.00
E0097,2026-08-24,40.00,0.00
E0098,2026-08-24,40.00,0.00
E0099,2026-08-24,32.00,0.00
E0100,2026-08-24,40.00,0.00
E0101,2026-08-24,40.00,2.00
E0104,2026-08-24,40.00,0.00
E0105,2026-08-24,40.00,0.00
E0106,2026-08-24,40.00,0.00
E0107,2026-08-24,40.00,0.00
E0108,2026-08-24,40.00,0.00
E0109,2026-08-24,40.00,0.00
E0111,2026-08-24,40.00,0.00
E0112,2026-08-24,40.00,0.00
E0113,2026-08-24,40.00,2.75
E0114,2026-08-24,40.00,4.50
E0115,2026-08-24,8.00,0.00
E0116,2026-08-24,24.00,4.00
E0118,2026-08-24,8.00,0.00
E0119,2026-08-24,40.00,0.00
E0120,2026-08-24,40.00,3.50
E0122,2026-08-24,40.00,2.25
E0123,2026-08-24,40.00,6.25
E0124,2026-08-24,40.00,3.75
E0125,2026-08-24,40.00,6.25
E0126,2026-08-24,40.00,0.00
E0128,2026-08-24,40.00,6.50
E0129,2026-08-24,32.00,0.00
E0132,2026-08-24,32.00,0.00
E0134,2026-08-24,40.00,7.75
E0135,2026-08-24,40.00,3.00
E0136,2026-08-24,40.00,0.00
E0137,2026-08-24,40.00,0.00
E0138,2026-08-24,40.00,0.00
E0139,2026-08-24,40.00,0.00
E0140,2026-08-24,40.00,0.00
E0141,2026-08-24,40.00,2.75
E0142,2026-08-24,24.00,0.00
E0143,2026-08-24,40.00,3.75
E0144,2026-08-24,40.00,0.00
E0145,2026-08-24,40.00,0.00
E0146,2026-08-24,40.00,0.00
E0147,2026-08-24,40.00,4.25
E0148,2026-08-24,40.00,0.00
E0149,2026-08-24,40.00,0.00
E0150,2026-08-24,24.00,3.00
E0151,2026-08-24,40.00,0.00
E0152,2026-08-24,40.00,6.25
E0153,2026-08-24,40.00,0.00
E0154,2026-08-24,40.00,7.00
E0155,2026-08-24,24.00,0.00
E0156,2026-08-24,40.00,0.00
E0157,2026-08-24,40.00,0.00
E0159,2026-08-24,40.00,4.25
E0160,2026-08-24,40.00,0.00
E0161,2026-08-24,40.00,1.50
E0162,2026-08-24,40.00,0.00
E0163,2026-08-24,40.00,0.00
E0164,2026-08-24,40.00,6.50
E0167,2026-08-24,40.00,2.50
E0169,2026-08-24,32.00,0.00
E0170,2026-08-24,40.00,0.00
E0171,2026-08-24,40.00,3.25
E0172,2026-08-24,40.00,5.25
E0173,2026-08-24,40.00,0.00
E0175,2026-08-24,32.00,0.00
E0176,2026-08-24,40.00,4.50
E0177,2026-08-24,24.00,6.50
E0178,2026-08-24,40.00,0.00
E0179,2026-08-24,40.00,0.00
E0180,2026-08-24,40.00,5.50
E0181,2026-08-24,40.00,9.75
E0182,2026-08-24,24.00,10.00
E0186,2026-08-24,24.00,5.75
E0187,2026-08-24,24.00,0.00
E0188,2026-08-24,40.00,0.00
E0189,2026-08-24,40.00,4.50
E0191,2026-08-24,40.00,8.00
E0192,2026-08-24,40.00,0.00
E0193,2026-08-24,40.00,9.25
E0194,2026-08-24,40.00,0.00
E0196,2026-08-24,40.00,0.00
E0197,2026-08-24,40.00,6.50
E0198,2026-08-24,40.00,6.50
E0199,2026-08-24,40.00,10.25
E0200,2026-08-24,40.00,0.00
E0202,2026-08-24,40.00,0.00
E0203,2026-08-24,24.00,0.00
E0204,2026-08-24,24.00,3.25
E0205,2026-08-24,40.00,7.00
E0206,2026-08-24,40.00,13.50
E0207,2026-08-24,40.00,7.50
E0209,2026-08-24,24.00,0.00
E0210,2026-08-24,24.00,0.00
E0211,2026-08-24,40.00,11.00
E0212,2026-08-24,40.00,0.00
E0214,2026-08-24,40.00,0.00
E0215,2026-08-24,40.00,6.50
E0216,2026-08-24,40.00,5.75
E0219,2026-08-24,24.00,8.25
E0221,2026-08-24,40.00,5.50
E0222,2026-08-24,40.00,0.00
E0223,2026-08-24,40.00,7.00
E0224,2026-08-24,40.00,0.00
E0225,2026-08-24,40.00,6.50
E0226,2026-08-24,24.00,0.00
E0227,2026-08-24,24.00,12.00
E0228,2026-08-24,40.00,0.00
E0230,2026-08-24,40.00,10.25
E0232,2026-08-24,40.00,0.00
E0233,2026-08-24,40.00,5.25
E0234,2026-08-24,40.00,0.00
E0249,2026-08-24,32.00,0.00
E0250,2026-08-24,40.00,7.50
E0251,2026-08-24,40.00,0.00
E0252,2026-08-24,40.00,0.00
E0253,2026-08-24,40.00,0.00
E0255,2026-08-24,40.00,2.75
E0256,2026-08-24,40.00,4.00
E0257,2026-08-24,32.00,0.00
E0259,2026-08-24,40.00,0.00
E0260,2026-08-24,40.00,0.00
E0261,2026-08-24,40.00,0.00
E0262,2026-08-24,40.00,4.00
E0263,2026-08-24,40.00,0.00
E0265,2026-08-24,40.00,0.00
E0266,2026-08-24,40.00,8.25
E0267,2026-08-24,40.00,0.00
E0268,2026-08-24,40.00,4.00
E0270,2026-08-24,40.00,7.50
E0272,2026-08-24,32.00,0.00
E0273,2026-08-24,24.00,0.00
E0274,2026-08-24,40.00,0.00
E0275,2026-08-24,40.00,0.00
E0276,2026-08-24,40.00,2.50
E0277,2026-08-24,40.00,2.75
E0278,2026-08-24,40.00,0.00
E0279,2026-08-24,40.00,1.25
E0280,2026-08-24,40.00,0.00
E0281,2026-08-24,40.00,0.00
E0282,2026-08-24,40.00,8.00
E0284,2026-08-24,40.00,0.00
E0285,2026-08-24,40.00,0.00
E0286,2026-08-24,40.00,0.00
E0287,2026-08-24,24.00,2.00
E0288,2026-08-24,40.00,8.25
E0289,2026-08-24,40.00,0.00
E0290,2026-08-24,40.00,1.25
E0291,2026-08-24,40.00,2.50
E0292,2026-08-24,24.00,6.75
E0293,2026-08-24,40.00,0.00
E0294,2026-08-24,40.00,0.00
E0295,2026-08-24,40.00,0.00
E0296,2026-08-24,40.00,0.00
E0297,2026-08-24,40.00,0.00
E0298,2026-08-24,40.00,0.00
E0299,2026-08-24,40.00,0.00
E0300,2026-08-24,40.00,2.50
E0302,2026-08-24,40.00,0.00
E0303,2026-08-24,40.00,0.00
E0304,2026-08-24,40.00,6.25
E0305,2026-08-24,40.00,0.00
E0306,2026-08-24,40.00,0.00
E0307,2026-08-24,32.00,0.00
E0308,2026-08-24,40.00,1.75
E0309,2026-08-24,40.00,0.00
E0002,2026-08-31,40.00,0.00
E0003,2026-08-31,40.00,0.00
E0004,2026-08-31,40.00,0.00
E0006,2026-08-31,24.00,0.00
E0007,2026-08-31,40.00,0.00
E0008,2026-08-31,40.00,0.00
E0009,2026-08-31,24.00,0.00
E0010,2026-08-31,40.00,0.00
E0011,2026-08-31,40.00,3.00
E0013,2026-08-31,40.00,0.00
E0014,2026-08-31,40.00,0.00
E0015,2026-08-31,40.00,0.00
E0016,2026-08-31,40.00,0.00
E0017,2026-08-31,40.00,0.00
E0018,2026-08-31,40.00,0.00
E0019,2026-08-31,40.00,0.00
E0020,2026-08-31,40.00,0.00
E0021,2026-08-31,40.00,0.00
E0022,2026-08-31,40.00,0.00
E0023,2026-08-31,40.00,0.00
E0024,2026-08-31,40.00,0.00
E0025,2026-08-31,40.00,0.00
E0026,2026-08-31,40.00,0.00
E0027,2026-08-31,40.00,0.00
E0028,2026-08-31,40.00,0.00
E0029,2026-08-31,40.00,2.75
E0030,2026-08-31,40.00,0.00
E0031,2026-08-31,24.00,0.00
E0032,2026-08-31,40.00,0.00
E0034,2026-08-31,40.00,0.00
E0035,2026-08-31,40.00,0.00
E0036,2026-08-31,40.00,0.00
E0037,2026-08-31,40.00,0.00
E0038,2026-08-31,40.00,0.00
E0039,2026-08-31,40.00,0.00
E0041,2026-08-31,40.00,0.00
E0042,2026-08-31,40.00,0.00
E0043,2026-08-31,40.00,0.00
E0044,2026-08-31,32.00,0.00
E0045,2026-08-31,40.00,0.00
E0046,2026-08-31,40.00,0.00
E0047,2026-08-31,40.00,0.00
E0048,2026-08-31,32.00,0.00
E0049,2026-08-31,40.00,0.00
E0051,2026-08-31,40.00,0.00
E0052,2026-08-31,40.00,0.00
E0053,2026-08-31,40.00,0.00
E0054,2026-08-31,40.00,0.00
E0055,2026-08-31,40.00,0.00
E0056,2026-08-31,40.00,0.00
E0057,2026-08-31,40.00,1.25
E0058,2026-08-31,40.00,1.75
E0059,2026-08-31,40.00,0.00
E0060,2026-08-31,24.00,0.00
E0061,2026-08-31,40.00,2.50
E0063,2026-08-31,40.00,0.00
E0065,2026-08-31,40.00,0.00
E0066,2026-08-31,40.00,0.00
E0067,2026-08-31,40.00,0.00
E0068,2026-08-31,40.00,0.00
E0069,2026-08-31,40.00,0.00
E0071,2026-08-31,40.00,0.00
E0072,2026-08-31,32.00,0.00
E0074,2026-08-31,40.00,0.00
E0075,2026-08-31,40.00,0.00
E0076,2026-08-31,40.00,0.00
E0077,2026-08-31,40.00,0.00
E0078,2026-08-31,32.00,0.00
E0079,2026-08-31,40.00,0.00
E0081,2026-08-31,40.00,0.00
E0082,2026-08-31,40.00,0.00
E0083,2026-08-31,40.00,0.00
E0084,2026-08-31,40.00,0.00
E0085,2026-08-31,40.00,1.75
E0086,2026-08-31,40.00,1.00
E0087,2026-08-31,40.00,2.50
E0088,2026-08-31,40.00,0.75
E0091,2026-08-31,40.00,0.00
E0092,2026-08-31,40.00,0.00
E0093,2026-08-31,32.00,0.00
E0095,2026-08-31,40.00,0.00
E0096,2026-08-31,40.00,0.00
E0097,2026-08-31,40.00,0.00
E0098,2026-08-31,40.00,0.00
E0099,2026-08-31,40.00,0.00
E0100,2026-08-31,40.00,0.00
E0101,2026-08-31,40.00,1.00
E0104,2026-08-31,32.00,0.00
E0105,2026-08-31,40.00,0.00
E0106,2026-08-31,40.00,1.25
E0107,2026-08-31,40.00,0.00
E0108,2026-08-31,40.00,1.00
E0109,2026-08-31,40.00,3.00
E0111,2026-08-31,40.00,2.50
E0112,2026-08-31,40.00,4.75
E0113,2026-08-31,40.00,5.00
E0114,2026-08-31,40.00,7.50
E0115,2026-08-31,24.00,5.25
E0116,2026-08-31,24.00,0.00
E0118,2026-08-31,24.00,4.25
E0119,2026-08-31,40.00,7.25
E0120,2026-08-31,40.00,0.00
E0122,2026-08-31,40.00,2.75
E0123,2026-08-31,40.00,3.50
E0124,2026-08-31,40.00,4.75
E0125,2026-08-31,40.00,6.00
E0126,2026-08-31,40.00,0.00
E0128,2026-08-31,40.00,2.50
E0129,2026-08-31,40.00,1.25
E0132,2026-08-31,40.00,5.00
E0134,2026-08-31,24.00,0.00
E0135,2026-08-31,32.00,0.00
E0136,2026-08-31,40.00,0.00
E0137,2026-08-31,40.00,0.00
E0138,2026-08-31,40.00,0.00
E0139,2026-08-31,40.00,0.00
E0140,2026-08-31,40.00,0.00
E0141,2026-08-31,40.00,0.75
E0142,2026-08-31,40.00,2.50
E0143,2026-08-31,40.00,0.00
E0144,2026-08-31,40.00,0.00
E0145,2026-08-31,40.00,0.00
E0146,2026-08-31,40.00,0.00
E0147,2026-08-31,40.00,1.50
E0148,2026-08-31,40.00,0.00
E0149,2026-08-31,40.00,0.00
E0150,2026-08-31,8.00,0.00
E0151,2026-08-31,40.00,2.00
E0152,2026-08-31,40.00,6.75
E0153,2026-08-31,40.00,0.00
E0154,2026-08-31,40.00,0.00
E0155,2026-08-31,40.00,0.00
E0156,2026-08-31,40.00,1.50
E0157,2026-08-31,32.00,0.00
E0159,2026-08-31,40.00,3.00
E0160,2026-08-31,40.00,4.75
E0161,2026-08-31,40.00,0.00
E0162,2026-08-31,40.00,6.50
E0163,2026-08-31,40.00,3.50
E0164,2026-08-31,40.00,2.00
E0167,2026-08-31,40.00,6.25
E0169,2026-08-31,40.00,10.25
E0170,2026-08-31,40.00,1.25
E0171,2026-08-31,40.00,7.00
E0172,2026-08-31,40.00,8.50
E0173,2026-08-31,40.00,0.00
E0175,2026-08-31,40.00,7.50
E0176,2026-08-31,40.00,0.00
E0177,2026-08-31,24.00,13.25
E0178,2026-08-31,40.00,0.00
E0179,2026-08-31,40.00,0.00
E0180,2026-08-31,40.00,0.00
E0181,2026-08-31,40.00,0.00
E0182,2026-08-31,24.00,4.75
E0186,2026-08-31,24.00,0.00
E0187,2026-08-31,40.00,10.00
E0188,2026-08-31,40.00,1.75
E0189,2026-08-31,40.00,5.75
E0191,2026-08-31,40.00,9.00
E0192,2026-08-31,24.00,0.00
E0193,2026-08-31,40.00,0.00
E0194,2026-08-31,40.00,11.50
E0196,2026-08-31,40.00,1.75
E0197,2026-08-31,32.00,0.00
E0198,2026-08-31,40.00,0.00
E0199,2026-08-31,40.00,8.50
E0200,2026-08-31,40.00,0.00
E0202,2026-08-31,40.00,0.00
E0203,2026-08-31,40.00,5.75
E0204,2026-08-31,24.00,9.25
E0205,2026-08-31,40.00,2.00
E0207,2026-08-31,40.00,5.50
E0209,2026-08-31,40.00,8.25
E0210,2026-08-31,40.00,0.00
E0211,2026-08-31,40.00,0.00
E0212,2026-08-31,40.00,12.00
E0214,2026-08-31,40.00,3.00
E0215,2026-08-31,40.00,9.25
E0216,2026-08-31,32.00,0.00
E0219,2026-08-31,24.00,7.25
E0221,2026-08-31,40.00,0.00
E0222,2026-08-31,24.00,0.00
E0223,2026-08-31,40.00,0.00
E0224,2026-08-31,40.00,2.25
E0225,2026-08-31,40.00,5.25
E0226,2026-08-31,24.00,7.25
E0227,2026-08-31,24.00,7.75
E0228,2026-08-31,40.00,0.00
E0230,2026-08-31,24.00,0.00
E0232,2026-08-31,32.00,0.00
E0233,2026-08-31,40.00,4.25
E0234,2026-08-31,40.00,0.00
E0249,2026-08-31,40.00,0.00
E0250,2026-08-31,32.00,0.00
E0251,2026-08-31,24.00,0.00
E0252,2026-08-31,40.00,0.00
E0253,2026-08-31,40.00,0.00
E0255,2026-08-31,40.00,2.75
E0256,2026-08-31,40.00,0.00
E0257,2026-08-31,40.00,0.00
E0259,2026-08-31,40.00,0.00
E0260,2026-08-31,40.00,0.00
E0261,2026-08-31,40.00,0.00
E0262,2026-08-31,40.00,4.25
E0263,2026-08-31,40.00,5.50
E0265,2026-08-31,40.00,0.00
E0266,2026-08-31,32.00,0.00
E0267,2026-08-31,40.00,0.00
E0268,2026-08-31,40.00,2.00
E0270,2026-08-31,32.00,0.00
E0272,2026-08-31,40.00,7.00
E0273,2026-08-31,40.00,8.50
E0274,2026-08-31,40.00,0.00
E0275,2026-08-31,40.00,0.00
E0276,2026-08-31,24.00,0.00
E0277,2026-08-31,40.00,0.00
E0278,2026-08-31,40.00,8.00
E0279,2026-08-31,40.00,1.50
E0280,2026-08-31,40.00,0.00
E0281,2026-08-31,40.00,10.50
E0282,2026-08-31,32.00,0.00
E0284,2026-08-31,32.00,0.00
E0285,2026-08-31,40.00,0.00
E0286,2026-08-31,40.00,0.00
E0287,2026-08-31,24.00,6.25
E0288,2026-08-31,40.00,3.00
E0289,2026-08-31,40.00,0.00
E0290,2026-08-31,40.00,0.00
E0291,2026-08-31,24.00,0.00
E0292,2026-08-31,24.00,8.50
E0293,2026-08-31,32.00,0.00
E0294,2026-08-31,40.00,0.00
E0295,2026-08-31,40.00,0.00
E0296,2026-08-31,40.00,0.00
E0297,2026-08-31,40.00,0.00
E0298,2026-08-31,40.00,0.00
E0299,2026-08-31,40.00,0.00
E0300,2026-08-31,40.00,2.75
E0302,2026-08-31,40.00,0.00
E0303,2026-08-31,40.00,0.75
E0304,2026-08-31,40.00,5.25
E0305,2026-08-31,40.00,0.00
E0306,2026-08-31,40.00,0.00
E0307,2026-08-31,32.00,0.00
E0308,2026-08-31,40.00,1.50
E0309,2026-08-31,40.00,0.00
E0002,2026-09-07,40.00,0.00
E0003,2026-09-07,40.00,0.00
E0004,2026-09-07,40.00,0.00
E0006,2026-09-07,40.00,0.00
E0007,2026-09-07,40.00,0.00
E0008,2026-09-07,40.00,0.00
E0009,2026-09-07,40.00,0.00
E0010,2026-09-07,24.00,0.00
E0011,2026-09-07,40.00,2.00
E0013,2026-09-07,40.00,0.00
E0014,2026-09-07,40.00,0.00
E0015,2026-09-07,40.00,3.25
E0016,2026-09-07,40.00,0.00
E0017,2026-09-07,32.00,0.00
E0018,2026-09-07,40.00,0.00
E0019,2026-09-07,40.00,0.00
E0020,2026-09-07,40.00,0.00
E0021,2026-09-07,40.00,0.00
E0022,2026-09-07,40.00,0.00
E0023,2026-09-07,40.00,0.00
E0024,2026-09-07,40.00,0.00
E0025,2026-09-07,40.00,0.00
E0026,2026-09-07,40.00,0.00
E0027,2026-09-07,40.00,0.00
E0028,2026-09-07,40.00,0.00
E0029,2026-09-07,40.00,0.00
E0030,2026-09-07,40.00,0.00
E0031,2026-09-07,40.00,0.00
E0032,2026-09-07,40.00,0.00
E0034,2026-09-07,40.00,0.00
E0035,2026-09-07,40.00,0.00
E0036,2026-09-07,40.00,0.00
E0037,2026-09-07,32.00,0.00
E0038,2026-09-07,40.00,0.00
E0039,2026-09-07,40.00,0.00
E0041,2026-09-07,40.00,0.00
E0042,2026-09-07,40.00,0.00
E0043,2026-09-07,40.00,0.00
E0044,2026-09-07,24.00,0.00
E0045,2026-09-07,40.00,0.00
E0046,2026-09-07,40.00,0.00
E0047,2026-09-07,40.00,0.00
E0048,2026-09-07,40.00,0.00
E0049,2026-09-07,40.00,0.00
E0051,2026-09-07,40.00,0.00
E0052,2026-09-07,40.00,0.00
E0053,2026-09-07,32.00,0.00
E0054,2026-09-07,32.00,0.00
E0055,2026-09-07,24.00,0.00
E0056,2026-09-07,40.00,0.00
E0057,2026-09-07,40.00,2.00
E0058,2026-09-07,40.00,0.00
E0059,2026-09-07,40.00,0.00
E0060,2026-09-07,40.00,0.00
E0061,2026-09-07,40.00,0.00
E0063,2026-09-07,40.00,0.00
E0065,2026-09-07,40.00,0.00
E0066,2026-09-07,32.00,0.00
E0067,2026-09-07,40.00,0.00
E0068,2026-09-07,32.00,0.00
E0069,2026-09-07,40.00,0.00
E0071,2026-09-07,40.00,0.00
E0072,2026-09-07,40.00,0.00
E0074,2026-09-07,40.00,0.00
E0075,2026-09-07,40.00,0.00
E0076,2026-09-07,40.00,0.00
E0077,2026-09-07,40.00,0.00
E0078,2026-09-07,40.00,0.00
E0079,2026-09-07,40.00,1.75
E0081,2026-09-07,40.00,0.00
E0082,2026-09-07,40.00,0.00
E0083,2026-09-07,40.00,0.00
E0084,2026-09-07,40.00,0.00
E0085,2026-09-07,40.00,2.25
E0086,2026-09-07,40.00,1.25
E0087,2026-09-07,40.00,0.00
E0088,2026-09-07,40.00,2.75
E0091,2026-09-07,40.00,0.00
E0092,2026-09-07,40.00,0.00
E0093,2026-09-07,40.00,0.00
E0095,2026-09-07,40.00,0.00
E0096,2026-09-07,24.00,0.00
E0097,2026-09-07,40.00,0.00
E0098,2026-09-07,40.00,0.00
E0099,2026-09-07,40.00,0.00
E0100,2026-09-07,40.00,0.00
E0101,2026-09-07,40.00,0.50
E0104,2026-09-07,40.00,0.00
E0105,2026-09-07,32.00,0.00
E0106,2026-09-07,40.00,1.00
E0107,2026-09-07,40.00,2.50
E0108,2026-09-07,32.00,0.00
E0109,2026-09-07,40.00,5.25
E0111,2026-09-07,40.00,3.50
E0112,2026-09-07,40.00,0.00
E0113,2026-09-07,40.00,2.50
E0114,2026-09-07,24.00,0.00
E0115,2026-09-07,24.00,3.00
E0116,2026-09-07,24.00,5.00
E0118,2026-09-07,24.00,1.75
E0119,2026-09-07,40.00,0.00
E0120,2026-09-07,40.00,4.75
E0122,2026-09-07,40.00,6.75
E0123,2026-09-07,40.00,3.00
E0124,2026-09-07,40.00,1.50
E0125,2026-09-07,40.00,3.75
E0126,2026-09-07,40.00,2.75
E0128,2026-09-07,40.00,7.00
E0129,2026-09-07,40.00,3.00
E0132,2026-09-07,40.00,4.00
E0134,2026-09-07,40.00,4.00
E0135,2026-09-07,40.00,1.00
E0136,2026-09-07,40.00,0.00
E0137,2026-09-07,40.00,0.00
E0138,2026-09-07,40.00,0.00
E0139,2026-09-07,40.00,0.00
E0140,2026-09-07,40.00,0.00
E0141,2026-09-07,40.00,6.50
E0142,2026-09-07,40.00,0.00
E0143,2026-09-07,40.00,3.75
E0144,2026-09-07,40.00,0.00
E0145,2026-09-07,40.00,0.00
E0146,2026-09-07,40.00,0.00
E0147,2026-09-07,40.00,6.00
E0148,2026-09-07,40.00,0.00
E0149,2026-09-07,40.00,0.00
E0150,2026-09-07,24.00,0.00
E0151,2026-09-07,32.00,0.00
E0152,2026-09-07,40.00,5.50
E0153,2026-09-07,40.00,0.00
E0154,2026-09-07,40.00,7.50
E0155,2026-09-07,32.00,0.00
E0156,2026-09-07,40.00,0.00
E0157,2026-09-07,40.00,0.00
E0159,2026-09-07,40.00,4.00
E0160,2026-09-07,32.00,0.00
E0161,2026-09-07,40.00,0.00
E0162,2026-09-07,40.00,5.50
E0163,2026-09-07,40.00,0.00
E0164,2026-09-07,40.00,8.50
E0167,2026-09-07,32.00,0.00
E0169,2026-09-07,40.00,0.00
E0170,2026-09-07,24.00,0.00
E0171,2026-09-07,40.00,11.00
E0172,2026-09-07,40.00,0.00
E0173,2026-09-07,40.00,0.00
E0175,2026-09-07,40.00,6.50
E0176,2026-09-07,40.00,0.00
E0177,2026-09-07,24.00,9.00
E0178,2026-09-07,24.00,0.00
E0179,2026-09-07,32.00,0.00
E0180,2026-09-07,40.00,9.25
E0181,2026-09-07,40.00,3.00
E0182,2026-09-07,24.00,12.75
E0186,2026-09-07,24.00,8.50
E0187,2026-09-07,40.00,4.00
E0188,2026-09-07,40.00,2.75
E0189,2026-09-07,40.00,8.25
E0191,2026-09-07,40.00,4.25
E0192,2026-09-07,40.00,0.00
E0193,2026-09-07,24.00,0.00
E0194,2026-09-07,40.00,0.00
E0196,2026-09-07,40.00,7.00
E0197,2026-09-07,40.00,4.00
E0198,2026-09-07,40.00,6.00
E0199,2026-09-07,40.00,4.25
E0200,2026-09-07,32.00,0.00
E0202,2026-09-07,40.00,0.00
E0203,2026-09-07,40.00,7.00
E0204,2026-09-07,16.00,0.00
E0205,2026-09-07,40.00,0.00
E0207,2026-09-07,40.00,3.00
E0209,2026-09-07,40.00,4.25
E0210,2026-09-07,40.00,7.00
E0211,2026-09-07,40.00,1.75
E0212,2026-09-07,40.00,9.00
E0214,2026-09-07,40.00,3.75
E0215,2026-09-07,40.00,0.00
E0216,2026-09-07,40.00,8.25
E0219,2026-09-07,24.00,1.75
E0221,2026-09-07,24.00,0.00
E0222,2026-09-07,40.00,7.00
E0223,2026-09-07,40.00,5.25
E0224,2026-09-07,32.00,0.00
E0225,2026-09-07,40.00,8.75
E0226,2026-09-07,24.00,6.50
E0227,2026-09-07,24.00,0.00
E0228,2026-09-07,40.00,3.25
E0230,2026-09-07,40.00,6.00
E0232,2026-09-07,32.00,0.00
E0233,2026-09-07,40.00,0.00
E0234,2026-09-07,40.00,0.00
E0249,2026-09-07,40.00,0.00
E0250,2026-09-07,40.00,8.00
E0251,2026-09-07,40.00,8.75
E0252,2026-09-07,40.00,0.00
E0253,2026-09-07,40.00,0.00
E0255,2026-09-07,40.00,5.25
E0256,2026-09-07,40.00,0.00
E0257,2026-09-07,40.00,9.25
E0259,2026-09-07,40.00,0.00
E0260,2026-09-07,40.00,0.00
E0261,2026-09-07,40.00,0.00
E0262,2026-09-07,40.00,0.00
E0263,2026-09-07,40.00,7.25
E0265,2026-09-07,40.00,0.00
E0266,2026-09-07,40.00,2.75
E0267,2026-09-07,40.00,0.00
E0268,2026-09-07,40.00,0.00
E0270,2026-09-07,40.00,11.00
E0272,2026-09-07,32.00,0.00
E0273,2026-09-07,40.00,7.75
E0274,2026-09-07,40.00,0.00
E0275,2026-09-07,40.00,0.00
E0276,2026-09-07,24.00,0.00
E0277,2026-09-07,40.00,1.75
E0278,2026-09-07,32.00,0.00
E0279,2026-09-07,40.00,3.00
E0280,2026-09-07,40.00,0.00
E0281,2026-09-07,40.00,0.00
E0282,2026-09-07,40.00,7.75
E0284,2026-09-07,40.00,0.00
E0285,2026-09-07,40.00,0.00
E0286,2026-09-07,40.00,0.00
E0287,2026-09-07,24.00,4.25
E0288,2026-09-07,40.00,0.00
E0289,2026-09-07,40.00,0.00
E0290,2026-09-07,40.00,2.00
E0291,2026-09-07,32.00,0.00
E0292,2026-09-07,24.00,9.00
E0293,2026-09-07,40.00,1.75
E0294,2026-09-07,40.00,0.00
E0295,2026-09-07,40.00,0.00
E0296,2026-09-07,40.00,0.00
E0297,2026-09-07,40.00,0.00
E0298,2026-09-07,40.00,0.00
E0299,2026-09-07,40.00,0.00
E0300,2026-09-07,40.00,0.00
E0302,2026-09-07,40.00,0.00
E0303,2026-09-07,40.00,1.50
E0304,2026-09-07,40.00,5.50
E0305,2026-09-07,40.00,0.00
E0306,2026-09-07,40.00,0.00
E0307,2026-09-07,40.00,0.00
E0308,2026-09-07,40.00,1.00
E0309,2026-09-07,40.00,0.00
E0310,2026-09-07,32.00,0.00
E0312,2026-09-07,40.00,0.00
E0002,2026-09-14,40.00,0.00
E0003,2026-09-14,40.00,0.00
E0004,2026-09-14,40.00,0.00
E0006,2026-09-14,40.00,0.00
E0007,2026-09-14,40.00,0.00
E0008,2026-09-14,40.00,0.00
E0009,2026-09-14,40.00,0.00
E0010,2026-09-14,40.00,0.00
E0011,2026-09-14,24.00,0.00
E0013,2026-09-14,40.00,0.00
E0014,2026-09-14,40.00,0.00
E0015,2026-09-14,40.00,0.75
E0016,2026-09-14,40.00,0.00
E0017,2026-09-14,32.00,0.00
E0018,2026-09-14,40.00,0.00
E0019,2026-09-14,32.00,0.00
E0020,2026-09-14,40.00,0.00
E0021,2026-09-14,40.00,0.00
E0022,2026-09-14,40.00,0.00
E0023,2026-09-14,40.00,0.00
E0024,2026-09-14,32.00,0.00
E0025,2026-09-14,40.00,0.00
E0026,2026-09-14,32.00,0.00
E0027,2026-09-14,40.00,0.00
E0028,2026-09-14,32.00,0.00
E0029,2026-09-14,40.00,4.75
E0030,2026-09-14,40.00,0.00
E0031,2026-09-14,40.00,0.00
E0032,2026-09-14,40.00,0.00
E0034,2026-09-14,32.00,0.00
E0035,2026-09-14,40.00,0.00
E0036,2026-09-14,24.00,0.00
E0037,2026-09-14,40.00,0.00
E0038,2026-09-14,40.00,0.00
E0039,2026-09-14,40.00,0.00
E0041,2026-09-14,32.00,0.00
E0042,2026-09-14,40.00,0.00
E0043,2026-09-14,40.00,0.00
E0044,2026-09-14,40.00,0.00
E0045,2026-09-14,40.00,0.00
E0046,2026-09-14,40.00,0.00
E0047,2026-09-14,24.00,0.00
E0048,2026-09-14,40.00,0.00
E0049,2026-09-14,40.00,0.00
E0051,2026-09-14,32.00,0.00
E0052,2026-09-14,24.00,0.00
E0053,2026-09-14,24.00,0.00
E0054,2026-09-14,40.00,0.00
E0055,2026-09-14,40.00,0.00
E0056,2026-09-14,24.00,0.00
E0057,2026-09-14,40.00,1.25
E0058,2026-09-14,40.00,0.00
E0059,2026-09-14,40.00,0.00
E0060,2026-09-14,40.00,0.00
E0061,2026-09-14,40.00,0.00
E0063,2026-09-14,24.00,0.00
E0065,2026-09-14,24.00,0.00
E0066,2026-09-14,40.00,0.00
E0067,2026-09-14,32.00,0.00
E0068,2026-09-14,32.00,0.00
E0069,2026-09-14,40.00,0.00
E0071,2026-09-14,40.00,0.00
E0072,2026-09-14,40.00,0.00
E0074,2026-09-14,40.00,0.00
E0075,2026-09-14,40.00,0.00
E0076,2026-09-14,40.00,0.00
E0077,2026-09-14,40.00,0.00
E0078,2026-09-14,40.00,0.00
E0079,2026-09-14,40.00,0.00
E0081,2026-09-14,24.00,0.00
E0082,2026-09-14,32.00,0.00
E0083,2026-09-14,40.00,0.00
E0084,2026-09-14,40.00,0.00
E0085,2026-09-14,40.00,1.00
E0086,2026-09-14,40.00,3.00
E0087,2026-09-14,40.00,1.25
E0088,2026-09-14,40.00,1.75
E0091,2026-09-14,40.00,0.00
E0092,2026-09-14,40.00,0.00
E0093,2026-09-14,40.00,0.00
E0095,2026-09-14,40.00,0.00
E0096,2026-09-14,40.00,0.00
E0097,2026-09-14,40.00,0.00
E0098,2026-09-14,40.00,0.00
E0099,2026-09-14,40.00,0.00
E0100,2026-09-14,40.00,0.00
E0101,2026-09-14,40.00,0.50
E0104,2026-09-14,40.00,0.00
E0105,2026-09-14,40.00,0.00
E0106,2026-09-14,40.00,1.75
E0107,2026-09-14,32.00,0.00
E0108,2026-09-14,24.00,0.00
E0111,2026-09-14,24.00,0.00
E0112,2026-09-14,32.00,0.00
E0113,2026-09-14,40.00,0.00
E0114,2026-09-14,40.00,2.75
E0115,2026-09-14,24.00,5.75
E0116,2026-09-14,24.00,0.00
E0118,2026-09-14,24.00,3.00
E0119,2026-09-14,40.00,0.00
E0120,2026-09-14,40.00,0.00
E0122,2026-09-14,40.00,5.00
E0123,2026-09-14,40.00,3.25
E0124,2026-09-14,40.00,1.00
E0125,2026-09-14,40.00,4.25
E0126,2026-09-14,40.00,0.00
E0128,2026-09-14,40.00,3.00
E0129,2026-09-14,40.00,4.00
E0132,2026-09-14,40.00,4.75
E0134,2026-09-14,40.00,0.00
E0135,2026-09-14,40.00,0.00
E0136,2026-09-14,40.00,0.00
E0137,2026-09-14,40.00,0.00
E0138,2026-09-14,40.00,0.00
E0139,2026-09-14,40.00,0.00
E0140,2026-09-14,40.00,0.00
E0141,2026-09-14,40.00,2.00
E0142,2026-09-14,40.00,0.00
E0143,2026-09-14,24.00,0.00
E0144,2026-09-14,40.00,0.00
E0145,2026-09-14,40.00,0.00
E0146,2026-09-14,40.00,0.00
E0147,2026-09-14,40.00,3.25
E0148,2026-09-14,40.00,0.00
E0149,2026-09-14,40.00,0.00
E0150,2026-09-14,24.00,2.75
E0151,2026-09-14,40.00,3.50
E0152,2026-09-14,40.00,4.50
E0153,2026-09-14,40.00,0.00
E0154,2026-09-14,40.00,7.50
E0155,2026-09-14,40.00,0.00
E0156,2026-09-14,40.00,7.50
E0157,2026-09-14,40.00,0.00
E0159,2026-09-14,40.00,8.75
E0160,2026-09-14,40.00,0.00
E0161,2026-09-14,32.00,0.00
E0162,2026-09-14,32.00,0.00
E0163,2026-09-14,32.00,0.00
E0164,2026-09-14,40.00,7.00
E0167,2026-09-14,40.00,6.75
E0169,2026-09-14,24.00,0.00
E0170,2026-09-14,40.00,8.00
E0171,2026-09-14,40.00,9.00
E0172,2026-09-14,40.00,4.75
E0173,2026-09-14,40.00,3.50
E0175,2026-09-14,40.00,15.50
E0176,2026-09-14,32.00,0.00
E0177,2026-09-14,24.00,0.00
E0178,2026-09-14,40.00,0.00
E0179,2026-09-14,40.00,7.50
E0180,2026-09-14,40.00,0.00
E0181,2026-09-14,40.00,6.50
E0182,2026-09-14,16.00,0.00
E0186,2026-09-14,24.00,0.00
E0187,2026-09-14,40.00,0.00
E0188,2026-09-14,24.00,0.00
E0189,2026-09-14,40.00,1.25
E0191,2026-09-14,40.00,0.00
E0192,2026-09-14,40.00,3.75
E0193,2026-09-14,40.00,3.00
E0194,2026-09-14,40.00,8.75
E0196,2026-09-14,40.00,0.00
E0197,2026-09-14,40.00,0.00
E0198,2026-09-14,40.00,9.75
E0199,2026-09-14,40.00,0.00
E0200,2026-09-14,40.00,0.00
E0202,2026-09-14,40.00,0.00
E0203,2026-09-14,40.00,0.50
E0204,2026-09-14,24.00,0.00
E0205,2026-09-14,40.00,12.00
E0207,2026-09-14,40.00,2.25
E0209,2026-09-14,40.00,6.50
E0210,2026-09-14,40.00,7.75
E0211,2026-09-14,32.00,0.00
E0212,2026-09-14,40.00,3.50
E0214,2026-09-14,32.00,0.00
E0215,2026-09-14,40.00,0.00
E0216,2026-09-14,40.00,0.00
E0219,2026-09-14,24.00,3.75
E0221,2026-09-14,40.00,9.25
E0222,2026-09-14,40.00,7.25
E0223,2026-09-14,40.00,13.25
E0224,2026-09-14,40.00,0.00
E0225,2026-09-14,40.00,6.25
E0226,2026-09-14,24.00,8.50
E0227,2026-09-14,16.00,0.00
E0228,2026-09-14,40.00,0.00
E0230,2026-09-14,40.00,2.50
E0232,2026-09-14,24.00,0.00
E0233,2026-09-14,40.00,10.75
E0234,2026-09-14,40.00,0.00
E0249,2026-09-14,32.00,0.00
E0250,2026-09-14,40.00,0.00
E0251,2026-09-14,40.00,5.25
E0252,2026-09-14,40.00,0.00
E0253,2026-09-14,40.00,0.00
E0255,2026-09-14,40.00,0.00
E0256,2026-09-14,40.00,12.75
E0257,2026-09-14,40.00,0.00
E0259,2026-09-14,24.00,0.00
E0260,2026-09-14,32.00,0.00
E0261,2026-09-14,40.00,0.00
E0262,2026-09-14,40.00,0.00
E0263,2026-09-14,32.00,0.00
E0265,2026-09-14,40.00,0.00
E0266,2026-09-14,40.00,6.50
E0267,2026-09-14,40.00,0.00
E0268,2026-09-14,40.00,0.00
E0270,2026-09-14,40.00,0.00
E0272,2026-09-14,40.00,4.25
E0273,2026-09-14,40.00,7.25
E0274,2026-09-14,40.00,0.00
E0275,2026-09-14,32.00,0.00
E0276,2026-09-14,40.00,2.75
E0277,2026-09-14,40.00,0.00
E0278,2026-09-14,40.00,4.00
E0279,2026-09-14,40.00,0.00
E0280,2026-09-14,40.00,0.00
E0281,2026-09-14,40.00,3.25
E0282,2026-09-14,40.00,5.75
E0284,2026-09-14,40.00,0.00
E0285,2026-09-14,40.00,0.00
E0286,2026-09-14,40.00,0.00
E0287,2026-09-14,24.00,3.25
E0288,2026-09-14,40.00,6.50
E0289,2026-09-14,40.00,0.00
E0290,2026-09-14,40.00,0.00
E0291,2026-09-14,40.00,0.00
E0292,2026-09-14,16.00,0.00
E0293,2026-09-14,40.00,0.00
E0294,2026-09-14,40.00,0.00
E0295,2026-09-14,40.00,0.00
E0296,2026-09-14,32.00,0.00
E0297,2026-09-14,40.00,0.00
E0298,2026-09-14,40.00,0.00
E0299,2026-09-14,40.00,0.00
E0300,2026-09-14,32.00,0.00
E0302,2026-09-14,40.00,0.00
E0303,2026-09-14,40.00,0.00
E0304,2026-09-14,40.00,5.25
E0305,2026-09-14,40.00,0.00
E0306,2026-09-14,32.00,0.00
E0307,2026-09-14,40.00,0.00
E0308,2026-09-14,40.00,0.00
E0309,2026-09-14,32.00,0.00
E0310,2026-09-14,24.00,0.00
E0312,2026-09-14,40.00,7.25
E0315,2026-09-14,40.00,0.00
E0002,2026-09-21,40.00,0.00
E0003,2026-09-21,40.00,0.00
E0004,2026-09-21,40.00,0.00
E0006,2026-09-21,32.00,0.00
E0007,2026-09-21,40.00,0.00
E0008,2026-09-21,32.00,0.00
E0009,2026-09-21,40.00,0.00
E0010,2026-09-21,40.00,0.00
E0011,2026-09-21,40.00,0.00
E0013,2026-09-21,40.00,0.00
E0014,2026-09-21,40.00,0.00
E0015,2026-09-21,40.00,2.00
E0016,2026-09-21,40.00,0.00
E0017,2026-09-21,40.00,0.00
E0018,2026-09-21,40.00,0.00
E0019,2026-09-21,32.00,0.00
E0020,2026-09-21,40.00,0.00
E0021,2026-09-21,32.00,0.00
E0022,2026-09-21,40.00,0.00
E0023,2026-09-21,40.00,0.00
E0024,2026-09-21,40.00,0.00
E0025,2026-09-21,40.00,0.00
E0026,2026-09-21,24.00,0.00
E0027,2026-09-21,40.00,0.00
E0028,2026-09-21,40.00,0.00
E0029,2026-09-21,40.00,3.75
E0030,2026-09-21,40.00,0.00
E0031,2026-09-21,40.00,0.00
E0032,2026-09-21,40.00,0.00
E0034,2026-09-21,40.00,0.00
E0035,2026-09-21,40.00,0.00
E0036,2026-09-21,40.00,0.00
E0037,2026-09-21,40.00,0.00
E0038,2026-09-21,40.00,0.00
E0039,2026-09-21,40.00,0.00
E0041,2026-09-21,40.00,0.00
E0042,2026-09-21,40.00,0.00
E0043,2026-09-21,40.00,0.00
E0044,2026-09-21,40.00,0.00
E0045,2026-09-21,40.00,0.00
E0046,2026-09-21,40.00,0.00
E0047,2026-09-21,40.00,0.00
E0048,2026-09-21,40.00,0.00
E0049,2026-09-21,40.00,0.00
E0051,2026-09-21,40.00,0.00
E0052,2026-09-21,40.00,0.00
E0053,2026-09-21,40.00,0.00
E0054,2026-09-21,40.00,0.00
E0055,2026-09-21,40.00,0.00
E0056,2026-09-21,40.00,0.00
E0057,2026-09-21,24.00,0.00
E0058,2026-09-21,40.00,1.50
E0059,2026-09-21,40.00,0.00
E0060,2026-09-21,40.00,0.00
E0061,2026-09-21,40.00,1.75
E0063,2026-09-21,40.00,0.00
E0065,2026-09-21,40.00,0.00
E0066,2026-09-21,40.00,0.00
E0067,2026-09-21,40.00,0.00
E0068,2026-09-21,40.00,0.00
E0069,2026-09-21,40.00,0.00
E0071,2026-09-21,40.00,0.00
E0072,2026-09-21,40.00,0.00
E0074,2026-09-21,24.00,0.00
E0075,2026-09-21,24.00,0.00
E0076,2026-09-21,32.00,0.00
E0077,2026-09-21,40.00,0.00
E0078,2026-09-21,40.00,0.00
E0079,2026-09-21,32.00,0.00
E0081,2026-09-21,40.00,0.00
E0082,2026-09-21,40.00,0.00
E0083,2026-09-21,24.00,0.00
E0084,2026-09-21,40.00,0.00
E0085,2026-09-21,40.00,0.25
E0086,2026-09-21,40.00,1.00
E0087,2026-09-21,40.00,0.00
E0088,2026-09-21,40.00,0.00
E0091,2026-09-21,40.00,0.00
E0092,2026-09-21,40.00,0.00
E0093,2026-09-21,32.00,0.00
E0095,2026-09-21,40.00,0.00
E0096,2026-09-21,40.00,0.00
E0097,2026-09-21,40.00,0.00
E0098,2026-09-21,24.00,0.00
E0099,2026-09-21,40.00,0.00
E0100,2026-09-21,40.00,0.00
E0101,2026-09-21,24.00,0.00
E0104,2026-09-21,40.00,0.00
E0105,2026-09-21,40.00,0.00
E0106,2026-09-21,40.00,0.00
E0107,2026-09-21,40.00,5.25
E0108,2026-09-21,40.00,3.75
E0111,2026-09-21,40.00,0.00
E0112,2026-09-21,40.00,7.75
E0113,2026-09-21,40.00,3.25
E0114,2026-09-21,40.00,0.00
E0115,2026-09-21,24.00,3.00
E0116,2026-09-21,24.00,5.25
E0118,2026-09-21,16.00,0.00
E0119,2026-09-21,40.00,0.00
E0120,2026-09-21,40.00,6.00
E0122,2026-09-21,40.00,3.50
E0123,2026-09-21,40.00,0.00
E0124,2026-09-21,40.00,0.00
E0125,2026-09-21,40.00,4.50
E0126,2026-09-21,40.00,0.00
E0128,2026-09-21,40.00,7.75
E0129,2026-09-21,40.00,4.75
E0132,2026-09-21,40.00,5.00
E0134,2026-09-21,40.00,5.00
E0135,2026-09-21,40.00,4.75
E0136,2026-09-21,40.00,0.00
E0137,2026-09-21,40.00,0.00
E0138,2026-09-21,40.00,0.00
E0139,2026-09-21,40.00,0.00
E0140,2026-09-21,40.00,0.00
E0141,2026-09-21,40.00,2.00
E0142,2026-09-21,40.00,0.00
E0143,2026-09-21,40.00,2.75
E0144,2026-09-21,40.00,0.00
E0145,2026-09-21,40.00,0.00
E0146,2026-09-21,40.00,0.00
E0147,2026-09-21,40.00,4.50
E0148,2026-09-21,40.00,0.00
E0149,2026-09-21,40.00,0.00
E0150,2026-09-21,24.00,2.25
E0151,2026-09-21,40.00,8.75
E0152,2026-09-21,40.00,5.75
E0153,2026-09-21,40.00,0.00
E0154,2026-09-21,40.00,4.75
E0155,2026-09-21,40.00,0.00
E0156,2026-09-21,40.00,5.75
E0157,2026-09-21,40.00,0.00
E0159,2026-09-21,24.00,0.00
E0160,2026-09-21,40.00,0.00
E0161,2026-09-21,40.00,0.00
E0162,2026-09-21,24.00,0.00
E0163,2026-09-21,32.00,0.00
E0164,2026-09-21,40.00,5.75
E0167,2026-09-21,40.00,11.50
E0169,2026-09-21,40.00,3.25
E0170,2026-09-21,40.00,0.00
E0171,2026-09-21,40.00,2.25
E0172,2026-09-21,40.00,10.25
E0173,2026-09-21,40.00,9.75
E0175,2026-09-21,40.00,10.75
E0176,2026-09-21,40.00,4.25
E0177,2026-09-21,24.00,6.00
E0178,2026-09-21,40.00,0.00
E0179,2026-09-21,40.00,0.00
E0180,2026-09-21,32.00,0.00
E0181,2026-09-21,32.00,0.00
E0182,2026-09-21,24.00,0.00
E0186,2026-09-21,24.00,0.00
E0187,2026-09-21,40.00,0.75
E0188,2026-09-21,40.00,7.25
E0189,2026-09-21,40.00,0.00
E0191,2026-09-21,40.00,8.75
E0192,2026-09-21,40.00,9.50
E0193,2026-09-21,40.00,3.50
E0194,2026-09-21,40.00,4.50
E0196,2026-09-21,40.00,0.00
E0197,2026-09-21,40.00,12.25
E0198,2026-09-21,40.00,0.00
E0199,2026-09-21,40.00,0.00
E0200,2026-09-21,40.00,0.00
E0202,2026-09-21,40.00,0.00
E0203,2026-09-21,40.00,7.00
E0204,2026-09-21,24.00,9.00
E0205,2026-09-21,40.00,6.00
E0207,2026-09-21,40.00,3.50
E0209,2026-09-21,40.00,4.00
E0211,2026-09-21,24.00,0.00
E0212,2026-09-21,40.00,7.25
E0214,2026-09-21,40.00,0.00
E0215,2026-09-21,40.00,7.75
E0216,2026-09-21,40.00,0.00
E0219,2026-09-21,24.00,4.00
E0221,2026-09-21,40.00,0.00
E0222,2026-09-21,32.00,0.00
E0223,2026-09-21,40.00,10.50
E0224,2026-09-21,32.00,0.00
E0225,2026-09-21,40.00,6.75
E0226,2026-09-21,24.00,5.75
E0227,2026-09-21,24.00,8.25
E0228,2026-09-21,40.00,7.75
E0230,2026-09-21,40.00,4.75
E0232,2026-09-21,40.00,0.00
E0233,2026-09-21,40.00,0.00
E0234,2026-09-21,40.00,0.00
E0249,2026-09-21,32.00,0.00
E0250,2026-09-21,40.00,6.75
E0251,2026-09-21,40.00,5.00
E0252,2026-09-21,40.00,0.00
E0253,2026-09-21,40.00,0.00
E0255,2026-09-21,32.00,0.00
E0256,2026-09-21,24.00,0.00
E0257,2026-09-21,40.00,0.00
E0259,2026-09-21,40.00,0.00
E0260,2026-09-21,40.00,0.00
E0261,2026-09-21,40.00,0.00
E0262,2026-09-21,32.00,0.00
E0263,2026-09-21,40.00,0.00
E0265,2026-09-21,40.00,0.00
E0266,2026-09-21,40.00,0.00
E0267,2026-09-21,40.00,0.00
E0268,2026-09-21,40.00,0.00
E0270,2026-09-21,40.00,0.00
E0272,2026-09-21,40.00,0.00
E0273,2026-09-21,40.00,8.50
E0274,2026-09-21,32.00,0.00
E0275,2026-09-21,40.00,0.00
E0276,2026-09-21,40.00,2.00
E0277,2026-09-21,32.00,0.00
E0278,2026-09-21,40.00,4.50
E0279,2026-09-21,32.00,0.00
E0280,2026-09-21,40.00,0.00
E0281,2026-09-21,40.00,6.25
E0282,2026-09-21,40.00,3.50
E0284,2026-09-21,40.00,0.00
E0285,2026-09-21,40.00,0.00
E0286,2026-09-21,40.00,0.00
E0287,2026-09-21,24.00,0.00
E0288,2026-09-21,40.00,0.00
E0289,2026-09-21,40.00,0.00
E0290,2026-09-21,40.00,0.00
E0291,2026-09-21,40.00,5.75
E0292,2026-09-21,8.00,0.00
E0293,2026-09-21,40.00,0.00
E0294,2026-09-21,40.00,0.00
E0295,2026-09-21,40.00,0.00
E0296,2026-09-21,40.00,0.00
E0297,2026-09-21,40.00,0.00
E0298,2026-09-21,40.00,0.00
E0299,2026-09-21,40.00,0.00
E0300,2026-09-21,40.00,7.75
E0302,2026-09-21,40.00,0.00
E0303,2026-09-21,40.00,0.00
E0304,2026-09-21,40.00,0.00
E0305,2026-09-21,40.00,0.00
E0306,2026-09-21,40.00,0.00
E0307,2026-09-21,40.00,0.00
E0308,2026-09-21,40.00,2.50
E0309,2026-09-21,40.00,0.00
E0310,2026-09-21,40.00,0.00
E0311,2026-09-21,40.00,5.25
E0312,2026-09-21,40.00,10.75
E0314,2026-09-21,40.00,0.00
E0315,2026-09-21,40.00,0.00
E0316,2026-09-21,24.00,0.00
E0002,2026-09-28,40.00,0.00
E0003,2026-09-28,24.00,0.00
E0004,2026-09-28,40.00,0.00
E0006,2026-09-28,40.00,0.00
E0007,2026-09-28,40.00,0.00
E0008,2026-09-28,40.00,0.00
E0009,2026-09-28,40.00,0.00
E0010,2026-09-28,40.00,0.00
E0011,2026-09-28,40.00,0.00
E0013,2026-09-28,40.00,0.00
E0014,2026-09-28,32.00,0.00
E0015,2026-09-28,40.00,0.00
E0016,2026-09-28,40.00,0.00
E0017,2026-09-28,40.00,0.00
E0018,2026-09-28,40.00,0.00
E0019,2026-09-28,40.00,0.00
E0020,2026-09-28,24.00,0.00
E0021,2026-09-28,40.00,0.00
E0022,2026-09-28,40.00,0.00
E0023,2026-09-28,40.00,0.00
E0024,2026-09-28,40.00,0.00
E0025,2026-09-28,40.00,0.00
E0026,2026-09-28,40.00,0.00
E0027,2026-09-28,40.00,0.00
E0028,2026-09-28,40.00,0.00
E0029,2026-09-28,40.00,1.50
E0030,2026-09-28,40.00,0.00
E0031,2026-09-28,40.00,0.00
E0032,2026-09-28,40.00,0.00
E0034,2026-09-28,40.00,0.00
E0035,2026-09-28,40.00,0.00
E0036,2026-09-28,40.00,0.00
E0037,2026-09-28,40.00,0.00
E0038,2026-09-28,40.00,0.00
E0039,2026-09-28,32.00,0.00
E0041,2026-09-28,40.00,0.00
E0042,2026-09-28,40.00,0.00
E0043,2026-09-28,40.00,0.00
E0044,2026-09-28,24.00,0.00
E0045,2026-09-28,40.00,0.00
E0046,2026-09-28,40.00,0.00
E0047,2026-09-28,40.00,0.00
E0048,2026-09-28,40.00,0.00
E0049,2026-09-28,40.00,0.00
E0051,2026-09-28,40.00,0.00
E0052,2026-09-28,40.00,0.00
E0053,2026-09-28,40.00,0.00
E0054,2026-09-28,40.00,0.00
E0055,2026-09-28,40.00,0.00
E0056,2026-09-28,40.00,0.00
E0057,2026-09-28,32.00,0.00
E0058,2026-09-28,40.00,1.25
E0059,2026-09-28,40.00,0.00
E0060,2026-09-28,40.00,0.00
E0061,2026-09-28,40.00,0.00
E0063,2026-09-28,40.00,0.00
E0065,2026-09-28,40.00,0.00
E0066,2026-09-28,40.00,0.00
E0067,2026-09-28,40.00,0.00
E0068,2026-09-28,40.00,0.00
E0069,2026-09-28,40.00,0.00
E0071,2026-09-28,40.00,0.00
E0072,2026-09-28,40.00,0.00
E0074,2026-09-28,40.00,0.00
E0075,2026-09-28,40.00,0.00
E0076,2026-09-28,40.00,0.00
E0077,2026-09-28,40.00,0.00
E0078,2026-09-28,40.00,0.00
E0079,2026-09-28,40.00,0.00
E0081,2026-09-28,40.00,0.00
E0082,2026-09-28,24.00,0.00
E0083,2026-09-28,40.00,0.00
E0084,2026-09-28,40.00,0.00
E0085,2026-09-28,24.00,0.00
E0086,2026-09-28,32.00,0.00
E0087,2026-09-28,24.00,0.00
E0088,2026-09-28,40.00,0.00
E0091,2026-09-28,40.00,0.00
E0092,2026-09-28,40.00,0.00
E0093,2026-09-28,40.00,0.00
E0095,2026-09-28,40.00,0.00
E0096,2026-09-28,40.00,0.00
E0097,2026-09-28,40.00,0.00
E0098,2026-09-28,40.00,0.00
E0099,2026-09-28,40.00,0.00
E0100,2026-09-28,40.00,0.00
E0101,2026-09-28,40.00,0.00
E0104,2026-09-28,40.00,0.00
E0105,2026-09-28,32.00,0.00
E0106,2026-09-28,40.00,1.75
E0107,2026-09-28,32.00,0.00
E0108,2026-09-28,40.00,3.50
E0111,2026-09-28,40.00,5.50
E0112,2026-09-28,40.00,2.50
E0113,2026-09-28,40.00,6.50
E0114,2026-09-28,40.00,5.75
E0115,2026-09-28,24.00,1.25
E0116,2026-09-28,24.00,0.00
E0118,2026-09-28,16.00,0.00
E0119,2026-09-28,40.00,2.50
E0120,2026-09-28,32.00,0.00
E0122,2026-09-28,40.00,2.50
E0123,2026-09-28,40.00,0.00
E0124,2026-09-28,40.00,0.25
E0125,2026-09-28,40.00,2.00
E0126,2026-09-28,40.00,4.00
E0128,2026-09-28,40.00,0.00
E0129,2026-09-28,40.00,2.75
E0132,2026-09-28,40.00,0.00
E0134,2026-09-28,24.00,0.00
E0135,2026-09-28,40.00,0.00
E0136,2026-09-28,24.00,0.00
E0137,2026-09-28,40.00,0.00
E0138,2026-09-28,40.00,0.00
E0139,2026-09-28,40.00,0.00
E0140,2026-09-28,32.00,0.00
E0141,2026-09-28,40.00,0.00
E0142,2026-09-28,40.00,0.00
E0143,2026-09-28,40.00,2.75
E0144,2026-09-28,40.00,0.00
E0145,2026-09-28,40.00,0.00
E0146,2026-09-28,40.00,0.00
E0147,2026-09-28,32.00,0.00
E0148,2026-09-28,40.00,0.00
E0149,2026-09-28,40.00,0.00
E0150,2026-09-28,24.00,4.00
E0151,2026-09-28,40.00,0.00
E0152,2026-09-28,40.00,1.00
E0153,2026-09-28,24.00,0.00
E0154,2026-09-28,40.00,0.00
E0155,2026-09-28,40.00,0.00
E0156,2026-09-28,24.00,0.00
E0157,2026-09-28,40.00,0.00
E0159,2026-09-28,40.00,3.50
E0160,2026-09-28,40.00,0.00
E0161,2026-09-28,40.00,2.50
E0162,2026-09-28,32.00,0.00
E0163,2026-09-28,40.00,0.00
E0164,2026-09-28,40.00,8.00
E0167,2026-09-28,40.00,0.00
E0169,2026-09-28,40.00,6.25
E0170,2026-09-28,24.00,0.00
E0171,2026-09-28,40.00,0.50
E0172,2026-09-28,40.00,0.00
E0173,2026-09-28,40.00,0.00
E0175,2026-09-28,32.00,0.00
E0176,2026-09-28,40.00,0.00
E0177,2026-09-28,8.00,0.00
E0178,2026-09-28,40.00,0.00
E0179,2026-09-28,40.00,0.00
E0180,2026-09-28,40.00,0.00
E0181,2026-09-28,40.00,0.00
E0182,2026-09-28,16.00,0.00
E0187,2026-09-28,40.00,7.75
E0188,2026-09-28,40.00,3.50
E0189,2026-09-28,40.00,0.00
E0191,2026-09-28,40.00,5.25
E0192,2026-09-28,40.00,3.25
E0193,2026-09-28,40.00,10.00
E0194,2026-09-28,40.00,0.00
E0196,2026-09-28,24.00,0.00
E0197,2026-09-28,40.00,1.50
E0198,2026-09-28,40.00,8.50
E0199,2026-09-28,40.00,7.25
E0200,2026-09-28,40.00,0.00
E0202,2026-09-28,40.00,0.00
E0203,2026-09-28,40.00,13.50
E0204,2026-09-28,24.00,2.25
E0205,2026-09-28,40.00,7.50
E0207,2026-09-28,40.00,4.50
E0209,2026-09-28,40.00,8.00
E0211,2026-09-28,40.00,6.00
E0212,2026-09-28,40.00,12.00
E0214,2026-09-28,32.00,0.00
E0215,2026-09-28,40.00,0.00
E0216,2026-09-28,40.00,6.25
E0219,2026-09-28,24.00,8.00
E0221,2026-09-28,40.00,4.50
E0222,2026-09-28,40.00,4.25
E0223,2026-09-28,40.00,0.00
E0224,2026-09-28,40.00,9.25
E0225,2026-09-28,40.00,0.00
E0226,2026-09-28,24.00,0.00
E0227,2026-09-28,24.00,0.00
E0228,2026-09-28,40.00,5.75
E0230,2026-09-28,40.00,0.00
E0232,2026-09-28,40.00,0.00
E0233,2026-09-28,40.00,0.00
E0234,2026-09-28,40.00,6.50
E0249,2026-09-28,40.00,0.00
E0250,2026-09-28,40.00,5.50
E0251,2026-09-28,32.00,0.00
E0252,2026-09-28,32.00,0.00
E0253,2026-09-28,40.00,0.00
E0255,2026-09-28,32.00,0.00
E0256,2026-09-28,40.00,7.00
E0257,2026-09-28,40.00,8.50
E0259,2026-09-28,40.00,0.00
E0260,2026-09-28,40.00,0.00
E0261,2026-09-28,40.00,0.00
E0262,2026-09-28,40.00,1.75
E0263,2026-09-28,40.00,0.00
E0265,2026-09-28,40.00,0.00
E0266,2026-09-28,40.00,0.00
E0267,2026-09-28,40.00,0.00
E0268,2026-09-28,40.00,0.00
E0270,2026-09-28,40.00,13.00
E0272,2026-09-28,40.00,6.50
E0274,2026-09-28,40.00,0.00
E0275,2026-09-28,40.00,0.00
E0276,2026-09-28,32.00,0.00
E0277,2026-09-28,40.00,4.50
E0278,2026-09-28,40.00,7.00
E0279,2026-09-28,40.00,2.25
E0280,2026-09-28,40.00,0.00
E0281,2026-09-28,40.00,0.00
E0282,2026-09-28,40.00,0.00
E0284,2026-09-28,40.00,0.00
E0285,2026-09-28,40.00,0.00
E0286,2026-09-28,40.00,0.00
E0287,2026-09-28,24.00,5.00
E0288,2026-09-28,40.00,3.25
E0289,2026-09-28,40.00,0.00
E0290,2026-09-28,32.00,0.00
E0291,2026-09-28,40.00,0.00
E0292,2026-09-28,24.00,0.00
E0293,2026-09-28,40.00,3.75
E0294,2026-09-28,40.00,0.00
E0295,2026-09-28,24.00,0.00
E0296,2026-09-28,40.00,0.00
E0297,2026-09-28,24.00,0.00
E0298,2026-09-28,24.00,0.00
E0299,2026-09-28,40.00,0.00
E0300,2026-09-28,40.00,2.25
E0302,2026-09-28,32.00,0.00
E0303,2026-09-28,40.00,0.00
E0304,2026-09-28,40.00,8.25
E0305,2026-09-28,24.00,0.00
E0306,2026-09-28,24.00,0.00
E0307,2026-09-28,40.00,0.00
E0308,2026-09-28,24.00,0.00
E0309,2026-09-28,40.00,0.00
E0310,2026-09-28,40.00,0.00
E0311,2026-09-28,40.00,5.75
E0312,2026-09-28,40.00,0.00
E0313,2026-09-28,40.00,7.25
E0314,2026-09-28,24.00,0.00
E0315,2026-09-28,40.00,0.00
E0316,2026-09-28,40.00,0.00
E0317,2026-09-28,40.00,7.75
